PlotNo,Subplot,Month,Layer,Taxon,EuroMed,cover,height,Biomass,Seedling,Juvenile,FlowerBud,Flowering,Fruiting,PostFruiting,Vegetative,MowFreq,n_mow_events_befre_sampling
BC01,NW,March,H,Achillea millefolium,Achillea millefolium (aggr.),5,2.3333333333333335,11.666666666666668,0,0,0,0,0,0,1,regular,0
BC01,NW,March,H,Agrostis capillaris,Agrostis capillaris,25,3.6666666666666665,91.66666666666666,0,0,0,0,0,0,1,regular,0
BC01,NW,March,H,Bellis perennis,Bellis perennis,5,1,5,0,0,0,1,0,0,0,regular,0
BC01,NW,March,H,Crepis capillaris,Crepis capillaris,0.5,1.25,0.625,0,0,0,0,0,0,1,regular,0
BC01,NW,March,H,Festuca ovina,Festuca ovina,7,3.6666666666666665,25.666666666666664,0,0,0,0,0,0,1,regular,0
BC01,NW,March,H,Geranium molle,Geranium molle,0.3,1,0.3,0,0,0,0,0,0,1,regular,0
BC01,NW,March,H,Holcus lanatus,Holcus lanatus,3,6,18,0,0,0,0,0,0,1,regular,0
BC01,NW,March,H,Hypochaeris radicata,Hypochaeris radicata,0.5,1,0.5,0,0,0,0,0,0,1,regular,0
BC01,NW,March,H,Pilosella officinarum,Pilosella officinarum,0.2,1,0.2,0,0,0,0,0,0,1,regular,0
BC01,NW,March,H,Plantago lanceolata,Plantago lanceolata,5,2.0952380952380953,10.476190476190476,0,0,0,0,0,0,1,regular,0
BC01,NW,March,H,Poa compressa,Poa compressa,0.1,4,0.4,0,0,0,0,0,0,1,regular,0
BC01,NW,March,H,Rumex acetosa,Rumex acetosa,3,3.3333333333333335,10,0,0,0,0,0,0,1,regular,0
BC01,NW,March,H,Trifolium dubium,Trifolium dubium,0.5,1.5,0.75,0,0,0,0,0,0,1,regular,0
BC01,SE,March,H,Agrostis capillaris,Agrostis capillaris,15,3.6666666666666665,55,0,0,0,0,0,0,1,regular,0
BC01,SE,March,H,Bellis perennis,Bellis perennis,0.5,1,0.5,0,0,0,1,0,0,0,regular,0
BC01,SE,March,H,Cerastium holosteoides,Cerastium fontanum subsp. vulgare,0.01,2,0.02,0,0,0,0,0,0,1,regular,0
BC01,SE,March,H,Festuca rubra,Festuca rubra,15,5.333333333333333,80,0,0,0,0,0,0,1,regular,0
BC01,SE,March,H,Geranium molle,Geranium molle,0.1,1,0.1,0,0,0,0,0,0,1,regular,0
BC01,SE,March,H,Holcus lanatus,Holcus lanatus,2,6,12,0,0,0,0,0,0,1,regular,0
BC01,SE,March,H,Hypochaeris radicata,Hypochaeris radicata,1,1,1,0,0,0,0,0,0,1,regular,0
BC01,SE,March,H,Pilosella officinarum,Pilosella officinarum,7,1,7,0,0,0,0,0,0,1,regular,0
BC01,SE,March,H,Plantago lanceolata,Plantago lanceolata,1,2.0952380952380953,2.0952380952380953,0,0,0,0,0,0,1,regular,0
BC01,SE,March,H,Poa compressa,Poa compressa,0.5,4,2,0,0,0,0,0,0,1,regular,0
BC01,SE,March,H,Rumex acetosa,Rumex acetosa,5,3.3333333333333335,16.666666666666668,0,0,0,0,0,0,1,regular,0
BC01,SE,March,H,Trifolium dubium,Trifolium dubium,0.5,1.5,0.75,0,0,0,0,0,0,1,regular,0
BC01,SE,March,H,Trifolium pratensis,Trifolium pratense,1,2,2,0,0,0,0,0,0,1,regular,0
BC01,SE,March,H,Trifolium repens,Trifolium repens,10,2.3333333333333335,23.333333333333336,0,0,0,0,0,0,1,regular,0
BC01,NW,May,H,Achillea millefolium,Achillea millefolium (aggr.),15,6.333333333333333,95,0,0,0,0,0,0,1,regular,0
BC01,NW,May,H,Agrostis capillaris,Agrostis capillaris,20,9,180,0,0,0,1,0,0,0,regular,0
BC01,NW,May,H,Bellis perennis,Bellis perennis,3,8.666666666666666,26,0,0,0,1,0,0,0,regular,0
BC01,NW,May,H,Bromus mollis,Bromus hordeaceus,3,12,36,0,0,0,0,1,0,0,regular,0
BC01,NW,May,H,Carex hirta,Carex hirta,3,7,21,0,0,0,1,0,0,0,regular,0
BC01,NW,May,H,Crepis capillaris,Crepis capillaris,1,9,9,0,0,0,0,0,0,1,regular,0
BC01,NW,May,H,Festuca ovina,Festuca ovina,10,26,260,0,0,0,0,1,0,0,regular,0
BC01,NW,May,H,Geranium molle,Geranium molle,2,5.666666666666667,11.333333333333334,0,0,0,1,0,0,0,regular,0
BC01,NW,May,H,Holcus lanatus,Holcus lanatus,7,16,112,0,0,0,1,0,0,0,regular,0
BC01,NW,May,H,Hypochaeris radicata,Hypochaeris radicata,5,3.6666666666666665,18.333333333333332,0,0,0,1,0,0,0,regular,0
BC01,NW,May,H,Plantago lanceolata,Plantago lanceolata,8,9.333333333333334,74.66666666666667,0,0,0,1,0,0,0,regular,0
BC01,NW,May,H,Poa compressa,Poa compressa,1,12,12,0,0,0,1,1,0,0,regular,0
BC01,NW,May,H,Rumex acetosa,Rumex acetosa,10,11.333333333333334,113.33333333333334,0,0,0,0,0,0,1,regular,0
BC01,NW,May,H,Trifolium dubium,Trifolium dubium,5,5,25,0,0,0,1,0,0,0,regular,0
BC01,NW,May,H,Veronica arvensis,Veronica arvensis,0.001,3,0.003,0,0,0,0,1,0,0,regular,0
BC01,NW,May,H,Vicia lathyroides,Vicia lathyroides,1,9.333333333333334,9.333333333333334,0,0,0,0,1,0,0,regular,0
BC01,SE,May,H,Agrostis capillaris,Agrostis capillaris,17,9,153,0,0,0,1,0,0,0,regular,0
BC01,SE,May,H,Bellis perennis,Bellis perennis,3,8.666666666666666,26,0,0,0,1,0,0,0,regular,0
BC01,SE,May,H,Bromus mollis,Bromus hordeaceus,2,12,24,0,0,0,0,1,0,0,regular,0
BC01,SE,May,H,Carex hirta,Carex hirta,1,7,7,0,0,0,1,0,0,0,regular,0
BC01,SE,May,H,Cerastium holosteoides,Cerastium fontanum subsp. vulgare,0.5,2,1,0,0,0,0,0,0,1,regular,0
BC01,SE,May,H,Crepis capillaris,Crepis capillaris,1,9,9,0,0,0,0,0,0,1,regular,0
BC01,SE,May,H,Festuca rubra,Festuca rubra,20,20.666666666666668,413.33333333333337,0,0,0,0,1,0,0,regular,0
BC01,SE,May,H,Geranium molle,Geranium molle,1,5.666666666666667,5.666666666666667,0,0,0,1,0,0,0,regular,0
BC01,SE,May,H,Holcus lanatus,Holcus lanatus,10,16,160,0,0,0,1,0,0,0,regular,0
BC01,SE,May,H,Hypochaeris radicata,Hypochaeris radicata,1,3.6666666666666665,3.6666666666666665,0,0,0,1,0,0,0,regular,0
BC01,SE,May,H,Pilosella officinarum,Pilosella officinarum,10,3.6666666666666665,36.666666666666664,0,0,0,1,0,0,0,regular,0
BC01,SE,May,H,Plantago lanceolata,Plantago lanceolata,1,9.333333333333334,9.333333333333334,0,0,0,1,0,0,0,regular,0
BC01,SE,May,H,Poa compressa,Poa compressa,2,12,24,0,0,0,1,1,0,0,regular,0
BC01,SE,May,H,Rumex acetosa,Rumex acetosa,15,11.333333333333334,170,0,0,0,0,0,0,1,regular,0
BC01,SE,May,H,Trifolium dubium,Trifolium dubium,3,5,15,0,0,0,1,0,0,0,regular,0
BC01,SE,May,H,Trifolium pratensis,Trifolium pratense,5,5.333333333333333,26.666666666666664,0,0,0,1,0,0,0,regular,0
BC01,SE,May,H,Trifolium repens,Trifolium repens,20,1,20,0,0,0,0,0,0,1,regular,0
BC01,NW,July,H,Achillea millefolium,Achillea millefolium (aggr.),15,20,300,0,0,0,1,1,0,0,regular,0
BC01,NW,July,H,Agrostis capillaris,Agrostis capillaris,30,16.333333333333332,489.99999999999994,0,0,0,1,1,0,0,regular,0
BC01,NW,July,H,Bellis perennis,Bellis perennis,0.5,3,1.5,0,0,0,0,0,0,1,regular,0
BC01,NW,July,H,Carex hirta,Carex hirta,0.5,8,4,0,0,0,0,0,0,1,regular,0
BC01,NW,July,H,Crepis capillaris,Crepis capillaris,0.5,26,13,0,0,0,1,1,0,0,regular,0
BC01,NW,July,H,Festuca ovina,Festuca ovina,3,11.333333333333334,34,0,0,0,0,1,0,0,regular,0
BC01,NW,July,H,Geranium molle,Geranium molle,0.3,1,0.3,1,0,0,0,0,0,0,regular,0
BC01,NW,July,H,Holcus lanatus,Holcus lanatus,2,12.666666666666666,25.333333333333332,0,0,0,0,1,0,0,regular,0
BC01,NW,July,H,Hypochaeris radicata,Hypochaeris radicata,2,15,30,0,0,0,1,1,0,0,regular,0
BC01,NW,July,H,Plantago lanceolata,Plantago lanceolata,7,16.333333333333332,114.33333333333333,0,0,0,1,1,0,0,regular,0
BC01,NW,July,H,Poa compressa,Poa compressa,0.1,12,1.2000000000000002,0,0,0,0,0,0,1,regular,0
BC01,NW,July,Seedling,Robinia pseudoacacia,Robinia pseudoacacia,5,20.333333333333332,101.66666666666666,1,0,0,0,0,0,0,regular,0
BC01,NW,July,H,Rumex acetosa,Rumex acetosa,0.1,20.333333333333332,2.033333333333333,0,0,0,1,1,0,0,regular,0
BC01,NW,July,H,Vicia lathyroides,Vicia lathyroides,0.01,2.6666666666666665,0.026666666666666665,1,0,0,0,0,0,0,regular,0
BC01,SE,July,H,Agrostis capillaris,Agrostis capillaris,30,16.333333333333332,489.99999999999994,0,0,0,1,1,0,0,regular,0
BC01,SE,July,H,Carex hirta,Carex hirta,1,8,8,0,0,0,0,0,0,1,regular,0
BC01,SE,July,H,Festuca rubra,Festuca rubra,15,8.75,131.25,0,0,0,0,0,0,1,regular,0
BC01,SE,July,H,Geranium molle,Geranium molle,0.5,1,0.5,1,0,0,0,0,0,0,regular,0
BC01,SE,July,H,Holcus lanatus,Holcus lanatus,5,12.666666666666666,63.33333333333333,0,0,0,0,1,0,0,regular,0
BC01,SE,July,H,Hypochaeris radicata,Hypochaeris radicata,2,15,30,0,0,0,1,1,0,0,regular,0
BC01,SE,July,H,Pilosella officinarum,Pilosella officinarum,15,6.333333333333333,95,0,0,0,0,0,0,1,regular,0
BC01,SE,July,H,Plantago lanceolata,Plantago lanceolata,1,16.333333333333332,16.333333333333332,0,0,0,1,1,0,0,regular,0
BC01,SE,July,H,Poa compressa,Poa compressa,2,12,24,0,0,0,0,0,0,1,regular,0
BC01,SE,July,H,Rumex acetosa,Rumex acetosa,25,20.333333333333332,508.3333333333333,0,0,0,1,1,0,0,regular,0
BC01,SE,July,H,Trifolium pratensis,Trifolium pratense,8,12.666666666666666,101.33333333333333,0,0,0,1,1,0,0,regular,0
BC01,SE,July,H,Trifolium repens,Trifolium repens,4,5.666666666666667,22.666666666666668,0,0,0,0,0,0,1,regular,0
BC01,NW,September,H,Achillea millefolium,Achillea millefolium (aggr.),17,7.666666666666667,130.33333333333334,0,0,0,0,0,0,1,regular,2
BC01,NW,September,H,Agrostis capillaris,Agrostis capillaris,30,10.333333333333334,310,0,0,0,0,0,0,1,regular,2
BC01,NW,September,H,Arenaria serpyllifolia,Arenaria serpyllifolia,0.01,1,0.01,1,0,0,0,0,0,0,regular,2
BC01,NW,September,H,Bellis perennis,Bellis perennis,2,5.333333333333333,10.666666666666666,0,0,0,1,0,0,0,regular,2
BC01,NW,September,H,Bromus mollis,Bromus hordeaceus,0.5,6,3,1,0,0,0,0,0,0,regular,2
BC01,NW,September,H,Carex hirta,Carex hirta,2,9.333333333333334,18.666666666666668,0,0,0,0,0,0,1,regular,2
BC01,NW,September,H,Crepis capillaris,Crepis capillaris,0.5,5.666666666666667,2.8333333333333335,0,0,0,0,1,0,0,regular,2
BC01,NW,September,H,Festuca ovina,Festuca ovina,5,8.333333333333334,41.66666666666667,0,0,0,0,0,0,1,regular,2
BC01,NW,September,H,Geranium molle,Geranium molle,5,4.333333333333333,21.666666666666664,0,0,0,0,0,0,1,regular,2
BC01,NW,September,H,Holcus lanatus,Holcus lanatus,3,15.333333333333332,46,0,0,0,0,0,0,1,regular,2
BC01,NW,September,H,Hypochaeris radicata,Hypochaeris radicata,2,7.25,14.5,0,0,0,0,0,0,1,regular,2
BC01,NW,September,H,Plantago lanceolata,Plantago lanceolata,10,8.666666666666666,86.66666666666666,0,0,0,0,1,0,0,regular,2
BC01,NW,September,H,Poa compressa,Poa compressa,0.1,10.166666666666668,1.0166666666666668,0,0,0,0,0,0,1,regular,2
BC01,NW,September,H,Rumex acetosa,Rumex acetosa,6,8,48,0,0,0,1,1,0,0,regular,2
BC01,NW,September,H,Trifolium dubium,Trifolium dubium,5,1.6666666666666667,8.333333333333334,0,0,0,0,0,0,1,regular,2
BC01,NW,September,H,Vicia lathyroides,Vicia lathyroides,1,4.666666666666667,4.666666666666667,0,0,0,0,0,0,1,regular,2
BC01,SE,September,H,Agrostis capillaris,Agrostis capillaris,25,10.333333333333334,258.33333333333337,0,0,0,0,0,0,1,regular,2
BC01,SE,September,H,Bellis perennis,Bellis perennis,3,5.333333333333333,16,0,0,0,1,0,0,0,regular,2
BC01,SE,September,H,Carex hirta,Carex hirta,3,9.333333333333334,28,0,0,0,0,0,0,1,regular,2
BC01,SE,September,H,Crepis capillaris,Crepis capillaris,0.1,5.666666666666667,0.5666666666666668,0,0,0,0,1,0,0,regular,2
BC01,SE,September,H,Festuca rubra,Festuca rubra,30,11,330,0,0,0,0,0,0,1,regular,2
BC01,SE,September,H,Geranium molle,Geranium molle,5,4.333333333333333,21.666666666666664,0,0,0,0,0,0,1,regular,2
BC01,SE,September,H,Holcus lanatus,Holcus lanatus,8,15.333333333333332,122.66666666666666,0,0,0,0,0,0,1,regular,2
BC01,SE,September,H,Hypochaeris radicata,Hypochaeris radicata,4,7.25,29,0,0,0,0,0,0,1,regular,2
BC01,SE,September,H,Pilosella officinarum,Pilosella officinarum,9,7,63,0,0,0,1,1,0,0,regular,2
BC01,SE,September,H,Plantago lanceolata,Plantago lanceolata,3,8.666666666666666,26,0,0,0,0,1,0,0,regular,2
BC01,SE,September,H,Poa compressa,Poa compressa,5,10.166666666666668,50.83333333333334,0,0,0,0,0,0,1,regular,2
BC01,SE,September,H,Rumex acetosa,Rumex acetosa,12,8,96,0,0,0,1,1,0,0,regular,2
BC01,SE,September,H,Stellaria media,Stellaria media,0.5,1.6666666666666667,0.8333333333333334,1,0,0,0,0,0,0,regular,2
BC01,SE,September,H,Trifolium dubium,Trifolium dubium,1,1.6666666666666667,1.6666666666666667,0,0,0,0,0,0,1,regular,2
BC01,SE,September,H,Trifolium pratensis,Trifolium pratense,3,10,30,0,0,0,1,1,0,0,regular,2
BC01,SE,September,H,Trifolium repens,Trifolium repens,7,7,49,0,0,0,1,1,0,0,regular,2
BC01,SE,September,H,Vicia lathyroides,Vicia lathyroides,0.1,4.666666666666667,0.46666666666666673,0,0,0,0,0,0,1,regular,2
BC02,NW,March,H,Achillea millefolium,Achillea millefolium (aggr.),2,2.3333333333333335,4.666666666666667,0,0,0,1,0,0,0,reduced,0
BC02,NW,March,H,Artemisia absinthium,Artemisia absinthium,0.01,3.6666666666666665,0.03666666666666667,0,0,0,0,0,0,1,reduced,0
BC02,NW,March,H,Berteroa incana,Berteroa incana,0.7,3,2.0999999999999996,0,0,0,0,0,0,1,reduced,0
BC02,NW,March,H,Cardamine hirsuta,Cardamine hirsuta,0.5,4,2,0,0,0,1,0,0,0,reduced,0
BC02,NW,March,H,Carex hirta,Carex hirta,0.2,4.333333333333333,0.8666666666666667,0,0,0,0,0,0,1,reduced,0
BC02,NW,March,H,Cerastium semidecandrum,Cerastium semidecandrum,1,1,1,0,0,0,1,0,0,0,reduced,0
BC02,NW,March,H,Daucus carota,Daucus carota,0.2,3.6666666666666665,0.7333333333333334,0,0,0,0,0,0,1,reduced,0
BC02,NW,March,H,Echium vulgare,Echium vulgare,0.01,2,0.02,0,0,0,0,0,0,1,reduced,0
BC02,NW,March,H,Erodium cicutarium,Erodium cicutarium,0.3,1,0.3,0,0,0,0,0,0,1,reduced,0
BC02,NW,March,H,Festuca rubra,Festuca rubra,3,10.666666666666666,32,0,0,0,0,0,0,1,reduced,0
BC02,NW,March,H,Geranium molle,Geranium molle,10,2.3333333333333335,23.333333333333336,0,0,0,0,0,0,1,reduced,0
BC02,NW,March,H,Medicago sativa,Medicago sativa,1,6.166666666666666,6.166666666666666,0,0,0,0,0,0,1,reduced,0
BC02,NW,March,H,Plantago lanceolata,Plantago lanceolata,0.2,3,0.6000000000000001,0,0,0,0,0,0,1,reduced,0
BC02,NW,March,H,Poa pratensis,Poa pratensis,5,5.933333333333334,29.666666666666668,0,0,0,0,0,0,1,reduced,0
BC02,NW,March,H,Potentilla argentea,Potentilla argentea,0.001,2,0.002,0,0,0,0,0,0,1,reduced,0
BC02,NW,March,H,Rumex acetosa,Rumex acetosa,0.2,4,0.8,0,0,0,0,0,0,1,reduced,0
BC02,NW,March,H,Sedum acre,Sedum acre,5,2.6666666666666665,13.333333333333332,0,0,0,0,0,0,1,reduced,0
BC02,NW,March,H,Senecio vulgaris,Senecio vulgaris,0.1,3,0.30000000000000004,0,0,0,0,0,0,1,reduced,0
BC02,NW,March,H,Solidago canadensis,Solidago canadensis,2,3.3333333333333335,6.666666666666667,0,0,0,0,0,0,1,reduced,0
BC02,NW,March,H,Stellaria media,Stellaria media,0.5,4.277777777777778,2.138888888888889,0,0,0,1,0,0,0,reduced,0
BC02,NW,March,H,Tanacetum vulgare,Tanacetum vulgare,1,6,6,0,0,0,0,0,0,1,reduced,0
BC02,NW,March,H,Veronica arvensis,Veronica arvensis,1,1,1,1,0,0,0,0,0,0,reduced,0
BC02,NW,March,H,Vicia sativa,Vicia sativa,20,7.666666666666667,153.33333333333334,0,0,0,0,0,0,1,reduced,0
BC02,SE,March,H,Achillea millefolium,Achillea millefolium (aggr.),2,2.3333333333333335,4.666666666666667,0,0,0,1,0,0,0,reduced,0
BC02,SE,March,H,Arenaria serpyllifolia,Arenaria serpyllifolia,0.5,1,0.5,0,0,0,0,0,0,1,reduced,0
BC02,SE,March,H,Artemisia absinthium,Artemisia absinthium,0.1,3.6666666666666665,0.3666666666666667,0,0,0,0,0,0,1,reduced,0
BC02,SE,March,H,Bellis perennis,Bellis perennis,0.1,1,0.1,0,0,0,0,0,0,1,reduced,0
BC02,SE,March,H,Berteroa incana,Berteroa incana,0.1,3,0.30000000000000004,0,0,0,0,0,0,1,reduced,0
BC02,SE,March,H,Bromus sterilis,Anisantha sterilis,0.01,6,0.06,0,0,0,0,0,0,1,reduced,0
BC02,SE,March,H,Cardamine hirsuta,Cardamine hirsuta,0.01,4,0.04,0,0,0,1,0,0,0,reduced,0
BC02,SE,March,H,Cerastium semidecandrum,Cerastium semidecandrum,0.1,1,0.1,0,0,0,1,0,0,0,reduced,0
BC02,SE,March,H,Crepis capillaris,Crepis capillaris,0.01,2,0.02,0,0,0,0,0,0,1,reduced,0
BC02,SE,March,H,Daucus carota,Daucus carota,0.1,3.6666666666666665,0.3666666666666667,0,0,0,0,0,0,1,reduced,0
BC02,SE,March,H,Erodium cicutarium,Erodium cicutarium,0.5,1,0.5,0,0,0,0,0,0,1,reduced,0
BC02,SE,March,H,Festuca rubra,Festuca rubra,2,10.666666666666666,21.333333333333332,0,0,0,0,0,0,1,reduced,0
BC02,SE,March,H,Geranium molle,Geranium molle,3,2.3333333333333335,7,0,0,0,0,0,0,1,reduced,0
BC02,SE,March,H,Plantago lanceolata,Plantago lanceolata,3,3,9,0,0,0,0,0,0,1,reduced,0
BC02,SE,March,H,Poa pratensis,Poa pratensis,0.2,5.933333333333334,1.1866666666666668,0,0,0,0,0,0,1,reduced,0
BC02,SE,March,H,Potentilla argentea,Potentilla argentea,0.1,2,0.2,0,0,0,0,0,0,1,reduced,0
BC02,SE,March,H,Rumex acetosa,Rumex acetosa,10,4,40,0,0,0,0,0,0,1,reduced,0
BC02,SE,March,H,Sedum acre,Sedum acre,7,2.6666666666666665,18.666666666666664,0,0,0,0,0,0,1,reduced,0
BC02,SE,March,H,Taraxacum,Taraxacum,0.01,2.9333333333333336,0.029333333333333336,0,0,0,0,0,0,1,reduced,0
BC02,SE,March,H,Veronica arvensis,Veronica arvensis,1,1,1,1,0,0,0,0,0,0,reduced,0
BC02,SE,March,H,Vicia sativa,Vicia sativa,30,7.666666666666667,230,0,0,0,0,0,0,1,reduced,0
BC02,NW,May,H,Achillea millefolium,Achillea millefolium (aggr.),5,5.416666666666667,27.083333333333336,0,0,0,0,0,0,1,reduced,0
BC02,NW,May,H,Artemisia absinthium,Artemisia absinthium,2,9.333333333333334,18.666666666666668,0,0,0,0,0,0,1,reduced,0
BC02,NW,May,H,Berteroa incana,Berteroa incana,3,13.333333333333334,40,0,0,0,0,0,0,1,reduced,0
BC02,NW,May,H,Carex hirta,Carex hirta,1,10.333333333333334,10.333333333333334,0,0,0,0,0,0,1,reduced,0
BC02,NW,May,H,Cerastium semidecandrum,Cerastium semidecandrum,1,8,8,0,0,0,0,1,0,0,reduced,0
BC02,NW,May,H,Daucus carota,Daucus carota,0.5,6,3,0,0,0,0,0,0,1,reduced,0
BC02,NW,May,H,Erodium cicutarium,Erodium cicutarium,1,11,11,0,0,0,0,1,0,0,reduced,0
BC02,NW,May,H,Festuca rubra,Festuca rubra,3,19.666666666666668,59,0,0,0,0,1,0,0,reduced,0
BC02,NW,May,H,Geranium molle,Geranium molle,5,6.333333333333333,31.666666666666664,0,0,0,1,0,0,0,reduced,0
BC02,NW,May,H,Geum urbanum,Geum urbanum,0.1,3,0.30000000000000004,0,0,0,0,0,0,1,reduced,0
BC02,NW,May,H,Medicago sativa,Medicago sativa,8,20.666666666666668,165.33333333333334,0,0,0,0,0,0,1,reduced,0
BC02,NW,May,H,Plantago lanceolata,Plantago lanceolata,1,12,12,0,0,0,1,0,0,0,reduced,0
BC02,NW,May,H,Poa pratensis,Poa pratensis,1,19.666666666666668,19.666666666666668,0,0,0,0,0,0,1,reduced,0
BC02,NW,May,H,Rumex acetosa,Rumex acetosa,2,12,24,0,0,0,0,0,0,1,reduced,0
BC02,NW,May,H,Sedum acre,Sedum acre,5,5.666666666666667,28.333333333333336,0,0,0,0,0,0,1,reduced,0
BC02,NW,May,H,Solidago canadensis,Solidago canadensis,20,45.666666666666664,913.3333333333333,0,0,0,0,0,0,1,reduced,0
BC02,NW,May,H,Tanacetum vulgare,Tanacetum vulgare,5,20,100,0,0,0,0,0,0,1,reduced,0
BC02,NW,May,H,Veronica arvensis,Veronica arvensis,10,7.333333333333333,73.33333333333333,0,0,0,0,1,0,0,reduced,0
BC02,NW,May,H,Vicia sativa,Vicia sativa,20,16.666666666666668,333.33333333333337,0,0,0,0,1,0,0,reduced,0
BC02,SE,May,H,Achillea millefolium,Achillea millefolium (aggr.),2,5.416666666666667,10.833333333333334,0,0,0,0,0,0,1,reduced,0
BC02,SE,May,H,Arenaria serpyllifolia,Arenaria serpyllifolia,5,4.041666666666667,20.208333333333336,0,0,0,0,1,0,0,reduced,0
BC02,SE,May,H,Artemisia absinthium,Artemisia absinthium,1,9.333333333333334,9.333333333333334,0,0,0,0,0,0,1,reduced,0
BC02,SE,May,H,Berteroa incana,Berteroa incana,3,13.333333333333334,40,0,0,0,0,0,0,1,reduced,0
BC02,SE,May,H,Cerastium semidecandrum,Cerastium semidecandrum,1,8,8,0,0,0,0,1,0,0,reduced,0
BC02,SE,May,H,Crepis capillaris,Crepis capillaris,1,7.666666666666667,7.666666666666667,0,0,0,0,0,0,1,reduced,0
BC02,SE,May,H,Daucus carota,Daucus carota,2,6,12,0,0,0,0,0,0,1,reduced,0
BC02,SE,May,H,Echium vulgare,Echium vulgare,8,11.666666666666666,93.33333333333333,0,0,0,0,0,0,1,reduced,0
BC02,SE,May,H,Erodium cicutarium,Erodium cicutarium,1,11,11,0,0,0,0,1,0,0,reduced,0
BC02,SE,May,H,Festuca rubra,Festuca rubra,5,19.666666666666668,98.33333333333334,0,0,0,0,1,0,0,reduced,0
BC02,SE,May,H,Geranium molle,Geranium molle,10,6.333333333333333,63.33333333333333,0,0,0,1,0,0,0,reduced,0
BC02,SE,May,H,Medicago lupulina,Medicago lupulina,1,6,6,0,0,0,0,0,0,1,reduced,0
BC02,SE,May,H,Plantago lanceolata,Plantago lanceolata,7,12,84,0,0,0,1,0,0,0,reduced,0
BC02,SE,May,H,Poa pratensis,Poa pratensis,0.5,19.666666666666668,9.833333333333334,0,0,0,0,0,0,1,reduced,0
BC02,SE,May,H,Potentilla argentea,Potentilla argentea,2,17.333333333333332,34.666666666666664,0,0,0,0,0,0,1,reduced,0
BC02,SE,May,H,Rumex acetosa,Rumex acetosa,15,12,180,0,0,0,0,0,0,1,reduced,0
BC02,SE,May,H,Sedum acre,Sedum acre,15,5.666666666666667,85,0,0,0,0,0,0,1,reduced,0
BC02,SE,May,H,Taraxacum,Taraxacum,2,2,4,0,0,0,0,0,0,1,reduced,0
BC02,SE,May,H,Veronica arvensis,Veronica arvensis,1,7.333333333333333,7.333333333333333,0,0,0,0,1,0,0,reduced,0
BC02,SE,May,H,Vicia sativa,Vicia sativa,30,16.666666666666668,500.00000000000006,0,0,0,0,1,0,0,reduced,0
BC02,NW,July,H,Achillea millefolium,Achillea millefolium (aggr.),2,14.333333333333334,28.666666666666668,0,0,0,1,0,0,0,reduced,0
BC02,NW,July,H,Berteroa incana,Berteroa incana,10,46.833333333333336,468.33333333333337,0,0,0,1,1,0,0,reduced,0
BC02,NW,July,H,Carex hirta,Carex hirta,0.5,8,4,0,0,0,0,0,0,1,reduced,0
BC02,NW,July,H,Daucus carota,Daucus carota,0.1,14.666666666666666,1.4666666666666668,0,0,0,0,0,0,1,reduced,0
BC02,NW,July,H,Echium vulgare,Echium vulgare,3,28.666666666666668,86,0,0,0,1,1,0,0,reduced,0
BC02,NW,July,H,Erodium cicutarium,Erodium cicutarium,1,10,10,0,0,0,1,0,0,0,reduced,0
BC02,NW,July,H,Festuca rubra,Festuca rubra,1,12,12,0,0,0,0,1,0,0,reduced,0
BC02,NW,July,H,Geranium molle,Geranium molle,1,1.3333333333333333,1.3333333333333333,1,0,0,0,0,0,0,reduced,0
BC02,NW,July,H,Geum urbanum,Geum urbanum,0.01,3,0.03,0,0,0,0,0,0,1,reduced,0
BC02,NW,July,H,Medicago sativa,Medicago sativa,15,20.333333333333332,305,0,0,0,1,1,0,0,reduced,0
BC02,NW,July,H,Plantago lanceolata,Plantago lanceolata,1,19.666666666666668,19.666666666666668,0,0,0,1,1,0,0,reduced,0
BC02,NW,July,H,Poa pratensis,Poa pratensis,2,12.333333333333334,24.666666666666668,0,0,0,0,0,0,1,reduced,0
BC02,NW,July,H,Rumex acetosa,Rumex acetosa,0.5,11.5,5.75,0,0,0,1,1,0,0,reduced,0
BC02,NW,July,H,Sedum acre,Sedum acre,3,2.6666666666666665,8,0,0,0,0,0,0,1,reduced,0
BC02,NW,July,H,Solidago canadensis,Solidago canadensis,40,87.33333333333333,3493.333333333333,0,0,1,0,0,0,0,reduced,0
BC02,NW,July,H,Tanacetum vulgare,Tanacetum vulgare,3,43,129,0,0,0,1,0,0,0,reduced,0
BC02,NW,July,H,Vicia sativa,Vicia sativa,0.5,7.666666666666667,3.8333333333333335,1,0,0,0,0,0,0,reduced,0
BC02,SE,July,H,Achillea millefolium,Achillea millefolium (aggr.),8,14.333333333333334,114.66666666666667,0,0,0,1,0,0,0,reduced,0
BC02,SE,July,H,Arenaria serpyllifolia,Arenaria serpyllifolia,1,6.666666666666667,6.666666666666667,0,0,0,1,1,0,0,reduced,0
BC02,SE,July,H,Artemisia absinthium,Artemisia absinthium,6,44.333333333333336,266,0,0,1,0,0,0,0,reduced,0
BC02,SE,July,H,Berteroa incana,Berteroa incana,20,46.833333333333336,936.6666666666667,0,0,0,1,1,0,0,reduced,0
BC02,SE,July,H,Crepis capillaris,Crepis capillaris,2,22.6,45.2,0,0,0,1,1,0,0,reduced,0
BC02,SE,July,H,Daucus carota,Daucus carota,0,14.666666666666666,0,0,0,0,0,0,0,1,reduced,0
BC02,SE,July,H,Echium vulgare,Echium vulgare,10,28.666666666666668,286.6666666666667,0,0,0,1,1,0,0,reduced,0
BC02,SE,July,H,Erodium cicutarium,Erodium cicutarium,6,10,60,0,0,0,1,0,0,0,reduced,0
BC02,SE,July,H,Festuca rubra,Festuca rubra,3,12,36,0,0,0,0,1,0,0,reduced,0
BC02,SE,July,H,Geranium molle,Geranium molle,0.5,1.3333333333333333,0.6666666666666666,1,0,0,0,0,0,0,reduced,0
BC02,SE,July,H,Medicago lupulina,Medicago lupulina,4,18,72,0,0,0,1,1,0,0,reduced,0
BC02,SE,July,H,Plantago lanceolata,Plantago lanceolata,3,19.666666666666668,59,0,0,0,1,1,0,0,reduced,0
BC02,SE,July,H,Poa pratensis,Poa pratensis,1,12.333333333333334,12.333333333333334,0,0,0,0,0,0,1,reduced,0
BC02,SE,July,H,Rumex acetosa,Rumex acetosa,30,11.5,345,0,0,0,1,1,0,0,reduced,0
BC02,SE,July,H,Sedum acre,Sedum acre,13,2.6666666666666665,34.666666666666664,0,0,0,0,0,0,1,reduced,0
BC02,SE,July,H,Vicia sativa,Vicia sativa,0.3,7.666666666666667,2.3,1,0,0,0,0,0,0,reduced,0
BC02,NW,September,H,Achillea millefolium,Achillea millefolium (aggr.),3,19,57,0,0,0,1,1,0,0,reduced,0
BC02,NW,September,H,Arenaria serpyllifolia,Arenaria serpyllifolia,0.01,1.3333333333333335,0.013333333333333336,1,0,0,0,0,0,0,reduced,0
BC02,NW,September,H,Berteroa incana,Berteroa incana,5,17.333333333333332,86.66666666666666,0,0,0,1,1,0,0,reduced,0
BC02,NW,September,H,Carex hirta,Carex hirta,2,9,18,0,0,0,0,0,0,1,reduced,0
BC02,NW,September,H,Daucus carota,Daucus carota,2,9,18,0,0,0,0,0,0,1,reduced,0
BC02,NW,September,H,Echium vulgare,Echium vulgare,15,6.666666666666667,100,0,0,0,0,1,0,0,reduced,0
BC02,NW,September,H,Erodium cicutarium,Erodium cicutarium,1,10.666666666666666,10.666666666666666,0,0,0,1,1,0,0,reduced,0
BC02,NW,September,H,Festuca rubra,Festuca rubra,1,14,14,0,0,0,0,1,0,0,reduced,0
BC02,NW,September,H,Geranium molle,Geranium molle,1,1.5,1.5,0,0,0,0,0,0,1,reduced,0
BC02,NW,September,H,Geum urbanum,Geum urbanum,0.01,3,0.03,0,0,0,0,0,0,1,reduced,0
BC02,NW,September,H,Medicago sativa,Medicago sativa,7,24.333333333333332,170.33333333333331,0,0,0,0,1,0,0,reduced,0
BC02,NW,September,H,Plantago lanceolata,Plantago lanceolata,3,14.666666666666666,44,0,0,0,0,0,0,1,reduced,0
BC02,NW,September,H,Poa pratensis,Poa pratensis,4,17.666666666666668,70.66666666666667,0,0,0,0,0,0,1,reduced,0
BC02,NW,September,H,Rumex acetosa,Rumex acetosa,0.5,22.666666666666668,11.333333333333334,0,0,0,0,1,0,0,reduced,0
BC02,NW,September,H,Sedum acre,Sedum acre,3,4,12,0,0,0,0,1,0,0,reduced,0
BC02,NW,September,H,Solidago canadensis,Solidago canadensis,60,102.33333333333333,6140,0,0,0,1,1,0,0,reduced,0
BC02,NW,September,H,Tanacetum vulgare,Tanacetum vulgare,2,35.666666666666664,71.33333333333333,0,0,0,1,1,0,0,reduced,0
BC02,NW,September,H,Veronica arvensis,Veronica arvensis,0.01,1,0.01,1,0,0,0,0,0,0,reduced,0
BC02,NW,September,H,Vicia lathyroides,Vicia lathyroides,0.1,3.6666666666666665,0.3666666666666667,0,0,0,0,0,0,1,reduced,0
BC02,NW,September,H,Vicia sativa,Vicia sativa,0.5,12.333333333333334,6.166666666666667,0,0,0,0,0,0,1,reduced,0
BC02,SE,September,H,Achillea millefolium,Achillea millefolium (aggr.),7,19,133,0,0,0,1,1,0,0,reduced,0
BC02,SE,September,H,Arenaria serpyllifolia,Arenaria serpyllifolia,1,1.3333333333333335,1.3333333333333335,1,0,0,0,0,0,0,reduced,0
BC02,SE,September,H,Artemisia absinthium,Artemisia absinthium,20,44,880,0,0,0,0,1,0,0,reduced,0
BC02,SE,September,H,Berteroa incana,Berteroa incana,2,17.333333333333332,34.666666666666664,0,0,0,1,1,0,0,reduced,0
BC02,SE,September,H,Bromus sterilis,Anisantha sterilis,2,17.333333333333332,34.666666666666664,0,0,0,0,0,0,1,reduced,0
BC02,SE,September,H,Crepis capillaris,Crepis capillaris,5,18.166666666666668,90.83333333333334,0,0,0,1,1,0,0,reduced,0
BC02,SE,September,H,Daucus carota,Daucus carota,3,9,27,0,0,0,0,0,0,1,reduced,0
BC02,SE,September,H,Echium vulgare,Echium vulgare,3,6.666666666666667,20,0,0,0,0,1,0,0,reduced,0
BC02,SE,September,H,Erodium cicutarium,Erodium cicutarium,3,10.666666666666666,32,0,0,0,1,1,0,0,reduced,0
BC02,SE,September,H,Festuca rubra,Festuca rubra,3,14,42,0,0,0,0,1,0,0,reduced,0
BC02,SE,September,H,Plantago lanceolata,Plantago lanceolata,12,14.666666666666666,176,0,0,0,0,0,0,1,reduced,0
BC02,SE,September,H,Poa pratensis,Poa pratensis,2,17.666666666666668,35.333333333333336,0,0,0,0,0,0,1,reduced,0
BC02,SE,September,H,Potentilla argentea,Potentilla argentea,3,13.666666666666666,41,0,0,0,1,1,0,0,reduced,0
BC02,SE,September,H,Rumex acetosa,Rumex acetosa,30,22.666666666666668,680,0,0,0,0,1,0,0,reduced,0
BC02,SE,September,H,Sedum acre,Sedum acre,10,4,40,0,0,0,0,1,0,0,reduced,0
BC02,SE,September,H,Setaria viridis,Setaria viridis,0.1,10,1,0,0,0,1,1,0,0,reduced,0
BC02,SE,September,H,Taraxacum,Taraxacum,3,10,30,0,0,0,0,0,0,1,reduced,0
BC02,SE,September,H,Veronica arvensis,Veronica arvensis,0.5,1,0.5,1,0,0,0,0,0,0,reduced,0
BC02,SE,September,H,Vicia lathyroides,Vicia lathyroides,1,3.6666666666666665,3.6666666666666665,0,0,0,0,0,0,1,reduced,0
BC02,SE,September,H,Vicia sativa,Vicia sativa,15,12.333333333333334,185,0,0,0,0,0,0,1,reduced,0
BC03,NW,March,H,Achillea millefolium,Achillea millefolium (aggr.),5,6,30,0,0,0,0,0,0,1,reduced,0
BC03,NW,March,H,Artemisia vulgaris,Artemisia vulgaris,0.2,5.666666666666667,1.1333333333333335,0,0,0,0,0,0,1,reduced,0
BC03,NW,March,H,Berteroa incana,Berteroa incana,0.3,4.666666666666667,1.4000000000000001,0,0,0,0,0,0,1,reduced,0
BC03,NW,March,H,Bromus sterilis,Anisantha sterilis,7,6.333333333333333,44.33333333333333,0,0,0,0,0,0,1,reduced,0
BC03,NW,March,H,Cardamine hirsuta,Cardamine hirsuta,0.5,8.666666666666666,4.333333333333333,0,0,0,1,0,0,0,reduced,0
BC03,NW,March,H,Crepis capillaris,Crepis capillaris,0.1,3,0.30000000000000004,0,0,0,0,0,0,1,reduced,0
BC03,NW,March,H,Daucus carota,Daucus carota,3,7.333333333333333,22,0,0,0,0,0,0,1,reduced,0
BC03,NW,March,H,Festuca ovina,Festuca ovina,7,14,98,0,0,0,1,0,0,0,reduced,0
BC03,NW,March,H,Festuca rubra,Festuca rubra,1,5.333333333333333,5.333333333333333,0,0,0,0,0,0,1,reduced,0
BC03,NW,March,H,Geranium molle,Geranium molle,2,3.5,7,0,0,0,0,0,0,1,reduced,0
BC03,NW,March,H,Lamium purpureum,Lamium purpureum,60,8.333333333333334,500.00000000000006,0,0,0,1,0,0,0,reduced,0
BC03,NW,March,H,Lolium perenne,Lolium perenne,10,11,110,0,0,0,0,0,0,1,reduced,0
BC03,NW,March,H,Medicago sativa,Medicago sativa,4,7.333333333333333,29.333333333333332,0,0,0,0,0,0,1,reduced,0
BC03,NW,March,H,Myosotis ramosissima,Myosotis ramosissima,0.01,2,0.02,0,0,0,0,0,0,1,reduced,0
BC03,NW,March,H,Plantago lanceolata,Plantago lanceolata,0.3,3.3333333333333335,1,0,0,0,0,0,0,1,reduced,0
BC03,NW,March,H,Potentilla argentea,Potentilla argentea,0.5,5.5,2.75,0,0,0,0,0,0,1,reduced,0
BC03,NW,March,H,Potentilla reptans,Potentilla reptans,0.1,5,0.5,0,0,0,0,0,0,1,reduced,0
BC03,NW,March,H,Stellaria media,Stellaria media,0.8,8.333333333333334,6.666666666666668,0,0,0,1,0,0,0,reduced,0
BC03,NW,March,H,Taraxacum,Taraxacum,0.2,8,1.6,0,0,0,0,0,0,1,reduced,0
BC03,NW,March,H,Trifolium dubium,Trifolium dubium,0.01,1,0.01,0,0,0,0,0,0,1,reduced,0
BC03,NW,March,H,Valerianella locusta,Valerianella locusta,1,4,4,0,0,0,0,0,0,1,reduced,0
BC03,NW,March,H,Veronica persica,Veronica persica,5,6.666666666666667,33.333333333333336,0,0,0,1,0,0,0,reduced,0
BC03,NW,March,H,Vicia sativa,Vicia sativa,0.5,5.666666666666667,2.8333333333333335,0,0,0,0,0,0,1,reduced,0
BC03,SE,March,H,Agrostis capillaris,Agrostis capillaris,3,9,27,0,0,0,0,0,0,1,reduced,0
BC03,SE,March,H,Artemisia vulgaris,Artemisia vulgaris,0.1,5.666666666666667,0.5666666666666668,0,0,0,0,0,0,1,reduced,0
BC03,SE,March,H,Bromus sterilis,Anisantha sterilis,5,6.333333333333333,31.666666666666664,0,0,0,0,0,0,1,reduced,0
BC03,SE,March,H,Cardamine hirsuta,Cardamine hirsuta,0.5,8.666666666666666,4.333333333333333,0,0,0,1,0,0,0,reduced,0
BC03,SE,March,H,Daucus carota,Daucus carota,1,7.333333333333333,7.333333333333333,0,0,0,0,0,0,1,reduced,0
BC03,SE,March,H,Festuca ovina,Festuca ovina,40,14,560,0,0,0,1,0,0,0,reduced,0
BC03,SE,March,H,Festuca rubra,Festuca rubra,2,5.333333333333333,10.666666666666666,0,0,0,0,0,0,1,reduced,0
BC03,SE,March,H,Geranium molle,Geranium molle,2,3.5,7,0,0,0,0,0,0,1,reduced,0
BC03,SE,March,H,Hypochaeris radicata,Hypochaeris radicata,0.5,1.7777777777777777,0.8888888888888888,0,0,0,0,0,0,1,reduced,0
BC03,SE,March,H,Lamium purpureum,Lamium purpureum,15,8.333333333333334,125.00000000000001,0,0,0,1,0,0,0,reduced,0
BC03,SE,March,H,Lolium perenne,Lolium perenne,11,11,121,0,0,0,0,0,0,1,reduced,0
BC03,SE,March,H,Medicago lupulina,Medicago lupulina,1,5,5,0,0,0,0,0,0,1,reduced,0
BC03,SE,March,H,Medicago sativa,Medicago sativa,2,7.333333333333333,14.666666666666666,0,0,0,0,0,0,1,reduced,0
BC03,SE,March,H,Plantago lanceolata,Plantago lanceolata,5,3.3333333333333335,16.666666666666668,0,0,0,0,0,0,1,reduced,0
BC03,SE,March,H,Potentilla reptans,Potentilla reptans,1,5,5,0,0,0,0,0,0,1,reduced,0
BC03,SE,March,H,Scilla bifolia,Scilla bifolia,1,15,15,0,0,0,1,0,0,0,reduced,0
BC03,SE,March,H,Stellaria media,Stellaria media,5,8.333333333333334,41.66666666666667,0,0,0,1,0,0,0,reduced,0
BC03,SE,March,H,Taraxacum,Taraxacum,2,8,16,0,0,0,0,0,0,1,reduced,0
BC03,SE,March,H,Valerianella locusta,Valerianella locusta,1,4,4,0,0,0,0,0,0,1,reduced,0
BC03,SE,March,H,Vicia sativa,Vicia sativa,2,5.666666666666667,11.333333333333334,0,0,0,0,0,0,1,reduced,0
BC03,NW,May,H,Achillea millefolium,Achillea millefolium (aggr.),7,5.416666666666667,37.91666666666667,0,0,0,0,0,0,1,reduced,0
BC03,NW,May,H,Agrostis capillaris,Agrostis capillaris,7,33.666666666666664,235.66666666666666,0,0,0,1,0,0,0,reduced,0
BC03,NW,May,H,Arenaria serpyllifolia,Arenaria serpyllifolia,0.1,7.5,0.75,0,0,0,0,1,0,0,reduced,0
BC03,NW,May,H,Artemisia vulgaris,Artemisia vulgaris,3,15.5,46.5,0,0,0,0,0,0,1,reduced,0
BC03,NW,May,H,Berteroa incana,Berteroa incana,2,19.333333333333332,38.666666666666664,0,0,0,0,0,0,1,reduced,0
BC03,NW,May,H,Bromus sterilis,Anisantha sterilis,35,40.333333333333336,1411.6666666666667,0,0,0,1,1,0,0,reduced,0
BC03,NW,May,H,Crepis capillaris,Crepis capillaris,0.01,5,0.05,0,0,0,0,0,0,1,reduced,0
BC03,NW,May,H,Daucus carota,Daucus carota,7,20.333333333333332,142.33333333333331,0,0,0,0,0,0,1,reduced,0
BC03,NW,May,H,Diplotaxis tenuifolia,Diplotaxis tenuifolia,1,11.333333333333334,11.333333333333334,0,0,0,0,0,0,1,reduced,0
BC03,NW,May,H,Elymus repens,Elytrigia repens,1,36,36,0,0,0,0,0,0,1,reduced,0
BC03,NW,May,H,Festuca ovina,Festuca ovina,5,24.666666666666668,123.33333333333334,0,0,0,1,1,0,0,reduced,0
BC03,NW,May,H,Festuca rubra,Festuca rubra,15,41,615,0,0,0,1,1,0,0,reduced,0
BC03,NW,May,H,Geranium molle,Geranium molle,2,11.5,23,0,0,0,1,1,0,0,reduced,0
BC03,NW,May,H,Hypericum perforatum,Hypericum perforatum,0.5,18.333333333333332,9.166666666666666,0,0,0,0,0,0,1,reduced,0
BC03,NW,May,H,Hypochaeris radicata,Hypochaeris radicata,0.5,5,2.5,0,0,0,0,0,0,1,reduced,0
BC03,NW,May,H,Lolium perenne,Lolium perenne,3,26,78,0,0,0,1,0,0,0,reduced,0
BC03,NW,May,H,Medicago sativa,Medicago sativa,35,38.333333333333336,1341.6666666666667,0,0,0,1,0,0,0,reduced,0
BC03,NW,May,H,Plantago lanceolata,Plantago lanceolata,3,19.333333333333332,58,0,0,0,1,0,0,0,reduced,0
BC03,NW,May,H,Poa pratensis,Poa pratensis,0.5,50.333333333333336,25.166666666666668,0,0,0,1,1,0,0,reduced,0
BC03,NW,May,H,Potentilla argentea,Potentilla argentea,1,25.666666666666668,25.666666666666668,0,0,0,1,0,0,0,reduced,0
BC03,NW,May,H,Potentilla reptans,Potentilla reptans,3,14,42,0,0,0,0,0,0,1,reduced,0
BC03,NW,May,H,Taraxacum,Taraxacum,1,8.333333333333334,8.333333333333334,0,0,0,0,1,0,0,reduced,0
BC03,NW,May,H,Trifolium repens,Trifolium repens,0.5,5.5,2.75,0,0,0,1,0,0,0,reduced,0
BC03,NW,May,H,Veronica arvensis,Veronica arvensis,0.01,6.5,0.065,0,0,0,0,1,0,0,reduced,0
BC03,NW,May,H,Veronica persica,Veronica persica,0.1,10.333333333333334,1.0333333333333334,0,0,0,0,1,0,0,reduced,0
BC03,NW,May,H,Vicia sativa,Vicia sativa,5,29.666666666666668,148.33333333333334,0,0,0,1,1,0,0,reduced,0
BC03,SE,May,H,Agrostis capillaris,Agrostis capillaris,20,33.666666666666664,673.3333333333333,0,0,0,1,0,0,0,reduced,0
BC03,SE,May,H,Artemisia vulgaris,Artemisia vulgaris,1,15.5,15.5,0,0,0,0,0,0,1,reduced,0
BC03,SE,May,H,Berteroa incana,Berteroa incana,2,19.333333333333332,38.666666666666664,0,0,0,0,0,0,1,reduced,0
BC03,SE,May,H,Bromus sterilis,Anisantha sterilis,3,40.333333333333336,121,0,0,0,1,1,0,0,reduced,0
BC03,SE,May,H,Daucus carota,Daucus carota,5,20.333333333333332,101.66666666666666,0,0,0,0,0,0,1,reduced,0
BC03,SE,May,H,Festuca ovina,Festuca ovina,10,24.666666666666668,246.66666666666669,0,0,0,1,1,0,0,reduced,0
BC03,SE,May,H,Festuca rubra,Festuca rubra,17,41,697,0,0,0,1,1,0,0,reduced,0
BC03,SE,May,H,Geranium molle,Geranium molle,2,11.5,23,0,0,0,1,1,0,0,reduced,0
BC03,SE,May,H,Hypochaeris radicata,Hypochaeris radicata,1,5,5,0,0,0,0,0,0,1,reduced,0
BC03,SE,May,H,Lolium perenne,Lolium perenne,2,26,52,0,0,0,1,0,0,0,reduced,0
BC03,SE,May,H,Medicago lupulina,Medicago lupulina,1,9.666666666666666,9.666666666666666,0,0,0,0,0,0,1,reduced,0
BC03,SE,May,H,Medicago sativa,Medicago sativa,20,38.333333333333336,766.6666666666667,0,0,0,1,0,0,0,reduced,0
BC03,SE,May,H,Plantago lanceolata,Plantago lanceolata,5,19.333333333333332,96.66666666666666,0,0,0,1,0,0,0,reduced,0
BC03,SE,May,H,Potentilla reptans,Potentilla reptans,5,14,70,0,0,0,0,0,0,1,reduced,0
BC03,SE,May,H,Taraxacum,Taraxacum,3,8.333333333333334,25,0,0,0,0,1,0,0,reduced,0
BC03,SE,May,H,Trifolium repens,Trifolium repens,0.5,5.5,2.75,0,0,0,1,0,0,0,reduced,0
BC03,SE,May,H,Veronica arvensis,Veronica arvensis,0.1,6.5,0.65,0,0,0,0,1,0,0,reduced,0
BC03,SE,May,H,Vicia sativa,Vicia sativa,5,29.666666666666668,148.33333333333334,0,0,0,1,1,0,0,reduced,0
BC03,NW,July,H,Achillea millefolium,Achillea millefolium (aggr.),1,11.666666666666666,11.666666666666666,0,0,0,1,0,0,0,reduced,0
BC03,NW,July,H,Agrostis capillaris,Agrostis capillaris,10,24.666666666666668,246.66666666666669,0,0,0,0,1,0,0,reduced,0
BC03,NW,July,H,Artemisia vulgaris,Artemisia vulgaris,3,37.333333333333336,112,0,0,0,0,0,0,1,reduced,0
BC03,NW,July,H,Berteroa incana,Berteroa incana,17,28,476,0,0,0,1,1,0,0,reduced,0
BC03,NW,July,H,Bromus sterilis,Anisantha sterilis,0.2,7.666666666666667,1.5333333333333334,1,0,0,0,0,0,0,reduced,0
BC03,NW,July,H,Daucus carota,Daucus carota,6,13.666666666666666,82,0,0,0,1,0,0,0,reduced,0
BC03,NW,July,H,Diplotaxis tenuifolia,Diplotaxis tenuifolia,2,12,24,0,0,0,0,0,0,1,reduced,0
BC03,NW,July,H,Echium vulgare,Echium vulgare,0.5,1,0.5,1,0,0,0,0,0,0,reduced,0
BC03,NW,July,H,Elymus repens,Elytrigia repens,15,21.333333333333332,320,0,0,0,0,1,0,0,reduced,0
BC03,NW,July,H,Erodium cicutarium,Erodium cicutarium,0.5,1.3333333333333335,0.6666666666666667,1,0,0,0,0,0,0,reduced,0
BC03,NW,July,H,Festuca ovina,Festuca ovina,3,14,42,0,0,0,0,1,0,0,reduced,0
BC03,NW,July,H,Festuca rubra,Festuca rubra,6,19.666666666666668,118,0,0,0,0,1,0,0,reduced,0
BC03,NW,July,H,Geranium molle,Geranium molle,1,2,2,1,0,0,0,0,0,0,reduced,0
BC03,NW,July,H,Lamium purpureum,Lamium purpureum,0.1,1,0.1,1,0,0,0,0,0,0,reduced,0
BC03,NW,July,H,Medicago sativa,Medicago sativa,25,38.333333333333336,958.3333333333334,0,0,0,1,1,0,0,reduced,0
BC03,NW,July,H,Plantago lanceolata,Plantago lanceolata,2,23,46,0,0,0,1,1,0,0,reduced,0
BC03,NW,July,H,Potentilla argentea,Potentilla argentea,3,24.333333333333332,73,0,0,0,1,1,0,0,reduced,0
BC03,NW,July,H,Potentilla reptans,Potentilla reptans,3,15.666666666666666,47,0,0,0,0,1,0,0,reduced,0
BC03,NW,July,H,Stellaria media,Stellaria media,0.01,1,0.01,1,0,0,0,0,0,0,reduced,0
BC03,NW,July,H,Taraxacum,Taraxacum,2,20,40,0,0,0,0,0,0,1,reduced,0
BC03,NW,July,H,Veronica arvensis,Veronica arvensis,0.1,1,0.1,1,0,0,0,0,0,0,reduced,0
BC03,NW,July,H,Vicia sativa,Vicia sativa,0.2,5.333333333333333,1.0666666666666667,1,0,0,0,0,0,0,reduced,0
BC03,SE,July,H,Agrostis capillaris,Agrostis capillaris,20,24.666666666666668,493.33333333333337,0,0,0,0,1,0,0,reduced,0
BC03,SE,July,H,Artemisia vulgaris,Artemisia vulgaris,0.01,37.333333333333336,0.37333333333333335,0,0,0,0,0,0,1,reduced,0
BC03,SE,July,H,Berteroa incana,Berteroa incana,3,28,84,0,0,0,1,1,0,0,reduced,0
BC03,SE,July,H,Bromus sterilis,Anisantha sterilis,0.01,7.666666666666667,0.07666666666666667,1,0,0,0,0,0,0,reduced,0
BC03,SE,July,H,Daucus carota,Daucus carota,1,13.666666666666666,13.666666666666666,0,0,0,1,0,0,0,reduced,0
BC03,SE,July,H,Erodium cicutarium,Erodium cicutarium,0.01,1.3333333333333335,0.013333333333333336,1,0,0,0,0,0,0,reduced,0
BC03,SE,July,H,Festuca ovina,Festuca ovina,5,14,70,0,0,0,0,1,0,0,reduced,0
BC03,SE,July,H,Festuca rubra,Festuca rubra,25,19.666666666666668,491.6666666666667,0,0,0,0,1,0,0,reduced,0
BC03,SE,July,H,Geranium molle,Geranium molle,0.1,2,0.2,1,0,0,0,0,0,0,reduced,0
BC03,SE,July,H,Hypochaeris radicata,Hypochaeris radicata,0.01,6,0.06,0,0,0,0,0,0,1,reduced,0
BC03,SE,July,H,Lolium perenne,Lolium perenne,2,13.333333333333334,26.666666666666668,0,0,0,0,0,0,1,reduced,0
BC03,SE,July,H,Medicago sativa,Medicago sativa,30,38.333333333333336,1150,0,0,0,1,1,0,0,reduced,0
BC03,SE,July,H,Plantago lanceolata,Plantago lanceolata,4,23,92,0,0,0,1,1,0,0,reduced,0
BC03,SE,July,H,Potentilla reptans,Potentilla reptans,5,15.666666666666666,78.33333333333333,0,0,0,0,1,0,0,reduced,0
BC03,SE,July,H,Taraxacum,Taraxacum,5,20,100,0,0,0,0,0,0,1,reduced,0
BC03,SE,July,H,Trifolium repens,Trifolium repens,1,7.333333333333333,7.333333333333333,0,0,0,0,0,0,1,reduced,0
BC03,SE,July,H,Vicia sativa,Vicia sativa,0.5,5.333333333333333,2.6666666666666665,1,0,0,0,0,0,0,reduced,0
BC03,NW,September,H,Achillea millefolium,Achillea millefolium (aggr.),3,9,27,0,0,0,0,0,0,1,reduced,1
BC03,NW,September,H,Agrostis capillaris,Agrostis capillaris,15,14,210,0,0,0,0,0,0,1,reduced,1
BC03,NW,September,H,Arenaria serpyllifolia,Arenaria serpyllifolia,0.1,1.5833333333333335,0.15833333333333335,1,0,0,0,0,0,0,reduced,1
BC03,NW,September,H,Artemisia vulgaris,Artemisia vulgaris,1,16.333333333333332,16.333333333333332,0,0,0,0,0,0,1,reduced,1
BC03,NW,September,H,Berteroa incana,Berteroa incana,5,24.333333333333332,121.66666666666666,0,0,0,1,1,0,0,reduced,1
BC03,NW,September,H,Daucus carota,Daucus carota,1,8.666666666666666,8.666666666666666,0,0,0,0,0,0,1,reduced,1
BC03,NW,September,H,Diplotaxis tenuifolia,Diplotaxis tenuifolia,3,15.666666666666666,47,0,0,0,1,1,0,0,reduced,1
BC03,NW,September,H,Elymus repens,Elytrigia repens,2,13.333333333333334,26.666666666666668,0,0,0,0,0,0,1,reduced,1
BC03,NW,September,H,Festuca ovina,Festuca ovina,3,14.666666666666666,44,0,0,0,0,0,0,1,reduced,1
BC03,NW,September,H,Festuca rubra,Festuca rubra,5,14.333333333333334,71.66666666666667,0,0,0,0,0,0,1,reduced,1
BC03,NW,September,H,Geranium molle,Geranium molle,2,9.333333333333334,18.666666666666668,0,0,0,1,0,0,0,reduced,1
BC03,NW,September,H,Hypochaeris radicata,Hypochaeris radicata,0.1,12.333333333333334,1.2333333333333334,0,0,0,0,0,0,1,reduced,1
BC03,NW,September,H,Lamium purpureum,Lamium purpureum,10,4.6,46,0,0,0,1,0,0,0,reduced,1
BC03,NW,September,H,Lolium perenne,Lolium perenne,2,17.666666666666668,35.333333333333336,0,0,0,0,0,0,1,reduced,1
BC03,NW,September,H,Medicago sativa,Medicago sativa,30,16.666666666666668,500.00000000000006,0,0,0,1,1,0,0,reduced,1
BC03,NW,September,H,Plantago lanceolata,Plantago lanceolata,2,12,24,0,0,0,0,0,0,1,reduced,1
BC03,NW,September,H,Poa pratensis,Poa pratensis,0.1,18,1.8,0,0,0,0,0,0,1,reduced,1
BC03,NW,September,H,Potentilla argentea,Potentilla argentea,3,12,36,0,0,0,1,1,0,0,reduced,1
BC03,NW,September,H,Potentilla reptans,Potentilla reptans,3,8,24,0,0,0,0,0,0,1,reduced,1
BC03,NW,September,H,Stellaria media,Stellaria media,0.5,9.333333333333334,4.666666666666667,0,0,0,1,1,0,0,reduced,1
BC03,NW,September,H,Taraxacum,Taraxacum,1,13.666666666666666,13.666666666666666,0,0,0,1,1,0,0,reduced,1
BC03,NW,September,H,Veronica arvensis,Veronica arvensis,0.5,1,0.5,1,0,0,0,0,0,0,reduced,1
BC03,NW,September,H,Vicia sativa,Vicia sativa,0.5,11.666666666666666,5.833333333333333,0,0,0,0,0,0,1,reduced,1
BC03,SE,September,H,Agrostis capillaris,Agrostis capillaris,15,14,210,0,0,0,0,0,0,1,reduced,1
BC03,SE,September,H,Berteroa incana,Berteroa incana,4,24.333333333333332,97.33333333333333,0,0,0,1,1,0,0,reduced,1
BC03,SE,September,H,Bromus sterilis,Anisantha sterilis,3,10,30,0,0,0,0,0,0,1,reduced,1
BC03,SE,September,H,Daucus carota,Daucus carota,0.5,8.666666666666666,4.333333333333333,0,0,0,0,0,0,1,reduced,1
BC03,SE,September,H,Erodium cicutarium,Erodium cicutarium,0.1,8.333333333333334,0.8333333333333335,0,0,0,1,1,0,0,reduced,1
BC03,SE,September,H,Festuca ovina,Festuca ovina,6,14.666666666666666,88,0,0,0,0,0,0,1,reduced,1
BC03,SE,September,H,Festuca rubra,Festuca rubra,25,14.333333333333334,358.33333333333337,0,0,0,0,0,0,1,reduced,1
BC03,SE,September,H,Geranium molle,Geranium molle,3,9.333333333333334,28,0,0,0,1,0,0,0,reduced,1
BC03,SE,September,H,Lamium purpureum,Lamium purpureum,2,4.6,9.2,0,0,0,1,0,0,0,reduced,1
BC03,SE,September,H,Lolium perenne,Lolium perenne,3,17.666666666666668,53,0,0,0,0,0,0,1,reduced,1
BC03,SE,September,H,Medicago sativa,Medicago sativa,15,16.666666666666668,250.00000000000003,0,0,0,1,1,0,0,reduced,1
BC03,SE,September,H,Plantago lanceolata,Plantago lanceolata,3,12,36,0,0,0,0,0,0,1,reduced,1
BC03,SE,September,H,Potentilla reptans,Potentilla reptans,3,8,24,0,0,0,0,0,0,1,reduced,1
BC03,SE,September,H,Stellaria media,Stellaria media,2,9.333333333333334,18.666666666666668,0,0,0,1,1,0,0,reduced,1
BC03,SE,September,H,Taraxacum,Taraxacum,15,13.666666666666666,205,0,0,0,1,1,0,0,reduced,1
BC03,SE,September,H,Trifolium repens,Trifolium repens,1,10,10,0,0,0,0,0,0,1,reduced,1
BC03,SE,September,H,Vicia sativa,Vicia sativa,4,11.666666666666666,46.666666666666664,0,0,0,0,0,0,1,reduced,1
BC04,NW,March,H,Achillea millefolium,Achillea millefolium (aggr.),2,3,6,0,0,0,0,0,0,1,regular,0
BC04,NW,March,H,Bellis perennis,Bellis perennis,0.5,2,1,0,0,0,1,0,0,0,regular,0
BC04,NW,March,H,Festuca arundinacea,Schedonorus arundinaceus,7,7.5,52.5,0,0,0,0,0,0,1,regular,0
BC04,NW,March,H,Festuca rubra,Festuca rubra,15,6,90,0,0,0,0,0,0,1,regular,0
BC04,NW,March,H,Geranium molle,Geranium molle,0.5,2.3333333333333335,1.1666666666666667,0,0,0,0,0,0,1,regular,0
BC04,NW,March,H,Hypericum perforatum,Hypericum perforatum,0.01,2,0.02,0,0,0,0,0,0,1,regular,0
BC04,NW,March,H,Hypochaeris radicata,Hypochaeris radicata,7,1.9166666666666665,13.416666666666666,0,0,0,0,0,0,1,regular,0
BC04,NW,March,H,Lolium perenne,Lolium perenne,5,6.333333333333333,31.666666666666664,0,0,0,0,0,0,1,regular,0
BC04,NW,March,H,Luzula campestris,Luzula campestris,0.1,3,0.30000000000000004,0,0,0,1,0,0,0,regular,0
BC04,NW,March,H,Medicago lupulina,Medicago lupulina,0.5,3.6666666666666665,1.8333333333333333,0,0,0,0,0,0,1,regular,0
BC04,NW,March,H,Myosotis,Myosotis,0.1,2,0.2,0,0,0,0,0,0,1,regular,0
BC04,NW,March,H,Plantago lanceolata,Plantago lanceolata,1,2.6666666666666665,2.6666666666666665,0,0,0,0,0,0,1,regular,0
BC04,NW,March,H,Poa pratensis,Poa pratensis,1,6,6,0,0,0,0,0,0,1,regular,0
BC04,NW,March,H,Rumex acetosa,Rumex acetosa,1,2.3333333333333335,2.3333333333333335,0,0,0,0,0,0,1,regular,0
BC04,NW,March,H,Taraxacum,Taraxacum,3,2,6,0,0,0,0,0,0,1,regular,0
BC04,NW,March,H,Trifolium pratensis,Trifolium pratense,0.1,3.3333333333333335,0.33333333333333337,0,0,0,0,0,0,1,regular,0
BC04,NW,March,H,Trifolium repens,Trifolium repens,15,2.3333333333333335,35,0,0,0,0,0,0,1,regular,0
BC04,NW,March,H,Veronica arvensis,Veronica arvensis,0.01,1,0.01,1,0,0,0,0,0,0,regular,0
BC04,NW,March,H,Vicia cracca,Vicia cracca,0.2,4.333333333333333,0.8666666666666667,0,0,0,0,0,0,1,regular,0
BC04,SE,March,H,Achillea millefolium,Achillea millefolium (aggr.),12,3,36,0,0,0,0,0,0,1,regular,0
BC04,SE,March,H,Agrostis capillaris,Agrostis capillaris,0.1,4,0.4,0,0,0,0,0,0,1,regular,0
BC04,SE,March,H,Bellis perennis,Bellis perennis,0.5,2,1,0,0,0,1,0,0,0,regular,0
BC04,SE,March,H,Cerastium holosteoides,Cerastium fontanum subsp. vulgare,0.1,2,0.2,0,0,0,0,0,0,1,regular,0
BC04,SE,March,H,Dactylis glomerata,Dactylis glomerata,0.5,4.333333333333333,2.1666666666666665,0,0,0,0,0,0,1,regular,0
BC04,SE,March,H,Draba verna,Draba verna,0.1,2,0.2,0,0,0,1,0,0,0,regular,0
BC04,SE,March,H,Festuca arundinacea,Schedonorus arundinaceus,1,7.5,7.5,0,0,0,0,0,0,1,regular,0
BC04,SE,March,H,Festuca ovina,Festuca ovina,2,4.722222222222222,9.444444444444445,0,0,0,0,0,0,1,regular,0
BC04,SE,March,H,Festuca rubra,Festuca rubra,15,6,90,0,0,0,0,0,0,1,regular,0
BC04,SE,March,H,Geranium molle,Geranium molle,0.05,2.3333333333333335,0.11666666666666668,0,0,0,0,0,0,1,regular,0
BC04,SE,March,H,Hypochaeris radicata,Hypochaeris radicata,2,1.9166666666666665,3.833333333333333,0,0,0,0,0,0,1,regular,0
BC04,SE,March,H,Lolium perenne,Lolium perenne,2,6.333333333333333,12.666666666666666,0,0,0,0,0,0,1,regular,0
BC04,SE,March,H,Luzula campestris,Luzula campestris,0.2,3,0.6000000000000001,0,0,0,1,0,0,0,regular,0
BC04,SE,March,H,Medicago lupulina,Medicago lupulina,0.1,3.6666666666666665,0.3666666666666667,0,0,0,0,0,0,1,regular,0
BC04,SE,March,H,Medicago sativa,Medicago sativa,0.2,4,0.8,0,0,0,0,0,0,1,regular,0
BC04,SE,March,H,Pilosella officinarum,Pilosella officinarum,0.05,2,0.1,0,0,0,0,0,0,1,regular,0
BC04,SE,March,H,Plantago lanceolata,Plantago lanceolata,5,2.6666666666666665,13.333333333333332,0,0,0,0,0,0,1,regular,0
BC04,SE,March,H,Poa pratensis,Poa pratensis,2,6,12,0,0,0,0,0,0,1,regular,0
BC04,SE,March,H,Rumex acetosa,Rumex acetosa,0.3,2.3333333333333335,0.7000000000000001,0,0,0,0,0,0,1,regular,0
BC04,SE,March,H,Sedum acre,Sedum acre,0.2,2.3333333333333335,0.46666666666666673,0,0,0,0,0,0,1,regular,0
BC04,SE,March,H,Taraxacum,Taraxacum,0.05,2,0.1,0,0,0,0,0,0,1,regular,0
BC04,SE,March,H,Trifolium pratensis,Trifolium pratense,5,3.3333333333333335,16.666666666666668,0,0,0,0,0,0,1,regular,0
BC04,SE,March,H,Trifolium repens,Trifolium repens,7,2.3333333333333335,16.333333333333336,0,0,0,0,0,0,1,regular,0
BC04,SE,March,H,Vicia lathyroides,Vicia lathyroides,0.5,3.2666666666666666,1.6333333333333333,0,0,0,0,0,0,1,regular,0
BC04,SE,March,H,Vicia cracca,Vicia cracca,0.2,4.333333333333333,0.8666666666666667,0,0,0,0,0,0,1,regular,0
BC04,NW,May,H,Achillea millefolium,Achillea millefolium (aggr.),5,13.666666666666666,68.33333333333333,0,0,0,0,0,0,1,regular,0
BC04,NW,May,H,Anchusa officinalis,Anchusa officinalis,0.5,9.5,4.75,0,0,0,0,0,0,1,regular,0
BC04,NW,May,H,Bellis perennis,Bellis perennis,2,5.333333333333333,10.666666666666666,0,0,0,1,1,0,0,regular,0
BC04,NW,May,H,Centaurea jacea,Centaurea jacea,0.01,7,0.07,0,0,0,0,0,0,1,regular,0
BC04,NW,May,H,Cerastium semidecandrum,Cerastium semidecandrum,0.01,3.5,0.035,0,0,0,0,1,0,0,regular,0
BC04,NW,May,H,Festuca arundinacea,Schedonorus arundinaceus,5,29.333333333333332,146.66666666666666,0,0,0,1,0,0,0,regular,0
BC04,NW,May,H,Festuca ovina,Festuca ovina,1,15,15,0,0,0,1,0,0,0,regular,0
BC04,NW,May,H,Festuca rubra,Festuca rubra,10,13.666666666666666,136.66666666666666,0,0,0,1,0,0,0,regular,0
BC04,NW,May,H,Geranium molle,Geranium molle,2,11,22,0,0,0,1,1,0,0,regular,0
BC04,NW,May,H,Hypericum perforatum,Hypericum perforatum,0.3,12.333333333333334,3.7,0,0,0,0,0,0,1,regular,0
BC04,NW,May,H,Hypochaeris radicata,Hypochaeris radicata,17,6.333333333333333,107.66666666666666,0,0,1,0,0,0,0,regular,0
BC04,NW,May,H,Lolium perenne,Lolium perenne,0.1,17.583333333333336,1.7583333333333337,0,0,0,1,0,0,0,regular,0
BC04,NW,May,H,Luzula campestris,Luzula campestris,0.2,9.666666666666666,1.9333333333333333,0,0,0,0,1,0,0,regular,0
BC04,NW,May,H,Medicago lupulina,Medicago lupulina,0.2,6,1.2000000000000002,0,0,0,1,0,0,0,regular,0
BC04,NW,May,H,Medicago sativa,Medicago sativa,1,37.333333333333336,37.333333333333336,0,0,0,0,0,0,1,regular,0
BC04,NW,May,H,Pilosella officinarum,Pilosella officinarum,0.001,1.5,0.0015,0,0,0,0,0,0,1,regular,0
BC04,NW,May,H,Plantago lanceolata,Plantago lanceolata,2,11.666666666666666,23.333333333333332,0,0,0,1,0,0,0,regular,0
BC04,NW,May,H,Poa pratensis,Poa pratensis,0.1,10,1,0,0,0,1,1,0,0,regular,0
BC04,NW,May,H,Rumex acetosa,Rumex acetosa,0.5,9.666666666666666,4.833333333333333,0,0,0,0,0,0,1,regular,0
BC04,NW,May,H,Taraxacum,Taraxacum,5,6.666666666666667,33.333333333333336,0,0,0,0,1,0,0,regular,0
BC04,NW,May,H,Trifolium dubium,Trifolium dubium,0.1,6.5,0.65,0,0,0,1,0,0,0,regular,0
BC04,NW,May,H,Trifolium pratensis,Trifolium pratense,0.01,6.333333333333333,0.06333333333333332,0,0,0,1,0,0,0,regular,0
BC04,NW,May,H,Trifolium repens,Trifolium repens,20,4.666666666666667,93.33333333333334,0,0,0,0,0,0,1,regular,0
BC04,NW,May,H,Veronica arvensis,Veronica arvensis,0.01,4,0.04,0,0,0,0,1,0,0,regular,0
BC04,NW,May,H,Vicia cracca,Vicia cracca,0.5,22,11,0,0,0,1,0,0,0,regular,0
BC04,NW,May,H,Vicia lathyroides,Vicia lathyroides,1,7.666666666666667,7.666666666666667,0,0,0,0,1,0,0,regular,0
BC04,NW,May,H,Vicia sativa,Vicia sativa,1,16,16,0,0,0,1,1,0,0,regular,0
BC04,SE,May,Seedling,Acer,Acer,0.1,6,0.6000000000000001,1,0,0,0,0,0,0,regular,0
BC04,SE,May,H,Achillea millefolium,Achillea millefolium (aggr.),25,13.666666666666666,341.66666666666663,0,0,0,0,0,0,1,regular,0
BC04,SE,May,H,Agrostis capillaris,Agrostis capillaris,2,12.166666666666666,24.333333333333332,0,0,0,1,0,0,0,regular,0
BC04,SE,May,H,Arenaria serpyllifolia,Arenaria serpyllifolia,0.01,2,0.02,0,0,0,1,0,0,0,regular,0
BC04,SE,May,H,Bellis perennis,Bellis perennis,2,5.333333333333333,10.666666666666666,0,0,0,1,1,0,0,regular,0
BC04,SE,May,H,Carex hirta,Carex hirta,0.5,10,5,0,0,0,0,0,0,1,regular,0
BC04,SE,May,H,Carex muricata,Carex muricata,1,10.666666666666666,10.666666666666666,0,0,0,1,0,0,0,regular,0
BC04,SE,May,H,Cerastium holosteoides,Cerastium fontanum subsp. vulgare,0.5,12,6,0,0,0,1,0,0,0,regular,0
BC04,SE,May,H,Cerastium semidecandrum,Cerastium semidecandrum,0.001,3.5,0.0035,0,0,0,0,1,0,0,regular,0
BC04,SE,May,H,Dactylis glomerata,Dactylis glomerata,2,32,64,0,0,0,0,1,0,0,regular,0
BC04,SE,May,H,Festuca arundinacea,Schedonorus arundinaceus,3,29.333333333333332,88,0,0,0,1,0,0,0,regular,0
BC04,SE,May,H,Festuca ovina,Festuca ovina,5,15,75,0,0,0,1,0,0,0,regular,0
BC04,SE,May,H,Festuca rubra,Festuca rubra,5,13.666666666666666,68.33333333333333,0,0,0,1,0,0,0,regular,0
BC04,SE,May,H,Geranium molle,Geranium molle,1,11,11,0,0,0,1,1,0,0,regular,0
BC04,SE,May,H,Hypochaeris radicata,Hypochaeris radicata,3,6.333333333333333,19,0,0,1,0,0,0,0,regular,0
BC04,SE,May,H,Lolium perenne,Lolium perenne,1.5,17.583333333333336,26.375000000000004,0,0,0,1,0,0,0,regular,0
BC04,SE,May,H,Luzula campestris,Luzula campestris,0.5,9.666666666666666,4.833333333333333,0,0,0,0,1,0,0,regular,0
BC04,SE,May,H,Medicago lupulina,Medicago lupulina,10,6,60,0,0,0,1,0,0,0,regular,0
BC04,SE,May,H,Medicago sativa,Medicago sativa,5,37.333333333333336,186.66666666666669,0,0,0,0,0,0,1,regular,0
BC04,SE,May,H,Pilosella officinarum,Pilosella officinarum,0.5,1.5,0.75,0,0,0,0,0,0,1,regular,0
BC04,SE,May,H,Plantago lanceolata,Plantago lanceolata,15,11.666666666666666,175,0,0,0,1,0,0,0,regular,0
BC04,SE,May,H,Poa pratensis,Poa pratensis,0.5,10,5,0,0,0,1,1,0,0,regular,0
BC04,SE,May,H,Rumex acetosa,Rumex acetosa,1,9.666666666666666,9.666666666666666,0,0,0,0,0,0,1,regular,0
BC04,SE,May,H,Sedum acre,Sedum acre,1,2.6666666666666665,2.6666666666666665,0,0,0,1,0,0,0,regular,0
BC04,SE,May,H,Taraxacum,Taraxacum,2,6.666666666666667,13.333333333333334,0,0,0,0,1,0,0,regular,0
BC04,SE,May,H,Trifolium dubium,Trifolium dubium,0.5,6.5,3.25,0,0,0,1,0,0,0,regular,0
BC04,SE,May,H,Trifolium pratensis,Trifolium pratense,5,6.333333333333333,31.666666666666664,0,0,0,1,0,0,0,regular,0
BC04,SE,May,H,Trifolium repens,Trifolium repens,3,4.666666666666667,14,0,0,0,0,0,0,1,regular,0
BC04,SE,May,H,Valerianella locusta,Valerianella locusta,0.001,3,0.003,0,0,0,0,1,0,0,regular,0
BC04,SE,May,H,Veronica arvensis,Veronica arvensis,0.01,4,0.04,0,0,0,0,1,0,0,regular,0
BC04,SE,May,H,Vicia sativa,Vicia sativa,0.5,16,8,0,0,0,1,1,0,0,regular,0
BC04,SE,May,H,Vicia cracca,Vicia cracca,1,22,22,0,0,0,1,0,0,0,regular,0
BC04,SE,May,H,Vicia lathyroides,Vicia lathyroides,3,7.666666666666667,23,0,0,0,0,1,0,0,regular,0
BC04,NW,July,Seedling,Acer,Acer,0.01,3,0.03,1,0,0,0,0,0,0,regular,1
BC04,NW,July,H,Achillea millefolium,Achillea millefolium (aggr.),20,22.666666666666668,453.33333333333337,0,0,0,1,0,0,0,regular,1
BC04,NW,July,H,Anchusa officinalis,Anchusa officinalis,1,23,23,0,0,0,1,0,0,0,regular,1
BC04,NW,July,H,Bellis perennis,Bellis perennis,3,3.3333333333333335,10,0,0,0,0,0,0,1,regular,1
BC04,NW,July,H,Centaurea jacea,Centaurea jacea,2,15.5,31,0,0,1,0,0,0,0,regular,1
BC04,NW,July,H,Crepis capillaris,Crepis capillaris,0.5,18.333333333333332,9.166666666666666,0,0,0,1,1,0,0,regular,1
BC04,NW,July,H,Festuca arundinacea,Schedonorus arundinaceus,3,18,54,0,0,0,0,1,0,0,regular,1
BC04,NW,July,H,Festuca ovina,Festuca ovina,5,13,65,0,0,0,0,1,0,0,regular,1
BC04,NW,July,H,Festuca rubra,Festuca rubra,15,10,150,0,0,0,0,1,0,0,regular,1
BC04,NW,July,H,Geranium molle,Geranium molle,0.5,9.5,4.75,0,0,0,1,0,0,0,regular,1
BC04,NW,July,H,Hypericum perforatum,Hypericum perforatum,1,29.666666666666668,29.666666666666668,0,0,0,1,0,0,0,regular,1
BC04,NW,July,H,Hypochaeris radicata,Hypochaeris radicata,10,6.666666666666667,66.66666666666667,0,0,0,1,1,0,0,regular,1
BC04,NW,July,H,Lolium perenne,Lolium perenne,0.1,14.333333333333334,1.4333333333333336,0,0,0,0,0,0,1,regular,1
BC04,NW,July,H,Luzula campestris,Luzula campestris,0.5,6.333333333333333,3.1666666666666665,0,0,0,0,1,0,0,regular,1
BC04,NW,July,H,Medicago lupulina,Medicago lupulina,4,12.333333333333334,49.333333333333336,0,0,0,1,1,0,0,regular,1
BC04,NW,July,H,Medicago sativa,Medicago sativa,12,38.666666666666664,464,0,0,0,1,1,0,0,regular,1
BC04,NW,July,H,Oxalis corniculata,Oxalis corniculata,0.01,10,0.1,0,0,0,0,0,0,1,regular,1
BC04,NW,July,H,Plantago lanceolata,Plantago lanceolata,10,13,130,0,0,0,1,1,0,0,regular,1
BC04,NW,July,H,Poa pratensis,Poa pratensis,0.5,16.333333333333332,8.166666666666666,0,0,0,0,1,0,0,regular,1
BC04,NW,July,H,Rumex acetosa,Rumex acetosa,2,13.666666666666666,27.333333333333332,0,0,0,0,0,0,1,regular,1
BC04,NW,July,H,Taraxacum,Taraxacum,7,18.5,129.5,0,0,0,0,0,0,1,regular,1
BC04,NW,July,H,Trifolium pratensis,Trifolium pratense,1,14.333333333333334,14.333333333333334,0,0,0,1,1,0,0,regular,1
BC04,NW,July,H,Trifolium repens,Trifolium repens,10,11.333333333333334,113.33333333333334,0,0,0,1,1,0,0,regular,1
BC04,NW,July,H,Vicia cracca,Vicia cracca,0.01,5,0.05,0,0,0,0,0,0,1,regular,1
BC04,NW,July,H,Vicia sativa,Vicia sativa,0.01,13,0.13,0,0,0,0,0,0,1,regular,1
BC04,SE,July,H,Achillea millefolium,Achillea millefolium (aggr.),25,22.666666666666668,566.6666666666667,0,0,0,1,0,0,0,regular,1
BC04,SE,July,H,Bellis perennis,Bellis perennis,0.5,3.3333333333333335,1.6666666666666667,0,0,0,0,0,0,1,regular,1
BC04,SE,July,H,Carex hirta,Carex hirta,3,12,36,0,0,0,0,0,0,1,regular,1
BC04,SE,July,H,Carex muricata,Carex muricata,0.5,10.333333333333334,5.166666666666667,0,0,0,1,0,0,0,regular,1
BC04,SE,July,H,Dactylis glomerata,Dactylis glomerata,2,19,38,0,0,0,0,0,0,1,regular,1
BC04,SE,July,H,Festuca arundinacea,Schedonorus arundinaceus,4,18,72,0,0,0,0,1,0,0,regular,1
BC04,SE,July,H,Festuca ovina,Festuca ovina,2,13,26,0,0,0,0,1,0,0,regular,1
BC04,SE,July,H,Festuca rubra,Festuca rubra,9,10,90,0,0,0,0,1,0,0,regular,1
BC04,SE,July,H,Hypochaeris radicata,Hypochaeris radicata,3,6.666666666666667,20,0,0,0,1,1,0,0,regular,1
BC04,SE,July,H,Medicago lupulina,Medicago lupulina,6,12.333333333333334,74,0,0,0,1,1,0,0,regular,1
BC04,SE,July,H,Medicago sativa,Medicago sativa,1,38.666666666666664,38.666666666666664,0,0,0,1,1,0,0,regular,1
BC04,SE,July,H,Plantago lanceolata,Plantago lanceolata,8,13,104,0,0,0,1,1,0,0,regular,1
BC04,SE,July,H,Rumex acetosa,Rumex acetosa,2,13.666666666666666,27.333333333333332,0,0,0,0,0,0,1,regular,1
BC04,SE,July,H,Sedum acre,Sedum acre,2,2.6666666666666665,5.333333333333333,0,0,0,0,0,0,1,regular,1
BC04,SE,July,H,Taraxacum,Taraxacum,3,18.5,55.5,0,0,0,0,0,0,1,regular,1
BC04,SE,July,H,Trifolium pratensis,Trifolium pratense,3,14.333333333333334,43,0,0,0,1,1,0,0,regular,1
BC04,SE,July,H,Trifolium repens,Trifolium repens,3,11.333333333333334,34,0,0,0,1,1,0,0,regular,1
BC04,NW,September,Seedling,Acer,Acer,0.1,9.583333333333332,0.9583333333333333,1,0,0,0,0,0,0,regular,2
BC04,NW,September,H,Achillea millefolium,Achillea millefolium (aggr.),15,10.666666666666666,160,0,0,0,0,0,0,1,regular,2
BC04,NW,September,H,Anchusa officinalis,Anchusa officinalis,0.5,16.25,8.125,0,0,0,0,0,0,1,regular,2
BC04,NW,September,H,Bellis perennis,Bellis perennis,3,4,12,0,0,0,1,0,0,0,regular,2
BC04,NW,September,H,Centaurea jacea,Centaurea jacea,0.5,5.666666666666667,2.8333333333333335,0,0,0,0,0,0,1,regular,2
BC04,NW,September,H,Crepis capillaris,Crepis capillaris,0.1,3,0.30000000000000004,0,0,0,0,0,0,1,regular,2
BC04,NW,September,H,Festuca arundinacea,Schedonorus arundinaceus,5,17.333333333333332,86.66666666666666,0,0,0,0,0,0,1,regular,2
BC04,NW,September,H,Festuca ovina,Festuca ovina,5,11.333333333333334,56.66666666666667,0,0,0,0,0,0,1,regular,2
BC04,NW,September,H,Festuca rubra,Festuca rubra,12,11.666666666666666,140,0,0,0,0,0,0,1,regular,2
BC04,NW,September,H,Geranium molle,Geranium molle,0.5,4,2,0,0,0,0,0,0,1,regular,2
BC04,NW,September,H,Hypericum perforatum,Hypericum perforatum,1,13,13,0,0,0,0,0,0,1,regular,2
BC04,NW,September,H,Hypochaeris radicata,Hypochaeris radicata,15,12.333333333333334,185,0,0,0,1,1,0,0,regular,2
BC04,NW,September,H,Lolium perenne,Lolium perenne,1,11,11,0,0,0,0,0,0,1,regular,2
BC04,NW,September,H,Luzula campestris,Luzula campestris,0.5,8.5,4.25,0,0,0,0,0,0,1,regular,2
BC04,NW,September,H,Medicago lupulina,Medicago lupulina,2,5,10,0,0,0,1,1,0,0,regular,2
BC04,NW,September,H,Medicago sativa,Medicago sativa,3,20.666666666666668,62,0,0,0,0,1,0,0,regular,2
BC04,NW,September,H,Plantago lanceolata,Plantago lanceolata,7,8.333333333333334,58.333333333333336,0,0,0,0,1,0,0,regular,2
BC04,NW,September,H,Poa pratensis,Poa pratensis,0.5,17,8.5,0,0,0,0,0,0,1,regular,2
BC04,NW,September,H,Rumex acetosa,Rumex acetosa,1,7,7,0,0,0,0,0,0,1,regular,2
BC04,NW,September,H,Taraxacum,Taraxacum,20,12.666666666666666,253.33333333333331,0,0,0,0,0,0,1,regular,2
BC04,NW,September,H,Trifolium dubium,Trifolium dubium,0.01,1.6666666666666667,0.016666666666666666,1,0,0,0,0,0,0,regular,2
BC04,NW,September,H,Trifolium pratensis,Trifolium pratense,1,12.333333333333334,12.333333333333334,0,0,0,1,0,0,0,regular,2
BC04,NW,September,H,Trifolium repens,Trifolium repens,3,6.666666666666667,20,0,0,0,0,0,0,1,regular,2
BC04,NW,September,H,Vicia lathyroides,Vicia lathyroides,0.5,6.333333333333333,3.1666666666666665,0,0,0,0,0,0,1,regular,2
BC04,NW,September,H,Vicia sativa,Vicia sativa,0.1,5.666666666666667,0.5666666666666668,0,0,0,0,0,0,1,regular,2
BC04,SE,September,Seedling,Acer,Acer,0.1,9.583333333333332,0.9583333333333333,1,0,0,0,0,0,0,regular,2
BC04,SE,September,H,Achillea millefolium,Achillea millefolium (aggr.),30,10.666666666666666,320,0,0,0,0,0,0,1,regular,2
BC04,SE,September,H,Agrostis capillaris,Agrostis capillaris,3,13,39,0,0,0,0,0,0,1,regular,2
BC04,SE,September,H,Arenaria serpyllifolia,Arenaria serpyllifolia,0.1,1.6666666666666667,0.16666666666666669,0,0,0,1,1,0,0,regular,2
BC04,SE,September,H,Bellis perennis,Bellis perennis,1,4,4,0,0,0,1,0,0,0,regular,2
BC04,SE,September,H,Carex hirta,Carex hirta,1,9.5,9.5,0,0,0,0,1,0,0,regular,2
BC04,SE,September,H,Carex muricata,Carex muricata,2,10,20,0,0,0,0,1,0,0,regular,2
BC04,SE,September,H,Dactylis glomerata,Dactylis glomerata,1,10.5,10.5,0,0,0,0,0,0,1,regular,2
BC04,SE,September,H,Festuca arundinacea,Schedonorus arundinaceus,2,17.333333333333332,34.666666666666664,0,0,0,0,0,0,1,regular,2
BC04,SE,September,H,Festuca ovina,Festuca ovina,4,11.333333333333334,45.333333333333336,0,0,0,0,0,0,1,regular,2
BC04,SE,September,H,Festuca rubra,Festuca rubra,10,11.666666666666666,116.66666666666666,0,0,0,0,0,0,1,regular,2
BC04,SE,September,H,Geranium molle,Geranium molle,0.2,4,0.8,0,0,0,0,0,0,1,regular,2
BC04,SE,September,H,Hypochaeris radicata,Hypochaeris radicata,6,12.333333333333334,74,0,0,0,1,1,0,0,regular,2
BC04,SE,September,H,Lolium perenne,Lolium perenne,1,11,11,0,0,0,0,0,0,1,regular,2
BC04,SE,September,H,Luzula campestris,Luzula campestris,0.5,8.5,4.25,0,0,0,0,0,0,1,regular,2
BC04,SE,September,H,Medicago lupulina,Medicago lupulina,0.2,5,1,0,0,0,1,1,0,0,regular,2
BC04,SE,September,H,Medicago sativa,Medicago sativa,4,20.666666666666668,82.66666666666667,0,0,0,0,1,0,0,regular,2
BC04,SE,September,H,Pilosella officinarum,Pilosella officinarum,2,3,6,0,0,0,0,0,0,1,regular,2
BC04,SE,September,H,Plantago lanceolata,Plantago lanceolata,6,8.333333333333334,50,0,0,0,0,1,0,0,regular,2
BC04,SE,September,H,Rumex acetosa,Rumex acetosa,1,7,7,0,0,0,0,0,0,1,regular,2
BC04,SE,September,H,Sedum acre,Sedum acre,2,3.5,7,0,0,0,0,0,0,1,regular,2
BC04,SE,September,H,Taraxacum,Taraxacum,3,12.666666666666666,38,0,0,0,0,0,0,1,regular,2
BC04,SE,September,H,Trifolium dubium,Trifolium dubium,0.5,1.6666666666666667,0.8333333333333334,1,0,0,0,0,0,0,regular,2
BC04,SE,September,H,Trifolium pratensis,Trifolium pratense,10,12.333333333333334,123.33333333333334,0,0,0,1,0,0,0,regular,2
BC04,SE,September,H,Trifolium repens,Trifolium repens,1,6.666666666666667,6.666666666666667,0,0,0,0,0,0,1,regular,2
BC04,SE,September,H,Vicia sativa,Vicia sativa,1,5.666666666666667,5.666666666666667,0,0,0,0,0,0,1,regular,2
BC05,NW,March,Seedling,Acer,Acer,0.01,5,0.05,1,0,0,0,0,0,0,reduced_sown,0
BC05,NW,March,H,Achillea millefolium,Achillea millefolium (aggr.),0.5,3,1.5,0,0,0,0,0,0,1,reduced_sown,0
BC05,NW,March,H,Agrostis capillaris,Agrostis capillaris,25,5.333333333333333,133.33333333333331,0,0,0,0,0,0,1,reduced_sown,0
BC05,NW,March,H,Arenaria serpyllifolia,Arenaria serpyllifolia,0.01,1,0.01,0,0,0,0,0,0,1,reduced_sown,0
BC05,NW,March,H,Centaurea jacea,Centaurea jacea,1,5,5,0,0,0,0,0,0,1,reduced_sown,0
BC05,NW,March,H,Centaurea stoebe,Centaurea stoebe,3,5,15,0,0,0,0,0,0,1,reduced_sown,0
BC05,NW,March,H,Cerastium semidecandrum,Cerastium semidecandrum,0.5,1,0.5,1,0,0,0,0,0,0,reduced_sown,0
BC05,NW,March,H,Crepis capillaris,Crepis capillaris,0.01,1,0.01,0,0,0,0,0,0,1,reduced_sown,0
BC05,NW,March,H,Festuca rubra,Festuca rubra,15,6.666666666666667,100,0,0,0,0,0,0,1,reduced_sown,0
BC05,NW,March,H,Geranium molle,Geranium molle,0.5,2,1,0,0,0,0,0,0,1,reduced_sown,0
BC05,NW,March,H,Hypochaeris radicata,Hypochaeris radicata,0.2,1,0.2,0,0,0,0,0,0,1,reduced_sown,0
BC05,NW,March,H,Jacobaea vulgaris,Jacobaea vulgaris,0.5,4,2,0,0,0,0,0,0,1,reduced_sown,0
BC05,NW,March,H,Leucanthemum vulgare,Leucanthemum vulgare (aggr.),1,5,5,0,0,0,0,0,0,1,reduced_sown,0
BC05,NW,March,H,Luzula campestris,Luzula campestris,1,5,5,0,0,0,1,0,0,0,reduced_sown,0
BC05,NW,March,H,Phleum phleoides,Phleum phleoides,0.2,7,1.4000000000000001,0,0,0,0,0,0,1,reduced_sown,0
BC05,NW,March,H,Plantago lanceolata,Plantago lanceolata,1,3,3,0,0,0,0,0,0,1,reduced_sown,0
BC05,NW,March,H,Potentilla argentea,Potentilla argentea,0.4,3,1.2000000000000002,0,0,0,0,0,0,1,reduced_sown,0
BC05,NW,March,H,Rumex acetosa,Rumex acetosa,0.5,2,1,0,0,0,0,0,0,1,reduced_sown,0
BC05,NW,March,H,Salvia pratensis,Salvia pratensis,0.1,1,0.1,0,0,0,0,0,0,1,reduced_sown,0
BC05,NW,March,H,Sedum acre,Sedum acre,0.5,2.3333333333333335,1.1666666666666667,0,0,0,0,0,0,1,reduced_sown,0
BC05,NW,March,H,Trifolium dubium,Trifolium dubium,15,2,30,0,0,0,0,0,0,1,reduced_sown,0
BC05,NW,March,H,Trifolium pratensis,Trifolium pratense,3,4,12,0,0,0,0,0,0,1,reduced_sown,0
BC05,NW,March,H,Veronica arvensis,Veronica arvensis,0.01,1,0.01,1,0,0,0,0,0,0,reduced_sown,0
BC05,NW,March,H,Vicia hirsuta,Vicia hirsuta,0.1,3,0.30000000000000004,0,0,0,0,0,0,1,reduced_sown,0
BC05,SE,March,H,Achillea millefolium,Achillea millefolium (aggr.),2,3,6,0,0,0,0,0,0,1,reduced_sown,0
BC05,SE,March,H,Agrostis capillaris,Agrostis capillaris,30,5.333333333333333,160,0,0,0,0,0,0,1,reduced_sown,0
BC05,SE,March,H,Bellis perennis,Bellis perennis,0.2,4,0.8,0,0,0,1,0,0,0,reduced_sown,0
BC05,SE,March,H,Carduus,Carduus,2,2.3333333333333335,4.666666666666667,0,0,0,0,0,0,1,reduced_sown,0
BC05,SE,March,H,Centaurea stoebe,Centaurea stoebe,3,5,15,0,0,0,0,0,0,1,reduced_sown,0
BC05,SE,March,H,Cerastium glomeratum,Cerastium glomeratum,0.1,2,0.2,0,0,0,0,0,0,1,reduced_sown,0
BC05,SE,March,H,Daucus carota,Daucus carota,3,2.6666666666666665,8,0,0,0,0,0,0,1,reduced_sown,0
BC05,SE,March,H,Echium vulgare,Echium vulgare,0.5,1.75,0.875,0,0,0,0,0,0,1,reduced_sown,0
BC05,SE,March,H,Festuca ovina,Festuca ovina,0.5,7,3.5,0,0,0,0,0,0,1,reduced_sown,0
BC05,SE,March,H,Festuca rubra,Festuca rubra,10,6.666666666666667,66.66666666666667,0,0,0,0,0,0,1,reduced_sown,0
BC05,SE,March,H,Galanthus nivalis,Galanthus nivalis,0.001,6,0.006,0,0,0,0,0,0,1,reduced_sown,0
BC05,SE,March,H,Geranium molle,Geranium molle,0.5,2,1,0,0,0,0,0,0,1,reduced_sown,0
BC05,SE,March,H,Helichrysum arenarium,Helichrysum arenarium,0.01,2.6666666666666665,0.026666666666666665,0,0,0,0,0,0,1,reduced_sown,0
BC05,SE,March,H,Hypericum perforatum,Hypericum perforatum,0.1,3,0.30000000000000004,0,0,0,0,0,0,1,reduced_sown,0
BC05,SE,March,H,Knautia arvense,Knautia arvensis,0.1,2,0.2,0,0,0,0,0,0,1,reduced_sown,0
BC05,SE,March,H,Lamium purpureum,Lamium purpureum,0.01,1,0.01,0,0,0,0,0,0,1,reduced_sown,0
BC05,SE,March,H,Leucanthemum vulgare,Leucanthemum vulgare (aggr.),5,5,25,0,0,0,0,0,0,1,reduced_sown,0
BC05,SE,March,H,Luzula campestris,Luzula campestris,1,5,5,0,0,0,1,0,0,0,reduced_sown,0
BC05,SE,March,H,Plantago lanceolata,Plantago lanceolata,2,3,6,0,0,0,0,0,0,1,reduced_sown,0
BC05,SE,March,H,Potentilla argentea,Potentilla argentea,0.1,3,0.30000000000000004,0,0,0,0,0,0,1,reduced_sown,0
BC05,SE,March,H,Rumex acetosa,Rumex acetosa,0.5,2,1,0,0,0,0,0,0,1,reduced_sown,0
BC05,SE,March,H,Rumex acetosella,Rumex acetosella,1,2,2,0,0,0,0,0,0,1,reduced_sown,0
BC05,SE,March,H,Salvia pratensis,Salvia pratensis,0.1,1,0.1,0,0,0,0,0,0,1,reduced_sown,0
BC05,SE,March,H,Sedum acre,Sedum acre,0.5,2.3333333333333335,1.1666666666666667,0,0,0,0,0,0,1,reduced_sown,0
BC05,SE,March,H,Trifolium dubium,Trifolium dubium,3,2,6,0,0,0,0,0,0,1,reduced_sown,0
BC05,SE,March,H,Trifolium pratensis,Trifolium pratense,15,4,60,0,0,0,0,0,0,1,reduced_sown,0
BC05,SE,March,H,Veronica chamaedrys,Veronica chamaedrys,0.01,2,0.02,0,0,0,0,0,0,1,reduced_sown,0
BC05,SE,March,H,Vicia hirsuta,Vicia hirsuta,0.1,3,0.30000000000000004,0,0,0,0,0,0,1,reduced_sown,0
BC05,NW,May,Seedling,Acer,Acer,0.5,5.5,2.75,0,0,0,0,0,0,1,reduced_sown,0
BC05,NW,May,H,Achillea millefolium,Achillea millefolium (aggr.),5,15.333333333333334,76.66666666666667,0,0,1,0,0,0,0,reduced_sown,0
BC05,NW,May,H,Agrostis capillaris,Agrostis capillaris,25,13,325,0,0,0,1,0,0,0,reduced_sown,0
BC05,NW,May,H,Bromus sterilis,Anisantha sterilis,0.5,16.5,8.25,0,0,0,1,0,0,0,reduced_sown,0
BC05,NW,May,H,Centaurea cyanus,Cyanus segetum,0.5,26,13,0,0,0,1,0,0,0,reduced_sown,0
BC05,NW,May,H,Centaurea jacea,Centaurea jacea,6,11.333333333333334,68,0,0,0,0,0,0,1,reduced_sown,0
BC05,NW,May,H,Centaurea stoebe,Centaurea stoebe,5,24,120,0,0,0,0,0,0,1,reduced_sown,0
BC05,NW,May,H,Cerastium glomeratum,Cerastium glomeratum,0.1,5.333333333333333,0.5333333333333333,0,0,0,0,1,0,0,reduced_sown,0
BC05,NW,May,H,Cerastium semidecandrum,Cerastium semidecandrum,0.5,6,3,0,0,0,0,1,0,0,reduced_sown,0
BC05,NW,May,H,Crepis capillaris,Crepis capillaris,0.1,4,0.4,0,0,0,0,0,0,1,reduced_sown,0
BC05,NW,May,H,Festuca rubra,Festuca rubra,15,37.666666666666664,565,0,0,0,1,1,0,0,reduced_sown,0
BC05,NW,May,H,Geranium molle,Geranium molle,0.5,5.5,2.75,0,0,0,0,1,0,0,reduced_sown,0
BC05,NW,May,H,Hypericum perforatum,Hypericum perforatum,0.5,15,7.5,0,0,0,0,0,0,1,reduced_sown,0
BC05,NW,May,H,Hypochaeris radicata,Hypochaeris radicata,0.3,3,0.8999999999999999,0,0,1,0,0,0,0,reduced_sown,0
BC05,NW,May,H,Jacobaea vulgaris,Jacobaea vulgaris,3,18.5,55.5,0,0,0,0,0,0,1,reduced_sown,0
BC05,NW,May,H,Leucanthemum vulgare,Leucanthemum vulgare (aggr.),3,48,144,0,0,0,1,0,0,0,reduced_sown,0
BC05,NW,May,H,Luzula campestris,Luzula campestris,2,17,34,0,0,0,0,1,0,0,reduced_sown,0
BC05,NW,May,H,Phleum phleoides,Phleum phleoides,1,37,37,0,0,0,1,0,0,0,reduced_sown,0
BC05,NW,May,H,Plantago lanceolata,Plantago lanceolata,5,12,60,0,0,0,1,0,0,0,reduced_sown,0
BC05,NW,May,H,Poa pratensis,Poa pratensis,0.5,22.333333333333332,11.166666666666666,0,0,0,1,1,0,0,reduced_sown,0
BC05,NW,May,H,Potentilla argentea,Potentilla argentea,4,12.333333333333334,49.333333333333336,0,0,0,1,0,0,0,reduced_sown,0
BC05,NW,May,H,Rumex acetosa,Rumex acetosa,2,8.666666666666666,17.333333333333332,0,0,0,0,0,0,1,reduced_sown,0
BC05,NW,May,H,Rumex acetosella,Rumex acetosella,0.3,41.333333333333336,12.4,0,0,0,1,0,0,0,reduced_sown,0
BC05,NW,May,H,Salvia pratensis,Salvia pratensis,0.5,1.5,0.75,0,0,0,1,0,0,0,reduced_sown,0
BC05,NW,May,H,Sedum acre,Sedum acre,1,4.333333333333333,4.333333333333333,0,0,1,0,0,0,0,reduced_sown,0
BC05,NW,May,H,Trifolium arvense,Trifolium arvense,3,10.5,31.5,0,0,0,0,0,0,1,reduced_sown,0
BC05,NW,May,H,Trifolium campestre,Trifolium campestre,1,10,10,0,0,0,1,0,0,0,reduced_sown,0
BC05,NW,May,H,Trifolium dubium,Trifolium dubium,20,5.333333333333333,106.66666666666666,0,0,0,1,0,0,0,reduced_sown,0
BC05,NW,May,H,Trifolium incarnatum,Trifolium incarnatum,8,28.333333333333332,226.66666666666666,0,0,0,1,0,0,0,reduced_sown,0
BC05,NW,May,H,Trifolium pratensis,Trifolium pratense,6,19,114,0,0,0,1,0,0,0,reduced_sown,0
BC05,NW,May,H,Veronica arvensis,Veronica arvensis,0.2,2.5,0.5,0,0,0,0,1,0,0,reduced_sown,0
BC05,NW,May,H,Vicia hirsuta,Vicia hirsuta,3,22.666666666666668,68,0,0,0,1,1,0,0,reduced_sown,0
BC05,SE,May,H,Achillea millefolium,Achillea millefolium (aggr.),10,15.333333333333334,153.33333333333334,0,0,1,0,0,0,0,reduced_sown,0
BC05,SE,May,H,Agrostis capillaris,Agrostis capillaris,30,13,390,0,0,0,1,0,0,0,reduced_sown,0
BC05,SE,May,H,Arenaria serpyllifolia,Arenaria serpyllifolia,0.1,4.5,0.45,0,0,0,1,1,0,0,reduced_sown,0
BC05,SE,May,H,Bellis perennis,Bellis perennis,1,5.666666666666667,5.666666666666667,0,0,0,1,0,0,0,reduced_sown,0
BC05,SE,May,H,Bromus mollis,Bromus hordeaceus,0.1,27.333333333333332,2.7333333333333334,0,0,0,1,0,0,0,reduced_sown,0
BC05,SE,May,H,Carduus,Carduus,5,9,45,0,0,0,0,0,0,1,reduced_sown,0
BC05,SE,May,H,Centaurea cyanus,Cyanus segetum,0.5,26,13,0,0,0,1,0,0,0,reduced_sown,0
BC05,SE,May,H,Centaurea jacea,Centaurea jacea,2,11.333333333333334,22.666666666666668,0,0,0,0,0,0,1,reduced_sown,0
BC05,SE,May,H,Centaurea stoebe,Centaurea stoebe,6,24,144,0,0,0,0,0,0,1,reduced_sown,0
BC05,SE,May,H,Cerastium glomeratum,Cerastium glomeratum,0.2,5.333333333333333,1.0666666666666667,0,0,0,0,1,0,0,reduced_sown,0
BC05,SE,May,H,Daucus carota,Daucus carota,6,16,96,0,0,0,0,0,0,1,reduced_sown,0
BC05,SE,May,H,Echium vulgare,Echium vulgare,4,11,44,0,0,1,0,0,0,0,reduced_sown,0
BC05,SE,May,H,Festuca ovina,Festuca ovina,0.1,16,1.6,0,0,0,1,1,0,0,reduced_sown,0
BC05,SE,May,H,Festuca rubra,Festuca rubra,10,37.666666666666664,376.66666666666663,0,0,0,1,1,0,0,reduced_sown,0
BC05,SE,May,H,Geranium molle,Geranium molle,0.5,5.5,2.75,0,0,0,0,1,0,0,reduced_sown,0
BC05,SE,May,H,Holcus lanatus,Holcus lanatus,0.1,15,1.5,0,0,0,0,0,0,1,reduced_sown,0
BC05,SE,May,H,Hypericum perforatum,Hypericum perforatum,2,15,30,0,0,0,0,0,0,1,reduced_sown,0
BC05,SE,May,H,Hypochaeris radicata,Hypochaeris radicata,2,3,6,0,0,1,0,0,0,0,reduced_sown,0
BC05,SE,May,H,Leucanthemum vulgare,Leucanthemum vulgare (aggr.),9,48,432,0,0,0,1,0,0,0,reduced_sown,0
BC05,SE,May,H,Luzula campestris,Luzula campestris,1,17,17,0,0,0,0,1,0,0,reduced_sown,0
BC05,SE,May,H,Plantago lanceolata,Plantago lanceolata,6,12,72,0,0,0,1,0,0,0,reduced_sown,0
BC05,SE,May,H,Poa pratensis,Poa pratensis,0.5,22.333333333333332,11.166666666666666,0,0,0,1,1,0,0,reduced_sown,0
BC05,SE,May,H,Potentilla argentea,Potentilla argentea,2,12.333333333333334,24.666666666666668,0,0,0,1,0,0,0,reduced_sown,0
BC05,SE,May,Seedling,Prunus,Prunus,0.01,6,0.06,1,0,0,0,0,0,0,reduced_sown,0
BC05,SE,May,H,Rumex acetosa,Rumex acetosa,1,8.666666666666666,8.666666666666666,0,0,0,0,0,0,1,reduced_sown,0
BC05,SE,May,H,Rumex acetosella,Rumex acetosella,7,41.333333333333336,289.33333333333337,0,0,0,1,0,0,0,reduced_sown,0
BC05,SE,May,H,Salvia pratensis,Salvia pratensis,0.5,1.5,0.75,0,0,0,1,0,0,0,reduced_sown,0
BC05,SE,May,H,Sedum acre,Sedum acre,0.2,4.333333333333333,0.8666666666666667,0,0,1,0,0,0,0,reduced_sown,0
BC05,SE,May,H,Trifolium arvense,Trifolium arvense,3,10.5,31.5,0,0,0,0,0,0,1,reduced_sown,0
BC05,SE,May,H,Trifolium campestre,Trifolium campestre,2,10,20,0,0,0,1,0,0,0,reduced_sown,0
BC05,SE,May,H,Trifolium dubium,Trifolium dubium,7,5.333333333333333,37.33333333333333,0,0,0,1,0,0,0,reduced_sown,0
BC05,SE,May,H,Trifolium incarnatum,Trifolium incarnatum,20,28.333333333333332,566.6666666666666,0,0,0,1,0,0,0,reduced_sown,0
BC05,SE,May,H,Trifolium pratensis,Trifolium pratense,10,19,190,0,0,0,1,0,0,0,reduced_sown,0
BC05,SE,May,H,Trifolium repens,Trifolium repens,2,5,10,0,0,0,1,0,0,0,reduced_sown,0
BC05,SE,May,H,Veronica arvensis,Veronica arvensis,0.1,2.5,0.25,0,0,0,0,1,0,0,reduced_sown,0
BC05,SE,May,H,Veronica chamaedrys,Veronica chamaedrys,0.1,7.666666666666667,0.7666666666666667,0,0,0,1,0,0,0,reduced_sown,0
BC05,SE,May,H,Vicia hirsuta,Vicia hirsuta,1,22.666666666666668,22.666666666666668,0,0,0,1,1,0,0,reduced_sown,0
BC05,NW,July,H,Achillea millefolium,Achillea millefolium (aggr.),3,21,63,0,0,0,1,0,0,0,reduced_sown,0
BC05,NW,July,H,Agrostis capillaris,Agrostis capillaris,30,25.333333333333332,760,0,0,0,1,1,0,0,reduced_sown,0
BC05,NW,July,H,Centaurea jacea,Centaurea jacea,2,26.333333333333332,52.666666666666664,0,0,1,0,0,0,0,reduced_sown,0
BC05,NW,July,H,Centaurea stoebe,Centaurea stoebe,9,58,522,0,0,0,1,0,0,0,reduced_sown,0
BC05,NW,July,H,Echium vulgare,Echium vulgare,1,32.666666666666664,32.666666666666664,0,0,0,1,1,0,0,reduced_sown,0
BC05,NW,July,H,Festuca rubra,Festuca rubra,10,15,150,0,0,0,0,1,0,0,reduced_sown,0
BC05,NW,July,H,Hypericum perforatum,Hypericum perforatum,0.5,21.333333333333332,10.666666666666666,0,0,1,0,0,0,0,reduced_sown,0
BC05,NW,July,H,Hypochaeris radicata,Hypochaeris radicata,0.1,15.333333333333334,1.5333333333333334,0,0,0,0,1,0,0,reduced_sown,0
BC05,NW,July,H,Jacobaea vulgaris,Jacobaea vulgaris,0.5,17,8.5,0,0,0,0,0,0,1,reduced_sown,0
BC05,NW,July,H,Leucanthemum vulgare,Leucanthemum vulgare (aggr.),6,33,198,0,0,0,0,1,0,0,reduced_sown,0
BC05,NW,July,H,Luzula campestris,Luzula campestris,2,5.666666666666667,11.333333333333334,0,0,0,0,0,0,1,reduced_sown,0
BC05,NW,July,H,Malva alcea,Malva alcea,0.2,6,1.2000000000000002,0,0,0,0,0,0,1,reduced_sown,0
BC05,NW,July,H,Phleum phleoides,Phleum phleoides,0.5,18.666666666666668,9.333333333333334,0,0,0,0,1,0,0,reduced_sown,0
BC05,NW,July,H,Plantago lanceolata,Plantago lanceolata,4,18.666666666666668,74.66666666666667,0,0,0,1,1,0,0,reduced_sown,0
BC05,NW,July,H,Poa pratensis,Poa pratensis,0.1,19,1.9000000000000001,0,0,0,0,1,0,0,reduced_sown,0
BC05,NW,July,H,Potentilla argentea,Potentilla argentea,2,14.333333333333334,28.666666666666668,0,0,0,1,1,0,0,reduced_sown,0
BC05,NW,July,H,Rumex acetosa,Rumex acetosa,2,8,16,0,0,0,0,0,0,1,reduced_sown,0
BC05,NW,July,H,Rumex acetosella,Rumex acetosella,0.5,21.75,10.875,0,0,0,0,1,0,0,reduced_sown,0
BC05,NW,July,H,Salvia pratensis,Salvia pratensis,0.3,4,1.2,0,0,0,0,0,0,1,reduced_sown,0
BC05,NW,July,H,Sedum acre,Sedum acre,3,3.3333333333333335,10,0,0,0,0,0,0,1,reduced_sown,0
BC05,NW,July,H,Trifolium arvense,Trifolium arvense,3,25.666666666666668,77,0,0,0,1,0,0,0,reduced_sown,0
BC05,NW,July,H,Trifolium pratensis,Trifolium pratense,6,11,66,0,0,0,1,0,0,0,reduced_sown,0
BC05,SE,July,H,Achillea millefolium,Achillea millefolium (aggr.),15,21,315,0,0,0,1,0,0,0,reduced_sown,0
BC05,SE,July,H,Agrostis capillaris,Agrostis capillaris,40,25.333333333333332,1013.3333333333333,0,0,0,1,1,0,0,reduced_sown,0
BC05,SE,July,H,Carduus,Carduus,2,16,32,0,0,0,1,0,0,0,reduced_sown,0
BC05,SE,July,H,Centaurea jacea,Centaurea jacea,2,26.333333333333332,52.666666666666664,0,0,1,0,0,0,0,reduced_sown,0
BC05,SE,July,H,Centaurea stoebe,Centaurea stoebe,7,58,406,0,0,0,1,0,0,0,reduced_sown,0
BC05,SE,July,H,Daucus carota,Daucus carota,3,26.666666666666668,80,0,0,0,1,0,0,0,reduced_sown,0
BC05,SE,July,H,Echium vulgare,Echium vulgare,2,32.666666666666664,65.33333333333333,0,0,0,1,1,0,0,reduced_sown,0
BC05,SE,July,H,Festuca ovina,Festuca ovina,1,10,10,0,0,0,0,0,0,1,reduced_sown,0
BC05,SE,July,H,Festuca rubra,Festuca rubra,5,15,75,0,0,0,0,1,0,0,reduced_sown,0
BC05,SE,July,H,Hypericum perforatum,Hypericum perforatum,2,21.333333333333332,42.666666666666664,0,0,1,0,0,0,0,reduced_sown,0
BC05,SE,July,H,Hypochaeris radicata,Hypochaeris radicata,0.5,15.333333333333334,7.666666666666667,0,0,0,0,1,0,0,reduced_sown,0
BC05,SE,July,H,Leucanthemum vulgare,Leucanthemum vulgare (aggr.),10,33,330,0,0,0,0,1,0,0,reduced_sown,0
BC05,SE,July,H,Luzula campestris,Luzula campestris,1,5.666666666666667,5.666666666666667,0,0,0,0,0,0,1,reduced_sown,0
BC05,SE,July,H,Plantago lanceolata,Plantago lanceolata,8,18.666666666666668,149.33333333333334,0,0,0,1,1,0,0,reduced_sown,0
BC05,SE,July,H,Poa pratensis,Poa pratensis,0.1,19,1.9000000000000001,0,0,0,0,1,0,0,reduced_sown,0
BC05,SE,July,H,Potentilla argentea,Potentilla argentea,0.5,14.333333333333334,7.166666666666667,0,0,0,1,1,0,0,reduced_sown,0
BC05,SE,July,H,Rumex acetosa,Rumex acetosa,0.5,8,4,0,0,0,0,0,0,1,reduced_sown,0
BC05,SE,July,H,Rumex acetosella,Rumex acetosella,0.5,21.75,10.875,0,0,0,0,1,0,0,reduced_sown,0
BC05,SE,July,H,Salvia pratensis,Salvia pratensis,0.1,4,0.4,0,0,0,0,0,0,1,reduced_sown,0
BC05,SE,July,H,Sedum acre,Sedum acre,0.3,3.3333333333333335,1,0,0,0,0,0,0,1,reduced_sown,0
BC05,SE,July,H,Trifolium arvense,Trifolium arvense,1,25.666666666666668,25.666666666666668,0,0,0,1,0,0,0,reduced_sown,0
BC05,SE,July,H,Trifolium pratensis,Trifolium pratense,5,11,55,0,0,0,1,0,0,0,reduced_sown,0
BC05,SE,July,H,Trifolium repens,Trifolium repens,1,9,9,0,0,0,0,0,0,1,reduced_sown,0
BC05,SE,July,H,Vicia hirsuta,Vicia hirsuta,0.01,5,0.05,0,0,0,0,1,0,0,reduced_sown,0
BC05,NW,September,H,Achillea millefolium,Achillea millefolium (aggr.),10,15,150,0,0,0,0,0,0,1,reduced_sown,0
BC05,NW,September,H,Agrostis capillaris,Agrostis capillaris,35,15.666666666666666,548.3333333333333,0,0,0,0,1,0,0,reduced_sown,0
BC05,NW,September,H,Arenaria serpyllifolia,Arenaria serpyllifolia,0.001,1,0.001,1,0,0,0,0,0,0,reduced_sown,0
BC05,NW,September,H,Centaurea jacea,Centaurea jacea,5,35.666666666666664,178.33333333333331,0,0,0,1,1,0,0,reduced_sown,0
BC05,NW,September,H,Centaurea stoebe,Centaurea stoebe,3,27,81,0,0,0,1,1,0,0,reduced_sown,0
BC05,NW,September,H,Echium vulgare,Echium vulgare,0.2,30,6,0,0,0,1,1,0,0,reduced_sown,0
BC05,NW,September,H,Festuca rubra,Festuca rubra,10,13.666666666666666,136.66666666666666,0,0,0,0,1,0,0,reduced_sown,0
BC05,NW,September,H,Geranium molle,Geranium molle,0.5,5,2.5,0,0,0,0,0,0,1,reduced_sown,0
BC05,NW,September,H,Hypericum perforatum,Hypericum perforatum,1,37.333333333333336,37.333333333333336,0,0,0,0,1,0,0,reduced_sown,0
BC05,NW,September,H,Hypochaeris radicata,Hypochaeris radicata,0.1,6.333333333333333,0.6333333333333333,0,0,0,1,0,0,0,reduced_sown,0
BC05,NW,September,H,Jacobaea vulgaris,Jacobaea vulgaris,2,57.333333333333336,114.66666666666667,0,0,0,1,1,0,0,reduced_sown,0
BC05,NW,September,H,Leucanthemum vulgare,Leucanthemum vulgare (aggr.),5,13.333333333333334,66.66666666666667,0,0,0,0,0,0,1,reduced_sown,0
BC05,NW,September,H,Malva alcea,Malva alcea,0.1,9.666666666666666,0.9666666666666667,0,0,0,0,0,0,1,reduced_sown,0
BC05,NW,September,H,Phleum phleoides,Phleum phleoides,1,21.666666666666668,21.666666666666668,0,0,0,0,1,0,0,reduced_sown,0
BC05,NW,September,H,Plantago lanceolata,Plantago lanceolata,5,25.333333333333332,126.66666666666666,0,0,0,1,1,0,0,reduced_sown,0
BC05,NW,September,H,Poa pratensis,Poa pratensis,0.5,22,11,0,0,0,0,1,0,0,reduced_sown,0
BC05,NW,September,H,Potentilla argentea,Potentilla argentea,2,6,12,0,0,0,1,1,0,0,reduced_sown,0
BC05,NW,September,H,Rumex acetosa,Rumex acetosa,2,8.666666666666666,17.333333333333332,0,0,0,0,0,0,1,reduced_sown,0
BC05,NW,September,H,Rumex acetosella,Rumex acetosella,1,6.333333333333333,6.333333333333333,0,0,0,0,1,0,0,reduced_sown,0
BC05,NW,September,H,Salvia pratensis,Salvia pratensis,0.5,13,6.5,0,0,0,0,0,0,1,reduced_sown,0
BC05,NW,September,H,Sedum acre,Sedum acre,3,6.333333333333333,19,0,0,0,0,0,0,1,reduced_sown,0
BC05,NW,September,H,Trifolium arvense,Trifolium arvense,0.1,15.333333333333334,1.5333333333333334,0,0,0,1,1,0,0,reduced_sown,0
BC05,NW,September,H,Trifolium dubium,Trifolium dubium,0.1,1,0.1,1,0,0,0,0,0,0,reduced_sown,0
BC05,NW,September,H,Trifolium incarnatum,Trifolium incarnatum,3,14.333333333333334,43,0,0,0,0,0,0,1,reduced_sown,0
BC05,NW,September,H,Trifolium pratensis,Trifolium pratense,7,14,98,0,0,0,1,1,0,0,reduced_sown,0
BC05,NW,September,H,Veronica arvensis,Veronica arvensis,0.001,1,0.001,1,0,0,0,0,0,0,reduced_sown,0
BC05,NW,September,H,Vicia hirsuta,Vicia hirsuta,0.5,12,6,0,0,0,0,0,0,1,reduced_sown,0
BC05,SE,September,H,Achillea millefolium,Achillea millefolium (aggr.),12,15,180,0,0,0,0,0,0,1,reduced_sown,0
BC05,SE,September,H,Agrostis capillaris,Agrostis capillaris,35,15.666666666666666,548.3333333333333,0,0,0,0,1,0,0,reduced_sown,0
BC05,SE,September,H,Carduus,Carduus,3,25,75,0,0,0,0,1,0,0,reduced_sown,0
BC05,SE,September,H,Centaurea jacea,Centaurea jacea,4,35.666666666666664,142.66666666666666,0,0,0,1,1,0,0,reduced_sown,0
BC05,SE,September,H,Centaurea stoebe,Centaurea stoebe,6,27,162,0,0,0,1,1,0,0,reduced_sown,0
BC05,SE,September,H,Echium vulgare,Echium vulgare,1,30,30,0,0,0,1,1,0,0,reduced_sown,0
BC05,SE,September,H,Festuca ovina,Festuca ovina,1,9.666666666666666,9.666666666666666,0,0,0,0,0,0,1,reduced_sown,0
BC05,SE,September,H,Festuca rubra,Festuca rubra,8,13.666666666666666,109.33333333333333,0,0,0,0,1,0,0,reduced_sown,0
BC05,SE,September,H,Geranium molle,Geranium molle,0.1,5,0.5,0,0,0,0,0,0,1,reduced_sown,0
BC05,SE,September,H,Hypericum perforatum,Hypericum perforatum,7,37.333333333333336,261.33333333333337,0,0,0,0,1,0,0,reduced_sown,0
BC05,SE,September,H,Hypochaeris radicata,Hypochaeris radicata,2,6.333333333333333,12.666666666666666,0,0,0,1,0,0,0,reduced_sown,0
BC05,SE,September,H,Leucanthemum vulgare,Leucanthemum vulgare (aggr.),7,13.333333333333334,93.33333333333334,0,0,0,0,0,0,1,reduced_sown,0
BC05,SE,September,H,Luzula campestris,Luzula campestris,0.1,8,0.8,0,0,0,0,0,0,1,reduced_sown,0
BC05,SE,September,H,Plantago lanceolata,Plantago lanceolata,9,25.333333333333332,228,0,0,0,1,1,0,0,reduced_sown,0
BC05,SE,September,H,Poa pratensis,Poa pratensis,1,22,22,0,0,0,0,1,0,0,reduced_sown,0
BC05,SE,September,H,Potentilla argentea,Potentilla argentea,0.2,6,1.2000000000000002,0,0,0,1,1,0,0,reduced_sown,0
BC05,SE,September,H,Rumex acetosa,Rumex acetosa,2,8.666666666666666,17.333333333333332,0,0,0,0,0,0,1,reduced_sown,0
BC05,SE,September,H,Rumex acetosella,Rumex acetosella,3,6.333333333333333,19,0,0,0,0,1,0,0,reduced_sown,0
BC05,SE,September,H,Salvia pratensis,Salvia pratensis,3,13,39,0,0,0,0,0,0,1,reduced_sown,0
BC05,SE,September,H,Sedum acre,Sedum acre,0.2,6.333333333333333,1.2666666666666666,0,0,0,0,0,0,1,reduced_sown,0
BC05,SE,September,H,Trifolium arvense,Trifolium arvense,2,15.333333333333334,30.666666666666668,0,0,0,1,1,0,0,reduced_sown,0
BC05,SE,September,H,Trifolium dubium,Trifolium dubium,0.1,1,0.1,1,0,0,0,0,0,0,reduced_sown,0
BC05,SE,September,H,Trifolium incarnatum,Trifolium incarnatum,5,14.333333333333334,71.66666666666667,0,0,0,0,0,0,1,reduced_sown,0
BC05,SE,September,H,Trifolium pratensis,Trifolium pratense,3,14,42,0,0,0,1,1,0,0,reduced_sown,0
BC05,SE,September,H,Trifolium repens,Trifolium repens,1,10,10,0,0,0,0,0,0,1,reduced_sown,0
BC05,SE,September,H,Vicia hirsuta,Vicia hirsuta,1,12,12,0,0,0,0,0,0,1,reduced_sown,0
BC06,NW,March,H,Achillea millefolium,Achillea millefolium (aggr.),0.1,1.3333333333333333,0.13333333333333333,0,0,0,0,0,0,1,regular,0
BC06,NW,March,H,Agrostis capillaris,Agrostis capillaris,1,5.333333333333333,5.333333333333333,0,0,0,0,0,0,1,regular,0
BC06,NW,March,H,Arenaria serpyllifolia,Arenaria serpyllifolia,0.01,1,0.01,0,0,0,0,0,0,1,regular,0
BC06,NW,March,H,Asteracea,Asteracea,0.5,1,0.5,0,0,0,0,0,0,1,regular,0
BC06,NW,March,H,Bellis perennis,Bellis perennis,0.5,2,1,0,0,1,0,0,0,0,regular,0
BC06,NW,March,H,Cerastium glutinosum,Cerastium pumilum subsp. glutinosum,0.01,1,0.01,0,0,0,0,0,0,1,regular,0
BC06,NW,March,H,Cerastium holosteoides,Cerastium fontanum subsp. vulgare,1,1,1,0,0,0,0,0,0,1,regular,0
BC06,NW,March,H,Crepis capillaris,Crepis capillaris,0.01,1,0.01,0,0,0,0,0,0,1,regular,0
BC06,NW,March,H,Dactylis glomerata,Dactylis glomerata,5,6,30,0,0,0,0,0,0,1,regular,0
BC06,NW,March,H,Elymus repens,Elytrigia repens,5,6.333333333333333,31.666666666666664,0,0,0,0,0,0,1,regular,0
BC06,NW,March,H,Festuca rubra,Festuca rubra,15,3.3333333333333335,50,0,0,0,0,0,0,1,regular,0
BC06,NW,March,H,Geranium molle,Geranium molle,3,1.3333333333333333,4,0,0,0,0,0,0,1,regular,0
BC06,NW,March,H,Plantago lanceolata,Plantago lanceolata,2,1.3333333333333333,2.6666666666666665,0,0,0,0,0,0,1,regular,0
BC06,NW,March,H,Plantago media,Plantago media,10,1.3333333333333333,13.333333333333332,0,0,0,0,0,0,1,regular,0
BC06,NW,March,H,Poa bulbosa,Poa bulbosa,0.5,6,3,0,0,0,0,0,0,1,regular,0
BC06,NW,March,H,Poa pratensis,Poa pratensis,2,4,8,0,0,0,0,0,0,1,regular,0
BC06,NW,March,H,Potentilla reptans,Potentilla reptans,0.5,2,1,0,0,0,0,0,0,1,regular,0
BC06,NW,March,H,Erigeron annuus,Erigeron annuus,0.5,1,0.5,0,0,0,0,0,0,1,regular,0
BC06,NW,March,H,Taraxacum,Taraxacum,0.5,2,1,0,0,0,0,0,0,1,regular,0
BC06,NW,March,H,Trifolium pratensis,Trifolium pratense,3,2.3333333333333335,7,0,0,0,0,0,0,1,regular,0
BC06,NW,March,H,Trifolium repens,Trifolium repens,3,1.6666666666666667,5,0,0,0,0,0,0,1,regular,0
BC06,NW,March,H,Veronica arvensis,Veronica arvensis,0.01,1,0.01,0,0,0,0,0,0,1,regular,0
BC06,NW,March,H,Vicia sativa,Vicia sativa,0.1,5.333333333333333,0.5333333333333333,0,0,0,0,0,0,1,regular,0
BC06,SE,March,H,Agrostis capillaris,Agrostis capillaris,1,5.333333333333333,5.333333333333333,0,0,0,0,0,0,1,regular,0
BC06,SE,March,H,Cardamine hirsuta,Cardamine hirsuta,0.1,1,0.1,0,0,0,1,0,0,0,regular,0
BC06,SE,March,H,Cerastium glutinosum,Cerastium pumilum subsp. glutinosum,0.5,1,0.5,0,0,0,0,0,0,1,regular,0
BC06,SE,March,H,Dactylis glomerata,Dactylis glomerata,1,6,6,0,0,0,0,0,0,1,regular,0
BC06,SE,March,H,Elymus repens,Elytrigia repens,1,6.333333333333333,6.333333333333333,0,0,0,0,0,0,1,regular,0
BC06,SE,March,H,Festuca ovina,Festuca ovina,5,6,30,0,0,0,0,0,0,1,regular,0
BC06,SE,March,H,Festuca rubra,Festuca rubra,5,3.3333333333333335,16.666666666666668,0,0,0,0,0,0,1,regular,0
BC06,SE,March,H,Geranium molle,Geranium molle,7,1.3333333333333333,9.333333333333332,0,0,0,0,0,0,1,regular,0
BC06,SE,March,H,Hypochaeris radicata,Hypochaeris radicata,0.2,1.6979166666666667,0.33958333333333335,0,0,0,0,0,0,1,regular,0
BC06,SE,March,H,Medicago lupulina,Medicago lupulina,1,2,2,0,0,0,0,0,0,1,regular,0
BC06,SE,March,H,Plantago lanceolata,Plantago lanceolata,25,1.3333333333333333,33.33333333333333,0,0,0,0,0,0,1,regular,0
BC06,SE,March,H,Poa pratensis,Poa pratensis,2,4,8,0,0,0,0,0,0,1,regular,0
BC06,SE,March,H,Potentilla reptans,Potentilla reptans,2,2,4,0,0,0,0,0,0,1,regular,0
BC06,SE,March,H,Trifolium dubium,Trifolium dubium,0.2,1.3611111111111112,0.27222222222222225,0,0,0,0,0,0,1,regular,0
BC06,SE,March,H,Trifolium pratensis,Trifolium pratense,0.1,2.3333333333333335,0.23333333333333336,0,0,0,0,0,0,1,regular,0
BC06,SE,March,H,Trifolium repens,Trifolium repens,1,1.6666666666666667,1.6666666666666667,0,0,0,0,0,0,1,regular,0
BC06,SE,March,H,Veronica arvensis,Veronica arvensis,0.1,1,0.1,0,0,0,0,0,0,1,regular,0
BC06,SE,March,H,Vicia sativa,Vicia sativa,0.3,5.333333333333333,1.5999999999999999,0,0,0,0,0,0,1,regular,0
BC06,NW,May,H,Achillea millefolium,Achillea millefolium (aggr.),0.5,4.666666666666667,2.3333333333333335,0,0,0,0,0,0,1,regular,0
BC06,NW,May,H,Agrostis capillaris,Agrostis capillaris,1,7.333333333333333,7.333333333333333,0,0,0,1,0,0,0,regular,0
BC06,NW,May,H,Arenaria serpyllifolia,Arenaria serpyllifolia,0.1,1.3333333333333333,0.13333333333333333,0,0,0,0,1,0,0,regular,0
BC06,NW,May,H,Arrhenatherum elatius,Arrhenatherum elatius,2,52,104,0,0,0,1,0,0,0,regular,0
BC06,NW,May,H,Astragalus glycyphyllos,Astragalus glycyphyllos,5,11.333333333333334,56.66666666666667,0,0,0,0,0,0,1,regular,0
BC06,NW,May,H,Bellis perennis,Bellis perennis,0.1,6.875,0.6875,0,0,0,0,1,0,0,regular,0
BC06,NW,May,H,Cerastium glutinosum,Cerastium pumilum subsp. glutinosum,0.1,3,0.30000000000000004,0,0,0,0,1,0,0,regular,0
BC06,NW,May,H,Cerastium holosteoides,Cerastium fontanum subsp. vulgare,0.5,7.111111111111111,3.5555555555555554,0,0,0,1,0,0,0,regular,0
BC06,NW,May,H,Convolvulus arvensis,Convolvulus arvensis,0.1,5,0.5,0,0,0,0,0,0,1,regular,0
BC06,NW,May,H,Dactylis glomerata,Dactylis glomerata,3,18,54,0,0,0,0,1,0,0,regular,0
BC06,NW,May,H,Elymus repens,Elytrigia repens,5,4.666666666666667,23.333333333333336,0,0,0,0,0,0,1,regular,0
BC06,NW,May,H,Festuca rubra,Festuca rubra,20,9.666666666666666,193.33333333333331,0,0,0,0,1,0,0,regular,0
BC06,NW,May,H,Geranium molle,Geranium molle,3,8.333333333333334,25,0,0,0,1,1,0,0,regular,0
BC06,NW,May,H,Lolium perenne,Lolium perenne,3,24.333333333333332,73,0,0,0,1,0,0,0,regular,0
BC06,NW,May,H,Medicago lupulina,Medicago lupulina,1,8,8,0,0,0,1,0,0,0,regular,0
BC06,NW,May,H,Plantago lanceolata,Plantago lanceolata,1,10.666666666666666,10.666666666666666,0,0,0,1,0,0,0,regular,0
BC06,NW,May,H,Plantago media,Plantago media,25,3.6666666666666665,91.66666666666666,0,0,0,1,0,0,0,regular,0
BC06,NW,May,H,Poa pratensis,Poa pratensis,1,19.333333333333332,19.333333333333332,0,0,0,0,1,0,0,regular,0
BC06,NW,May,H,Potentilla reptans,Potentilla reptans,3,4.666666666666667,14,0,0,0,0,0,0,1,regular,0
BC06,NW,May,H,Taraxacum,Taraxacum,3,3.3333333333333335,10,0,0,0,0,0,0,1,regular,0
BC06,NW,May,H,Trifolium pratensis,Trifolium pratense,2,17.5,35,0,0,0,1,0,0,0,regular,0
BC06,NW,May,H,Trifolium repens,Trifolium repens,0.1,4.333333333333333,0.43333333333333335,0,0,0,1,0,0,0,regular,0
BC06,NW,May,H,Veronica arvensis,Veronica arvensis,0.1,2,0.2,0,0,0,0,1,0,0,regular,0
BC06,NW,May,H,Vicia sativa,Vicia sativa,5,11.666666666666666,58.33333333333333,0,0,0,0,1,0,0,regular,0
BC06,SE,May,H,Agrostis capillaris,Agrostis capillaris,2,7.333333333333333,14.666666666666666,0,0,0,1,0,0,0,regular,0
BC06,SE,May,H,Arenaria serpyllifolia,Arenaria serpyllifolia,0.01,1.3333333333333333,0.013333333333333332,0,0,0,0,1,0,0,regular,0
BC06,SE,May,H,Astragalus glycyphyllos,Astragalus glycyphyllos,0.5,11.333333333333334,5.666666666666667,0,0,0,0,0,0,1,regular,0
BC06,SE,May,H,Cerastium glutinosum,Cerastium pumilum subsp. glutinosum,1,3,3,0,0,0,0,1,0,0,regular,0
BC06,SE,May,H,Convolvulus arvensis,Convolvulus arvensis,0.8,5,4,0,0,0,0,0,0,1,regular,0
BC06,SE,May,H,Dactylis glomerata,Dactylis glomerata,3,18,54,0,0,0,0,1,0,0,regular,0
BC06,SE,May,H,Elymus repens,Elytrigia repens,2,4.666666666666667,9.333333333333334,0,0,0,0,0,0,1,regular,0
BC06,SE,May,H,Festuca ovina,Festuca ovina,15,14.666666666666666,220,0,0,0,0,0,0,1,regular,0
BC06,SE,May,H,Festuca rubra,Festuca rubra,5,9.666666666666666,48.33333333333333,0,0,0,0,1,0,0,regular,0
BC06,SE,May,H,Geranium molle,Geranium molle,1,8.333333333333334,8.333333333333334,0,0,0,1,1,0,0,regular,0
BC06,SE,May,H,Hypochaeris radicata,Hypochaeris radicata,1,3,3,0,0,0,0,0,0,1,regular,0
BC06,SE,May,H,Lolium perenne,Lolium perenne,0.5,24.333333333333332,12.166666666666666,0,0,0,1,0,0,0,regular,0
BC06,SE,May,H,Medicago lupulina,Medicago lupulina,1,8,8,0,0,0,1,0,0,0,regular,0
BC06,SE,May,H,Plantago lanceolata,Plantago lanceolata,20,10.666666666666666,213.33333333333331,0,0,0,1,0,0,0,regular,0
BC06,SE,May,H,Poa pratensis,Poa pratensis,10,19.333333333333332,193.33333333333331,0,0,0,0,1,0,0,regular,0
BC06,SE,May,H,Potentilla reptans,Potentilla reptans,3,4.666666666666667,14,0,0,0,0,0,0,1,regular,0
BC06,SE,May,H,Trifolium dubium,Trifolium dubium,2,3.6666666666666665,7.333333333333333,0,0,0,0,1,0,0,regular,0
BC06,SE,May,H,Trifolium pratensis,Trifolium pratense,1,17.5,17.5,0,0,0,1,0,0,0,regular,0
BC06,SE,May,H,Trifolium repens,Trifolium repens,0.5,4.333333333333333,2.1666666666666665,0,0,0,1,0,0,0,regular,0
BC06,SE,May,H,Veronica arvensis,Veronica arvensis,0.1,2,0.2,0,0,0,0,1,0,0,regular,0
BC06,SE,May,H,Vicia sativa,Vicia sativa,1,11.666666666666666,11.666666666666666,0,0,0,0,1,0,0,regular,0
BC06,NW,July,H,Achillea millefolium,Achillea millefolium (aggr.),5,6.333333333333333,31.666666666666664,0,0,0,1,0,0,0,regular,1
BC06,NW,July,H,Agrostis capillaris,Agrostis capillaris,6,6.333333333333333,38,0,0,0,0,0,0,1,regular,1
BC06,NW,July,H,Arenaria serpyllifolia,Arenaria serpyllifolia,0.1,1,0.1,1,0,0,0,0,0,0,regular,1
BC06,NW,July,H,Astragalus glycyphyllos,Astragalus glycyphyllos,2,7.333333333333333,14.666666666666666,0,0,0,0,0,0,1,regular,1
BC06,NW,July,H,Bellis perennis,Bellis perennis,0.1,4,0.4,0,0,1,0,0,0,0,regular,1
BC06,NW,July,H,Convolvulus arvensis,Convolvulus arvensis,3,6.666666666666667,20,0,0,0,1,0,0,0,regular,1
BC06,NW,July,H,Crepis capillaris,Crepis capillaris,0.01,6.5,0.065,0,0,1,0,0,0,0,regular,1
BC06,NW,July,H,Dactylis glomerata,Dactylis glomerata,15,10,150,0,0,0,0,0,0,1,regular,1
BC06,NW,July,H,Elymus repens,Elytrigia repens,3,11.333333333333334,34,0,0,0,0,0,0,1,regular,1
BC06,NW,July,H,Festuca rubra,Festuca rubra,25,6.666666666666667,166.66666666666669,0,0,0,0,0,0,1,regular,1
BC06,NW,July,H,Geranium molle,Geranium molle,1,2.6666666666666665,2.6666666666666665,1,0,0,0,0,0,0,regular,1
BC06,NW,July,H,Lolium perenne,Lolium perenne,2,8.333333333333334,16.666666666666668,0,0,0,0,0,0,1,regular,1
BC06,NW,July,H,Medicago lupulina,Medicago lupulina,1,6,6,0,0,0,1,1,0,0,regular,1
BC06,NW,July,H,Plantago lanceolata,Plantago lanceolata,2,6,12,0,0,0,1,1,0,0,regular,1
BC06,NW,July,H,Plantago media,Plantago media,30,4.333333333333333,130,0,0,0,1,1,0,0,regular,1
BC06,NW,July,H,Poa pratensis,Poa pratensis,1,8.5,8.5,0,0,0,0,0,0,1,regular,1
BC06,NW,July,H,Potentilla reptans,Potentilla reptans,1,4.666666666666667,4.666666666666667,0,0,0,0,0,0,1,regular,1
BC06,NW,July,H,Taraxacum,Taraxacum,1,6,6,0,0,0,0,0,0,1,regular,1
BC06,NW,July,H,Trifolium pratensis,Trifolium pratense,0.5,8.333333333333334,4.166666666666667,0,0,0,0,0,0,1,regular,1
BC06,NW,July,H,Trifolium repens,Trifolium repens,0.5,4.666666666666667,2.3333333333333335,0,0,0,0,0,0,1,regular,1
BC06,NW,July,H,Veronica arvensis,Veronica arvensis,0.1,1,0.1,1,0,0,0,0,0,0,regular,1
BC06,SE,July,H,Agrostis capillaris,Agrostis capillaris,5,6.333333333333333,31.666666666666664,0,0,0,0,0,0,1,regular,1
BC06,SE,July,H,Arenaria serpyllifolia,Arenaria serpyllifolia,0.5,1,0.5,1,0,0,0,0,0,0,regular,1
BC06,SE,July,H,Convolvulus arvensis,Convolvulus arvensis,3,6.666666666666667,20,0,0,0,1,0,0,0,regular,1
BC06,SE,July,H,Dactylis glomerata,Dactylis glomerata,4,10,40,0,0,0,0,0,0,1,regular,1
BC06,SE,July,H,Festuca ovina,Festuca ovina,5,7,35,0,0,0,0,0,0,1,regular,1
BC06,SE,July,H,Festuca rubra,Festuca rubra,30,6.666666666666667,200,0,0,0,0,0,0,1,regular,1
BC06,SE,July,H,Geranium molle,Geranium molle,2,2.6666666666666665,5.333333333333333,1,0,0,0,0,0,0,regular,1
BC06,SE,July,H,Hypochaeris radicata,Hypochaeris radicata,2,4,8,0,0,0,0,0,0,1,regular,1
BC06,SE,July,H,Lolium perenne,Lolium perenne,6,8.333333333333334,50,0,0,0,0,0,0,1,regular,1
BC06,SE,July,H,Plantago lanceolata,Plantago lanceolata,20,6,120,0,0,0,1,1,0,0,regular,1
BC06,SE,July,H,Plantago media,Plantago media,2,4.333333333333333,8.666666666666666,0,0,0,1,1,0,0,regular,1
BC06,SE,July,H,Poa pratensis,Poa pratensis,1,8.5,8.5,0,0,0,0,0,0,1,regular,1
BC06,SE,July,H,Potentilla reptans,Potentilla reptans,15,4.666666666666667,70,0,0,0,0,0,0,1,regular,1
BC06,SE,July,H,Trifolium dubium,Trifolium dubium,0.1,1.6666666666666667,0.16666666666666669,0,0,0,1,0,0,0,regular,1
BC06,SE,July,H,Trifolium pratensis,Trifolium pratense,0.1,8.333333333333334,0.8333333333333335,0,0,0,0,0,0,1,regular,1
BC06,SE,July,H,Trifolium repens,Trifolium repens,0.5,4.666666666666667,2.3333333333333335,0,0,0,0,0,0,1,regular,1
BC06,NW,September,H,Achillea millefolium,Achillea millefolium (aggr.),4,6.666666666666667,26.666666666666668,0,0,0,0,0,0,1,regular,3
BC06,NW,September,H,Agrostis capillaris,Agrostis capillaris,10,8.333333333333334,83.33333333333334,0,0,0,0,0,0,1,regular,3
BC06,NW,September,H,Arenaria serpyllifolia,Arenaria serpyllifolia,0.2,2.6666666666666665,0.5333333333333333,0,0,0,0,0,0,1,regular,3
BC06,NW,September,H,Arrhenatherum elatius,Arrhenatherum elatius,3,12.333333333333334,37,0,0,0,0,0,0,1,regular,3
BC06,NW,September,H,Astragalus glycyphyllos,Astragalus glycyphyllos,3,10.333333333333334,31,0,0,0,0,0,0,1,regular,3
BC06,NW,September,H,Bellis perennis,Bellis perennis,2,5,10,0,0,0,1,0,0,0,regular,3
BC06,NW,September,H,Cerastium glutinosum,Cerastium pumilum subsp. glutinosum,0.01,1.3333333333333333,0.013333333333333332,1,0,0,0,0,0,0,regular,3
BC06,NW,September,H,Convolvulus arvensis,Convolvulus arvensis,2,5,10,0,0,0,0,0,0,1,regular,3
BC06,NW,September,H,Crepis capillaris,Crepis capillaris,1,12,12,0,0,0,1,0,0,0,regular,3
BC06,NW,September,H,Dactylis glomerata,Dactylis glomerata,10,15.333333333333334,153.33333333333334,0,0,0,0,0,0,1,regular,3
BC06,NW,September,H,Echium vulgare,Echium vulgare,1,6.333333333333333,6.333333333333333,0,0,0,0,0,0,1,regular,3
BC06,NW,September,H,Elymus repens,Elytrigia repens,0.1,10.666666666666666,1.0666666666666667,0,0,0,0,0,0,1,regular,3
BC06,NW,September,H,Festuca pratensis,Schedonorus pratensis,2,10.833333333333332,21.666666666666664,0,0,0,0,0,0,1,regular,3
BC06,NW,September,H,Festuca rubra,Festuca rubra,17,9.666666666666666,164.33333333333331,0,0,0,0,0,0,1,regular,3
BC06,NW,September,H,Geranium molle,Geranium molle,2,4.666666666666667,9.333333333333334,0,0,0,1,1,0,0,regular,3
BC06,NW,September,H,Lolium perenne,Lolium perenne,5,7.333333333333333,36.666666666666664,0,0,0,0,0,0,1,regular,3
BC06,NW,September,H,Medicago lupulina,Medicago lupulina,2,4.333333333333333,8.666666666666666,0,0,0,1,0,0,0,regular,3
BC06,NW,September,H,Plantago lanceolata,Plantago lanceolata,3,4.333333333333333,13,0,0,0,1,1,0,0,regular,3
BC06,NW,September,H,Plantago media,Plantago media,30,6.333333333333333,190,0,0,0,1,1,0,0,regular,3
BC06,NW,September,H,Poa pratensis,Poa pratensis,0.5,11.666666666666666,5.833333333333333,0,0,0,0,0,0,1,regular,3
BC06,NW,September,H,Potentilla reptans,Potentilla reptans,4,4,16,0,0,0,0,0,0,1,regular,3
BC06,NW,September,H,Taraxacum,Taraxacum,1,5.333333333333333,5.333333333333333,0,0,0,0,0,1,0,regular,3
BC06,NW,September,H,Trifolium pratensis,Trifolium pratense,1,8.333333333333334,8.333333333333334,0,0,0,1,1,0,0,regular,3
BC06,NW,September,H,Trifolium repens,Trifolium repens,6,5.666666666666667,34,0,0,0,1,1,0,0,regular,3
BC06,NW,September,H,Veronica arvensis,Veronica arvensis,0.5,1,0.5,1,0,0,0,0,0,0,regular,3
BC06,NW,September,H,Vicia sativa,Vicia sativa,1,6.666666666666667,6.666666666666667,0,0,0,0,0,0,1,regular,3
BC06,SE,September,H,Agrostis capillaris,Agrostis capillaris,5,8.333333333333334,41.66666666666667,0,0,0,0,0,0,1,regular,3
BC06,SE,September,H,Arenaria serpyllifolia,Arenaria serpyllifolia,3,2.6666666666666665,8,0,0,0,0,0,0,1,regular,3
BC06,SE,September,H,Cerastium glutinosum,Cerastium pumilum subsp. glutinosum,0.01,1.3333333333333333,0.013333333333333332,1,0,0,0,0,0,0,regular,3
BC06,SE,September,H,Convolvulus arvensis,Convolvulus arvensis,0.5,5,2.5,0,0,0,0,0,0,1,regular,3
BC06,SE,September,H,Dactylis glomerata,Dactylis glomerata,3,15.333333333333334,46,0,0,0,0,0,0,1,regular,3
BC06,SE,September,H,Echium vulgare,Echium vulgare,4,6.333333333333333,25.333333333333332,0,0,0,0,0,0,1,regular,3
BC06,SE,September,H,Festuca ovina,Festuca ovina,10,9.666666666666666,96.66666666666666,0,0,0,0,0,0,1,regular,3
BC06,SE,September,H,Festuca pratensis,Schedonorus pratensis,0.5,10.833333333333332,5.416666666666666,0,0,0,0,0,0,1,regular,3
BC06,SE,September,H,Festuca rubra,Festuca rubra,40,9.666666666666666,386.66666666666663,0,0,0,0,0,0,1,regular,3
BC06,SE,September,H,Geranium molle,Geranium molle,4,4.666666666666667,18.666666666666668,0,0,0,1,1,0,0,regular,3
BC06,SE,September,H,Hypochaeris radicata,Hypochaeris radicata,2,2,4,0,0,0,0,0,0,1,regular,3
BC06,SE,September,H,Lolium perenne,Lolium perenne,10,7.333333333333333,73.33333333333333,0,0,0,0,0,0,1,regular,3
BC06,SE,September,H,Medicago lupulina,Medicago lupulina,0.5,4.333333333333333,2.1666666666666665,0,0,0,1,0,0,0,regular,3
BC06,SE,September,H,Plantago lanceolata,Plantago lanceolata,25,4.333333333333333,108.33333333333333,0,0,0,1,1,0,0,regular,3
BC06,SE,September,H,Plantago media,Plantago media,3,6.333333333333333,19,0,0,0,1,1,0,0,regular,3
BC06,SE,September,H,Poa pratensis,Poa pratensis,1,11.666666666666666,11.666666666666666,0,0,0,0,0,0,1,regular,3
BC06,SE,September,H,Potentilla reptans,Potentilla reptans,15,4,60,0,0,0,0,0,0,1,regular,3
BC06,SE,September,H,Stellaria media,Stellaria media,0.001,1,0.001,1,0,0,0,0,0,0,regular,3
BC06,SE,September,H,Trifolium dubium,Trifolium dubium,0.5,1,0.5,0,0,0,0,0,0,1,regular,3
BC06,SE,September,H,Trifolium pratensis,Trifolium pratense,1,8.333333333333334,8.333333333333334,0,0,0,1,1,0,0,regular,3
BC06,SE,September,H,Trifolium repens,Trifolium repens,1,5.666666666666667,5.666666666666667,0,0,0,1,1,0,0,regular,3
BC06,SE,September,H,Veronica arvensis,Veronica arvensis,0.01,1,0.01,1,0,0,0,0,0,0,regular,3
BC06,SE,September,H,Vicia sativa,Vicia sativa,1,6.666666666666667,6.666666666666667,0,0,0,0,0,0,1,regular,3
BC07,N,March,H,Arenaria serpyllifolia,Arenaria serpyllifolia,4,2.3333333333333335,9.333333333333334,0,0,0,0,0,0,1,reduced,0
BC07,N,March,H,Artemisia campestris,Artemisia campestris,0.1,3.3333333333333335,0.33333333333333337,0,0,0,0,0,0,1,reduced,0
BC07,N,March,H,Berteroa incana,Berteroa incana,7,2.6666666666666665,18.666666666666664,0,0,0,0,0,0,1,reduced,0
BC07,N,March,H,Bromus mollis,Bromus hordeaceus,0.5,7.666666666666667,3.8333333333333335,0,0,0,0,0,0,1,reduced,0
BC07,N,March,H,Cardamine hirsuta,Cardamine hirsuta,0.01,1,0.01,0,0,0,0,0,0,1,reduced,0
BC07,N,March,H,Cerastium semidecandrum,Cerastium semidecandrum,12,1,12,0,0,1,0,0,0,0,reduced,0
BC07,N,March,H,Draba verna,Draba verna,3,1,3,0,0,0,1,0,0,0,reduced,0
BC07,N,March,H,Echium vulgare,Echium vulgare,2,1,2,0,0,0,0,0,0,1,reduced,0
BC07,N,March,H,Erodium cicutarium,Erodium cicutarium,0.5,1,0.5,0,0,0,0,0,0,1,reduced,0
BC07,N,March,H,Festuca rubra,Festuca rubra,10,5.666666666666667,56.66666666666667,0,0,0,0,0,0,1,reduced,0
BC07,N,March,H,Holosteum umbellatum,Holosteum umbellatum,0.1,1,0.1,0,0,0,1,0,0,0,reduced,0
BC07,N,March,H,Lamium purpureum,Lamium purpureum,1,2.5,2.5,0,0,0,1,0,0,0,reduced,0
BC07,N,March,H,Medicago lupulina,Medicago lupulina,10,1.3333333333333333,13.333333333333332,0,0,0,0,0,0,1,reduced,0
BC07,N,March,H,Myosotis,Myosotis,0.1,1.6666666666666667,0.16666666666666669,0,0,0,0,0,0,1,reduced,0
BC07,N,March,H,Myosotis ramosissima,Myosotis ramosissima,0.01,1,0.01,0,0,0,1,0,0,0,reduced,0
BC07,N,March,H,Oenothera biennis,Oenothera biennis,1,1.6666666666666667,1.6666666666666667,0,0,0,0,0,0,1,reduced,0
BC07,N,March,H,Plantago lanceolata,Plantago lanceolata,0.5,1.5,0.75,0,0,0,0,0,0,1,reduced,0
BC07,N,March,H,Poa bulbosa,Poa bulbosa,0.1,7,0.7000000000000001,0,0,0,0,0,0,1,reduced,0
BC07,N,March,H,Potentilla argentea,Potentilla argentea,0.1,3.6666666666666665,0.3666666666666667,0,0,0,0,0,0,1,reduced,0
BC07,N,March,H,Saxifraga tridactylites,Saxifraga tridactylites,8,1,8,0,0,1,0,0,0,0,reduced,0
BC07,N,March,H,Sedum acre,Sedum acre,5,2.6666666666666665,13.333333333333332,0,0,0,0,0,0,1,reduced,0
BC07,N,March,H,Senecio vulgaris,Senecio vulgaris,0.1,3,0.30000000000000004,0,0,0,0,0,0,1,reduced,0
BC07,N,March,H,Stellaria media,Stellaria media,3,1.5,4.5,0,0,0,0,0,0,1,reduced,0
BC07,N,March,H,Trifolium dubium,Trifolium dubium,0.5,5,2.5,0,0,0,0,0,0,1,reduced,0
BC07,N,March,H,Veronica arvensis,Veronica arvensis,0.5,1,0.5,1,0,0,0,0,0,0,reduced,0
BC07,N,March,H,Veronica polita,Veronica polita,1,2.5,2.5,0,0,0,1,0,0,0,reduced,0
BC07,N,March,H,Vicia lathyroides,Vicia lathyroides,0.5,4.5,2.25,0,0,0,0,0,0,1,reduced,0
BC07,S,March,H,Achillea millefolium,Achillea millefolium (aggr.),0.1,2,0.2,0,0,0,0,0,0,1,reduced,0
BC07,S,March,H,Arenaria serpyllifolia,Arenaria serpyllifolia,5,2.3333333333333335,11.666666666666668,0,0,0,0,0,0,1,reduced,0
BC07,S,March,H,Artemisia campestris,Artemisia campestris,0.5,3.3333333333333335,1.6666666666666667,0,0,0,0,0,0,1,reduced,0
BC07,S,March,H,Cardamine hirsuta,Cardamine hirsuta,0.01,1,0.01,0,0,0,0,0,0,1,reduced,0
BC07,S,March,H,Cerastium semidecandrum,Cerastium semidecandrum,5,1,5,0,0,1,0,0,0,0,reduced,0
BC07,S,March,H,Crepis capillaris,Crepis capillaris,0.01,1,0.01,0,0,0,0,0,0,1,reduced,0
BC07,S,March,H,Draba verna,Draba verna,0.1,1,0.1,0,0,0,1,0,0,0,reduced,0
BC07,S,March,H,Echium vulgare,Echium vulgare,0.3,1,0.3,0,0,0,0,0,0,1,reduced,0
BC07,S,March,H,Erigeron annuus,Erigeron annuus,0.1,1,0.1,0,0,0,0,0,0,1,reduced,0
BC07,S,March,H,Festuca rubra,Festuca rubra,15,5.666666666666667,85,0,0,0,0,0,0,1,reduced,0
BC07,S,March,H,Geranium molle,Geranium molle,0.1,1,0.1,0,0,0,0,0,0,1,reduced,0
BC07,S,March,H,Hypochaeris radicata,Hypochaeris radicata,0.1,2,0.2,0,0,0,0,0,0,1,reduced,0
BC07,S,March,H,Medicago lupulina,Medicago lupulina,15,1.3333333333333333,20,0,0,0,0,0,0,1,reduced,0
BC07,S,March,H,Myosotis ramosissima,Myosotis ramosissima,0.01,1,0.01,0,0,0,1,0,0,0,reduced,0
BC07,S,March,H,Oenothera biennis,Oenothera biennis,4,1.6666666666666667,6.666666666666667,0,0,0,0,0,0,1,reduced,0
BC07,S,March,H,Plantago lanceolata,Plantago lanceolata,0.5,1.5,0.75,0,0,0,0,0,0,1,reduced,0
BC07,S,March,H,Potentilla argentea,Potentilla argentea,7,3.6666666666666665,25.666666666666664,0,0,0,0,0,0,1,reduced,0
BC07,S,March,H,Rumex acetosa,Rumex acetosa,1,2.5,2.5,0,0,0,0,0,0,1,reduced,0
BC07,S,March,H,Saxifraga tridactylites,Saxifraga tridactylites,0.01,1,0.01,0,0,1,0,0,0,0,reduced,0
BC07,S,March,H,Sedum album,Sedum album,5,1,5,0,0,0,0,0,0,1,reduced,0
BC07,S,March,H,Taraxacum,Taraxacum,0.2,1,0.2,0,0,0,0,0,0,1,reduced,0
BC07,S,March,H,Tragopogon,Tragopogon,0.1,4.5,0.45,0,0,0,0,0,0,1,reduced,0
BC07,S,March,H,Trifolium dubium,Trifolium dubium,0.03,5,0.15,0,0,0,0,0,0,1,reduced,0
BC07,S,March,H,Veronica arvensis,Veronica arvensis,0.05,1,0.05,1,0,0,0,0,0,0,reduced,0
BC07,S,March,H,Vicia lathyroides,Vicia lathyroides,0.7,4.5,3.15,0,0,0,0,0,0,1,reduced,0
BC07,N,May,H,Arenaria serpyllifolia,Arenaria serpyllifolia,5,3.3333333333333335,16.666666666666668,0,0,0,0,1,0,0,reduced,0
BC07,N,May,H,Artemisia campestris,Artemisia campestris,1,5,5,0,0,0,0,0,0,1,reduced,0
BC07,N,May,H,Berteroa incana,Berteroa incana,15,16.666666666666668,250.00000000000003,0,0,0,0,0,0,1,reduced,0
BC07,N,May,H,Bromus mollis,Bromus hordeaceus,1,17,17,0,0,0,0,1,0,0,reduced,0
BC07,N,May,H,Cerastium semidecandrum,Cerastium semidecandrum,3,4.666666666666667,14,0,0,0,0,1,0,0,reduced,0
BC07,N,May,H,Echium vulgare,Echium vulgare,3,5,15,0,0,0,0,0,0,1,reduced,0
BC07,N,May,H,Erodium cicutarium,Erodium cicutarium,0.5,3,1.5,0,0,0,0,1,0,0,reduced,0
BC07,N,May,H,Festuca rubra,Festuca rubra,15,4.333333333333333,65,0,0,0,1,1,0,0,reduced,0
BC07,N,May,H,Myosotis ramosissima,Myosotis ramosissima,0.1,8.666666666666666,0.8666666666666667,0,0,0,0,1,0,0,reduced,0
BC07,N,May,H,Oenothera biennis,Oenothera biennis,0.5,14.333333333333334,7.166666666666667,0,0,0,0,0,0,1,reduced,0
BC07,N,May,H,Plantago lanceolata,Plantago lanceolata,3,8.333333333333334,25,0,0,0,0,0,0,1,reduced,0
BC07,N,May,H,Potentilla argentea,Potentilla argentea,1,13.666666666666666,13.666666666666666,0,0,1,0,0,0,0,reduced,0
BC07,N,May,H,Sedum acre,Sedum acre,15,4,60,0,0,1,0,0,0,0,reduced,0
BC07,N,May,H,Trifolium arvense,Trifolium arvense,15,4.333333333333333,65,0,0,0,0,0,0,1,reduced,0
BC07,N,May,H,Veronica arvensis,Veronica arvensis,1,4,4,0,0,0,0,1,0,0,reduced,0
BC07,N,May,H,Vicia lathyroides,Vicia lathyroides,2,7.666666666666667,15.333333333333334,0,0,0,0,1,0,0,reduced,0
BC07,S,May,H,Arenaria serpyllifolia,Arenaria serpyllifolia,5,3.3333333333333335,16.666666666666668,0,0,0,0,1,0,0,reduced,0
BC07,S,May,H,Artemisia campestris,Artemisia campestris,0.5,5,2.5,0,0,0,0,0,0,1,reduced,0
BC07,S,May,H,Cerastium semidecandrum,Cerastium semidecandrum,10,4.666666666666667,46.66666666666667,0,0,0,0,1,0,0,reduced,0
BC07,S,May,H,Echium vulgare,Echium vulgare,0.5,5,2.5,0,0,0,0,0,0,1,reduced,0
BC07,S,May,H,Erigeron annuus,Erigeron annuus,0.7,2,1.4,0,0,0,0,0,0,1,reduced,0
BC07,S,May,H,Festuca rubra,Festuca rubra,10,4.333333333333333,43.33333333333333,0,0,0,1,1,0,0,reduced,0
BC07,S,May,H,Herniaria glabra,Herniaria glabra,2,2,4,0,0,0,1,0,0,0,reduced,0
BC07,S,May,H,Myosotis ramosissima,Myosotis ramosissima,0.2,8.666666666666666,1.7333333333333334,0,0,0,0,1,0,0,reduced,0
BC07,S,May,H,Oenothera biennis,Oenothera biennis,3,14.333333333333334,43,0,0,0,0,0,0,1,reduced,0
BC07,S,May,H,Plantago lanceolata,Plantago lanceolata,0.5,8.333333333333334,4.166666666666667,0,0,0,0,0,0,1,reduced,0
BC07,S,May,H,Potentilla argentea,Potentilla argentea,5,13.666666666666666,68.33333333333333,0,0,1,0,0,0,0,reduced,0
BC07,S,May,H,Rumex acetosa,Rumex acetosa,1,5,5,0,0,0,0,0,0,1,reduced,0
BC07,S,May,H,Sedum album,Sedum album,7,3.3333333333333335,23.333333333333336,0,0,0,0,0,0,1,reduced,0
BC07,S,May,H,Tragopogon,Tragopogon,0.2,10,2,0,0,0,0,0,0,1,reduced,0
BC07,S,May,H,Trifolium arvense,Trifolium arvense,15,4.333333333333333,65,0,0,0,0,0,0,1,reduced,0
BC07,S,May,H,Trifolium dubium,Trifolium dubium,1,4,4,0,0,0,1,0,0,0,reduced,0
BC07,S,May,H,Veronica arvensis,Veronica arvensis,0.001,4,0.004,0,0,0,0,1,0,0,reduced,0
BC07,S,May,H,Vicia lathyroides,Vicia lathyroides,5,7.666666666666667,38.333333333333336,0,0,0,0,1,0,0,reduced,0
BC07,N,July,H,Arenaria serpyllifolia,Arenaria serpyllifolia,0.1,8.666666666666666,0.8666666666666667,0,0,0,1,1,0,0,reduced,1
BC07,N,July,H,Artemisia campestris,Artemisia campestris,6,26,156,0,0,0,1,1,0,0,reduced,1
BC07,N,July,H,Berteroa incana,Berteroa incana,30,41.333333333333336,1240,0,0,0,1,1,0,0,reduced,1
BC07,N,July,H,Bromus mollis,Bromus hordeaceus,0.5,5.5,2.75,1,0,0,0,0,0,0,reduced,1
BC07,N,July,H,Digitaria sanguinalis,Digitaria sanguinalis,0.01,10,0.1,1,0,0,0,0,0,0,reduced,1
BC07,N,July,H,Echium vulgare,Echium vulgare,6,51,306,0,0,0,1,1,0,0,reduced,1
BC07,N,July,H,Erodium cicutarium,Erodium cicutarium,0.1,4.5,0.45,0,0,0,1,1,0,0,reduced,1
BC07,N,July,H,Festuca rubra,Festuca rubra,15,7.5,112.5,0,0,0,1,1,0,0,reduced,1
BC07,N,July,H,Medicago minima,Medicago minima,0.3,9.333333333333334,2.8000000000000003,0,0,0,1,1,0,0,reduced,1
BC07,N,July,H,Medicago sativa,Medicago sativa,2,23,46,0,0,0,1,1,0,0,reduced,1
BC07,N,July,H,Plantago lanceolata,Plantago lanceolata,10,13.666666666666666,136.66666666666666,0,0,0,1,1,0,0,reduced,1
BC07,N,July,H,Potentilla argentea,Potentilla argentea,0.5,9.666666666666666,4.833333333333333,0,0,0,1,1,0,0,reduced,1
BC07,N,July,H,Sedum acre,Sedum acre,3,5.666666666666667,17,0,0,0,0,0,0,1,reduced,1
BC07,N,July,H,Setaria viridis,Setaria viridis,0.1,9.666666666666666,0.9666666666666667,0,0,0,0,0,0,1,reduced,1
BC07,N,July,H,Trifolium arvense,Trifolium arvense,45,20.666666666666668,930,0,0,0,1,1,0,0,reduced,1
BC07,N,July,H,Vicia lathyroides,Vicia lathyroides,0.1,3.3333333333333335,0.33333333333333337,1,0,0,0,0,0,0,reduced,1
BC07,S,July,H,Achillea millefolium,Achillea millefolium (aggr.),0.2,10,2,0,0,0,0,0,0,1,reduced,1
BC07,S,July,H,Arenaria serpyllifolia,Arenaria serpyllifolia,0.2,8.666666666666666,1.7333333333333334,0,0,0,1,1,0,0,reduced,1
BC07,S,July,H,Artemisia campestris,Artemisia campestris,12,26,312,0,0,0,1,1,0,0,reduced,1
BC07,S,July,H,Conyza canadensis,Erigeron canadensis,5,43,215,0,0,0,1,1,0,0,reduced,1
BC07,S,July,H,Crepis capillaris,Crepis capillaris,0.1,14,1.4000000000000001,0,0,0,1,1,0,0,reduced,1
BC07,S,July,H,Digitaria sanguinalis,Digitaria sanguinalis,0.01,10,0.1,1,0,0,0,0,0,0,reduced,1
BC07,S,July,H,Echium vulgare,Echium vulgare,2,51,102,0,0,0,1,1,0,0,reduced,1
BC07,S,July,H,Festuca rubra,Festuca rubra,10,7.5,75,0,0,0,1,1,0,0,reduced,1
BC07,S,July,H,Herniaria glabra,Herniaria glabra,5,1.3333333333333333,6.666666666666666,0,0,0,1,1,0,0,reduced,1
BC07,S,July,H,Lamium purpureum,Lamium purpureum,0.01,1,0.01,1,0,0,0,0,0,0,reduced,1
BC07,S,July,H,Oenothera biennis,Oenothera biennis,6,45.666666666666664,274,0,0,0,1,0,0,0,reduced,1
BC07,S,July,H,Plantago lanceolata,Plantago lanceolata,4,13.666666666666666,54.666666666666664,0,0,0,1,1,0,0,reduced,1
BC07,S,July,H,Potentilla argentea,Potentilla argentea,7,9.666666666666666,67.66666666666666,0,0,0,1,1,0,0,reduced,1
BC07,S,July,H,Rumex acetosa,Rumex acetosa,2,16.666666666666668,33.333333333333336,0,0,0,1,1,0,0,reduced,1
BC07,S,July,H,Sedum album,Sedum album,15,4.333333333333333,65,0,0,0,1,0,0,0,reduced,1
BC07,S,July,H,Setaria viridis,Setaria viridis,0.01,9.666666666666666,0.09666666666666666,0,0,0,0,0,0,1,reduced,1
BC07,S,July,H,Taraxacum,Taraxacum,2,5.5,11,0,0,0,1,0,0,0,reduced,1
BC07,S,July,H,Trifolium arvense,Trifolium arvense,50,20.666666666666668,1033.3333333333335,0,0,0,1,1,0,0,reduced,1
BC07,S,July,H,Trifolium dubium,Trifolium dubium,1,1,1,0,0,0,0,0,0,1,reduced,1
BC07,S,July,H,Vicia lathyroides,Vicia lathyroides,0.01,3.3333333333333335,0.03333333333333333,1,0,0,0,0,0,0,reduced,1
BC07,S,July,H,Vicia sativa,Vicia sativa,0.01,5,0.05,0,0,0,0,0,0,1,reduced,1
BC07,N,September,H,Arenaria serpyllifolia,Arenaria serpyllifolia,7,1.3333333333333333,9.333333333333332,0,0,0,0,0,0,1,reduced,0
BC07,N,September,H,Artemisia campestris,Artemisia campestris,10,8.666666666666666,86.66666666666666,0,0,0,1,1,0,0,reduced,0
BC07,N,September,H,Berteroa incana,Berteroa incana,20,15,300,0,0,0,1,1,0,0,reduced,0
BC07,N,September,H,Bromus mollis,Bromus hordeaceus,0.3,10,3,0,0,0,0,1,0,0,reduced,0
BC07,N,September,H,Cerastium,Cerastium,3,1,3,1,0,0,0,0,0,0,reduced,0
BC07,N,September,H,Crepis capillaris,Crepis capillaris,0.5,8,4,0,0,0,1,1,0,0,reduced,0
BC07,N,September,H,Digitaria sanguinalis,Digitaria sanguinalis,3,6.333333333333333,19,0,0,0,1,1,0,0,reduced,0
BC07,N,September,H,Echium vulgare,Echium vulgare,5,10,50,0,0,0,1,1,0,0,reduced,0
BC07,N,September,H,Erodium cicutarium,Erodium cicutarium,2,4.666666666666667,9.333333333333334,0,0,0,1,1,0,0,reduced,0
BC07,N,September,H,Festuca rubra,Festuca rubra,17,7.666666666666667,130.33333333333334,0,0,0,0,0,0,1,reduced,0
BC07,N,September,H,Lamium purpureum,Lamium purpureum,2,1.5,3,1,0,0,0,0,0,0,reduced,0
BC07,N,September,H,Medicago minima,Medicago minima,1,2.3333333333333335,2.3333333333333335,0,0,0,1,1,0,0,reduced,0
BC07,N,September,H,Medicago sativa,Medicago sativa,3,33.666666666666664,101,0,0,0,1,1,0,0,reduced,0
BC07,N,September,H,Plantago lanceolata,Plantago lanceolata,25,8.333333333333334,208.33333333333334,0,0,0,1,1,0,0,reduced,0
BC07,N,September,H,Potentilla argentea,Potentilla argentea,2,7,14,0,0,0,1,1,0,0,reduced,0
BC07,N,September,H,Sedum acre,Sedum acre,5,2.6666666666666665,13.333333333333332,0,0,0,0,1,0,0,reduced,0
BC07,N,September,H,Senecio vulgaris,Senecio vulgaris,0.01,1,0.01,1,0,0,0,0,0,0,reduced,0
BC07,N,September,H,Setaria viridis,Setaria viridis,2,7,14,0,0,0,1,1,0,0,reduced,0
BC07,N,September,H,Stellaria media,Stellaria media,1,1.5,1.5,1,0,0,0,0,0,0,reduced,0
BC07,N,September,H,Trifolium arvense,Trifolium arvense,0.5,10.666666666666666,5.333333333333333,0,0,0,0,1,0,0,reduced,0
BC07,N,September,H,Trifolium dubium,Trifolium dubium,2,1,2,1,0,0,0,0,0,0,reduced,0
BC07,N,September,H,Veronica arvensis,Veronica arvensis,1,1,1,1,0,0,0,0,0,0,reduced,0
BC07,N,September,H,Vicia lathyroides,Vicia lathyroides,1,3.6666666666666665,3.6666666666666665,0,0,0,0,0,0,1,reduced,0
BC07,N,September,H,Vicia sativa,Vicia sativa,0.01,8.5,0.085,0,0,0,0,0,0,1,reduced,0
BC07,S,September,H,Achillea millefolium,Achillea millefolium (aggr.),2,5,10,0,0,0,0,0,0,1,reduced,0
BC07,S,September,H,Arenaria serpyllifolia,Arenaria serpyllifolia,5,1.3333333333333333,6.666666666666666,0,0,0,0,0,0,1,reduced,0
BC07,S,September,H,Artemisia campestris,Artemisia campestris,8,8.666666666666666,69.33333333333333,0,0,0,1,1,0,0,reduced,0
BC07,S,September,H,Berteroa incana,Berteroa incana,0.5,15,7.5,0,0,0,1,1,0,0,reduced,0
BC07,S,September,H,Cerastium,Cerastium,0.1,1,0.1,1,0,0,0,0,0,0,reduced,0
BC07,S,September,H,Conyza canadensis,Erigeron canadensis,10,30.5,305,0,0,0,0,1,0,0,reduced,0
BC07,S,September,H,Crepis capillaris,Crepis capillaris,1,8,8,0,0,0,1,1,0,0,reduced,0
BC07,S,September,H,Digitaria sanguinalis,Digitaria sanguinalis,0.2,6.333333333333333,1.2666666666666666,0,0,0,1,1,0,0,reduced,0
BC07,S,September,H,Echium vulgare,Echium vulgare,4,10,40,0,0,0,1,1,0,0,reduced,0
BC07,S,September,H,Festuca rubra,Festuca rubra,7,7.666666666666667,53.66666666666667,0,0,0,0,0,0,1,reduced,0
BC07,S,September,H,Hypericum perforatum,Hypericum perforatum,0.1,6.5,0.65,0,0,0,0,0,0,1,reduced,0
BC07,S,September,H,Lamium purpureum,Lamium purpureum,0.1,1.5,0.15000000000000002,1,0,0,0,0,0,0,reduced,0
BC07,S,September,H,Oenothera biennis,Oenothera biennis,9,12,108,0,0,0,0,1,0,0,reduced,0
BC07,S,September,H,Plantago lanceolata,Plantago lanceolata,8,8.333333333333334,66.66666666666667,0,0,0,1,1,0,0,reduced,0
BC07,S,September,H,Potentilla argentea,Potentilla argentea,5,7,35,0,0,0,1,1,0,0,reduced,0
BC07,S,September,H,Rumex acetosa,Rumex acetosa,2,10.666666666666666,21.333333333333332,0,0,0,1,1,0,0,reduced,0
BC07,S,September,H,Sedum album,Sedum album,15,4.333333333333333,65,0,0,0,1,0,0,0,reduced,0
BC07,S,September,H,Setaria viridis,Setaria viridis,0.1,7,0.7000000000000001,0,0,0,1,1,0,0,reduced,0
BC07,S,September,H,Stellaria media,Stellaria media,0.1,1.5,0.15000000000000002,1,0,0,0,0,0,0,reduced,0
BC07,S,September,H,Taraxacum,Taraxacum,2,5,10,0,0,0,0,0,0,1,reduced,0
BC07,S,September,H,Tragopogon,Tragopogon,2,26,52,0,0,0,0,0,0,1,reduced,0
BC07,S,September,H,Trifolium arvense,Trifolium arvense,1,10.666666666666666,10.666666666666666,0,0,0,0,1,0,0,reduced,0
BC07,S,September,H,Trifolium dubium,Trifolium dubium,0.1,1,0.1,1,0,0,0,0,0,0,reduced,0
BC07,S,September,H,Veronica arvensis,Veronica arvensis,0.1,1,0.1,1,0,0,0,0,0,0,reduced,0
BC07,S,September,H,Vicia lathyroides,Vicia lathyroides,0.3,3.6666666666666665,1.0999999999999999,0,0,0,0,0,0,1,reduced,0
BC07,S,September,H,Vicia sativa,Vicia sativa,0.1,8.5,0.8500000000000001,0,0,0,0,0,0,1,reduced,0
BC08,NW,March,H,Cerastium glutinosum,Cerastium pumilum subsp. glutinosum,0.01,1,0.01,0,0,0,0,0,0,1,regular,0
BC08,NW,March,H,Draba verna,Draba verna,0.5,3.3333333333333335,1.6666666666666667,0,0,0,1,0,0,0,regular,0
BC08,NW,March,H,Erodium cicutarium,Erodium cicutarium,0.5,1,0.5,0,0,0,0,0,0,1,regular,0
BC08,NW,March,H,Plantago lanceolata,Plantago lanceolata,15,1.3333333333333333,20,0,0,0,0,0,0,1,regular,0
BC08,NW,March,H,Poa annua,Ochlopoa annua,35,7.666666666666667,268.33333333333337,0,0,0,1,0,0,0,regular,0
BC08,NW,March,H,Thlaspi perfoliatum,Noccaea perfoliata,0.5,5.666666666666667,2.8333333333333335,0,0,0,1,0,0,0,regular,0
BC08,NW,March,H,Trifolium dubium,Trifolium dubium,0.5,1,0.5,0,0,0,0,0,0,1,regular,0
BC08,NW,March,H,Trifolium pratensis,Trifolium pratense,5,1,5,0,0,0,0,0,0,1,regular,0
BC08,NW,March,H,Trifolium repens,Trifolium repens,1,1.6666666666666667,1.6666666666666667,0,0,0,0,0,0,1,regular,0
BC08,NW,March,H,Veronica arvensis,Veronica arvensis,0.01,1,0.01,0,0,0,0,0,0,1,regular,0
BC08,SE,March,H,Arenaria serpyllifolia,Arenaria serpyllifolia,0.01,1,0.01,0,0,0,0,0,0,1,regular,0
BC08,SE,March,H,Cerastium glomeratum,Cerastium glomeratum,0.5,1,0.5,0,0,0,1,0,0,0,regular,0
BC08,SE,March,H,Draba verna,Draba verna,0.01,3.3333333333333335,0.03333333333333333,0,0,0,1,0,0,0,regular,0
BC08,SE,March,H,Erodium cicutarium,Erodium cicutarium,0.1,1,0.1,0,0,0,0,0,0,1,regular,0
BC08,SE,March,H,Plantago lanceolata,Plantago lanceolata,10,1.3333333333333333,13.333333333333332,0,0,0,0,0,0,1,regular,0
BC08,SE,March,H,Poa annua,Ochlopoa annua,50,7.666666666666667,383.33333333333337,0,0,0,1,0,0,0,regular,0
BC08,SE,March,H,Stellaria media,Stellaria media,0.01,1,0.01,0,0,0,1,0,0,0,regular,0
BC08,SE,March,H,Thlaspi perfoliatum,Noccaea perfoliata,0.01,5.666666666666667,0.05666666666666667,0,0,0,1,0,0,0,regular,0
BC08,SE,March,H,Trifolium dubium,Trifolium dubium,0.3,1,0.3,0,0,0,0,0,0,1,regular,0
BC08,SE,March,H,Trifolium pratensis,Trifolium pratense,0.5,1,0.5,0,0,0,0,0,0,1,regular,0
BC08,SE,March,H,Trifolium repens,Trifolium repens,5,1.6666666666666667,8.333333333333334,0,0,0,0,0,0,1,regular,0
BC08,SE,March,H,Veronica arvensis,Veronica arvensis,0.1,1,0.1,0,0,0,0,0,0,1,regular,0
BC08,SE,March,H,Vicia sativa,Vicia sativa,0.1,1,0.1,0,0,0,0,0,0,1,regular,0
BC08,NW,May,H,Cerastium glutinosum,Cerastium pumilum subsp. glutinosum,0.2,6,1.2000000000000002,0,0,0,0,1,0,0,regular,0
BC08,NW,May,H,Lolium perenne,Lolium perenne,25,42.666666666666664,1066.6666666666665,0,0,0,1,0,0,0,regular,0
BC08,NW,May,H,Medicago lupulina,Medicago lupulina,3,4,12,0,0,0,1,0,0,0,regular,0
BC08,NW,May,H,Plantago lanceolata,Plantago lanceolata,40,7.666666666666667,306.6666666666667,0,0,0,1,0,0,0,regular,0
BC08,NW,May,H,Poa annua,Ochlopoa annua,1,10.333333333333334,10.333333333333334,0,0,0,1,1,0,0,regular,0
BC08,NW,May,H,Trifolium dubium,Trifolium dubium,1,3.3333333333333335,3.3333333333333335,0,0,0,1,0,0,0,regular,0
BC08,NW,May,H,Trifolium pratensis,Trifolium pratense,2,5.666666666666667,11.333333333333334,0,0,0,1,0,0,0,regular,0
BC08,NW,May,H,Trifolium repens,Trifolium repens,0.5,4,2,0,0,0,1,0,0,0,regular,0
BC08,NW,May,H,Veronica arvensis,Veronica arvensis,0.2,3.25,0.65,0,0,0,0,1,0,0,regular,0
BC08,SE,May,H,Arenaria serpyllifolia,Arenaria serpyllifolia,0.1,3.3333333333333335,0.33333333333333337,0,0,0,0,1,0,0,regular,0
BC08,SE,May,H,Cerastium glomeratum,Cerastium glomeratum,0.1,9,0.9,0,0,0,0,1,0,0,regular,0
BC08,SE,May,H,Cerastium semidecandrum,Cerastium semidecandrum,0.5,4.666666666666667,2.3333333333333335,0,0,0,0,1,0,0,regular,0
BC08,SE,May,H,Lolium perenne,Lolium perenne,30,42.666666666666664,1280,0,0,0,1,0,0,0,regular,0
BC08,SE,May,H,Medicago lupulina,Medicago lupulina,10,4,40,0,0,0,1,0,0,0,regular,0
BC08,SE,May,H,Plantago lanceolata,Plantago lanceolata,25,7.666666666666667,191.66666666666669,0,0,0,1,0,0,0,regular,0
BC08,SE,May,H,Poa annua,Ochlopoa annua,5,10.333333333333334,51.66666666666667,0,0,0,1,1,0,0,regular,0
BC08,SE,May,H,Trifolium dubium,Trifolium dubium,5,3.3333333333333335,16.666666666666668,0,0,0,1,0,0,0,regular,0
BC08,SE,May,H,Trifolium pratensis,Trifolium pratense,0.5,5.666666666666667,2.8333333333333335,0,0,0,1,0,0,0,regular,0
BC08,SE,May,H,Trifolium repens,Trifolium repens,3,4,12,0,0,0,1,0,0,0,regular,0
BC08,NW,July,H,Digitaria sanguinalis,Digitaria sanguinalis,0.02,2.6666666666666665,0.05333333333333333,0,0,0,0,0,0,1,regular,1
BC08,NW,July,H,Erodium cicutarium,Erodium cicutarium,2,3,6,0,0,0,0,0,0,1,regular,1
BC08,NW,July,H,Lolium perenne,Lolium perenne,30,9.666666666666666,290,0,0,0,0,0,0,1,regular,1
BC08,NW,July,H,Medicago lupulina,Medicago lupulina,3,6,18,0,0,0,1,1,0,0,regular,1
BC08,NW,July,H,Plantago lanceolata,Plantago lanceolata,35,10.333333333333334,361.6666666666667,0,0,0,1,1,0,0,regular,1
BC08,NW,July,H,Poa annua,Ochlopoa annua,7,8.333333333333334,58.333333333333336,0,0,0,0,0,0,1,regular,1
BC08,NW,July,H,Taraxacum,Taraxacum,0.01,6.666666666666667,0.06666666666666667,0,0,0,0,0,0,1,regular,1
BC08,NW,July,H,Trifolium dubium,Trifolium dubium,3,1,3,1,0,0,0,0,0,0,regular,1
BC08,NW,July,H,Trifolium pratensis,Trifolium pratense,3,9,27,0,0,0,0,0,0,1,regular,1
BC08,SE,July,H,Arenaria serpyllifolia,Arenaria serpyllifolia,0.01,1,0.01,1,0,0,0,0,0,0,regular,1
BC08,SE,July,H,Digitaria sanguinalis,Digitaria sanguinalis,0.05,2.6666666666666665,0.13333333333333333,0,0,0,0,0,0,1,regular,1
BC08,SE,July,H,Lolium perenne,Lolium perenne,20,9.666666666666666,193.33333333333331,0,0,0,0,0,0,1,regular,1
BC08,SE,July,H,Medicago lupulina,Medicago lupulina,3,6,18,0,0,0,1,1,0,0,regular,1
BC08,SE,July,H,Plantago lanceolata,Plantago lanceolata,40,10.333333333333334,413.33333333333337,0,0,0,1,1,0,0,regular,1
BC08,SE,July,H,Poa annua,Ochlopoa annua,8,8.333333333333334,66.66666666666667,0,0,0,0,0,0,1,regular,1
BC08,SE,July,H,Taraxacum,Taraxacum,0.05,6.666666666666667,0.33333333333333337,0,0,0,0,0,0,1,regular,1
BC08,SE,July,H,Trifolium dubium,Trifolium dubium,3,1,3,1,0,0,0,0,0,0,regular,1
BC08,NW,September,H,Agrostis capillaris,Agrostis capillaris,0.5,8.277777777777779,4.138888888888889,0,0,0,0,0,0,1,regular,3
BC08,NW,September,H,Arabidopsis thaliana,Arabidopsis thaliana,0.1,1,0.1,0,0,0,0,0,0,1,regular,3
BC08,NW,September,H,Arenaria serpyllifolia,Arenaria serpyllifolia,0.01,2.3333333333333335,0.023333333333333334,0,0,0,0,0,0,1,regular,3
BC08,NW,September,H,Digitaria sanguinalis,Digitaria sanguinalis,0.5,5.583333333333334,2.791666666666667,0,0,0,0,1,0,0,regular,3
BC08,NW,September,H,Eragrostis minor,Eragrostis minor,0.1,3.5,0.35000000000000003,0,0,0,0,1,0,0,regular,3
BC08,NW,September,H,Erodium cicutarium,Erodium cicutarium,1,1.3333333333333333,1.3333333333333333,0,0,0,0,0,0,1,regular,3
BC08,NW,September,H,Lolium perenne,Lolium perenne,30,8,240,0,0,0,0,0,0,1,regular,3
BC08,NW,September,H,Medicago lupulina,Medicago lupulina,4,5.666666666666667,22.666666666666668,0,0,0,1,1,0,0,regular,3
BC08,NW,September,H,Plantago lanceolata,Plantago lanceolata,40,6.333333333333333,253.33333333333331,0,0,0,0,1,0,0,regular,3
BC08,NW,September,H,Poa annua,Ochlopoa annua,5,5.666666666666667,28.333333333333336,0,0,0,0,0,0,1,regular,3
BC08,NW,September,H,Trifolium dubium,Trifolium dubium,1,2,2,0,0,0,0,0,0,1,regular,3
BC08,NW,September,H,Trifolium pratensis,Trifolium pratense,2,5.333333333333333,10.666666666666666,0,0,0,1,1,0,0,regular,3
BC08,NW,September,H,Trifolium repens,Trifolium repens,1,4.75,4.75,0,0,0,0,0,0,1,regular,3
BC08,SE,September,H,Arabidopsis thaliana,Arabidopsis thaliana,0.01,1,0.01,0,0,0,0,0,0,1,regular,3
BC08,SE,September,H,Digitaria sanguinalis,Digitaria sanguinalis,0.2,5.583333333333334,1.116666666666667,0,0,0,0,1,0,0,regular,3
BC08,SE,September,H,Erodium cicutarium,Erodium cicutarium,3,1.3333333333333333,4,0,0,0,0,0,0,1,regular,3
BC08,SE,September,H,Lolium perenne,Lolium perenne,22,8,176,0,0,0,0,0,0,1,regular,3
BC08,SE,September,H,Medicago lupulina,Medicago lupulina,12,5.666666666666667,68,0,0,0,1,1,0,0,regular,3
BC08,SE,September,H,Plantago lanceolata,Plantago lanceolata,50,6.333333333333333,316.66666666666663,0,0,0,0,1,0,0,regular,3
BC08,SE,September,H,Poa annua,Ochlopoa annua,5,5.666666666666667,28.333333333333336,0,0,0,0,0,0,1,regular,3
BC08,SE,September,H,Trifolium dubium,Trifolium dubium,4,2,8,0,0,0,0,0,0,1,regular,3
BC09,NW,March,Seedling,Acer,Acer,0.01,4,0.04,1,0,0,0,0,0,0,reduced,0
BC09,NW,March,H,Achillea millefolium,Achillea millefolium (aggr.),0.2,3.3333333333333335,0.6666666666666667,0,0,0,0,0,0,1,reduced,0
BC09,NW,March,H,Agrostis capillaris,Agrostis capillaris,0.2,4.333333333333333,0.8666666666666667,0,0,0,0,0,0,1,reduced,0
BC09,NW,March,H,Bellis perennis,Bellis perennis,0.2,1.3333333333333333,0.26666666666666666,0,0,0,0,0,0,1,reduced,0
BC09,NW,March,H,Bromus sterilis,Anisantha sterilis,0.3,6.166666666666666,1.8499999999999996,0,0,0,0,0,0,1,reduced,0
BC09,NW,March,H,Carex muricata,Carex muricata,1,5,5,0,0,0,0,0,0,1,reduced,0
BC09,NW,March,H,Cerastium holosteoides,Cerastium fontanum subsp. vulgare,1,2.3333333333333335,2.3333333333333335,0,0,0,0,0,0,1,reduced,0
BC09,NW,March,H,Elymus repens,Elytrigia repens,1,4.333333333333333,4.333333333333333,0,0,0,0,0,0,1,reduced,0
BC09,NW,March,H,Festuca rubra,Festuca rubra,5,5.666666666666667,28.333333333333336,0,0,0,0,0,0,1,reduced,0
BC09,NW,March,H,Geranium molle,Geranium molle,0.5,1.3333333333333333,0.6666666666666666,0,0,0,0,0,0,1,reduced,0
BC09,NW,March,H,Luzula campestris,Luzula campestris,1,3.6666666666666665,3.6666666666666665,0,0,0,1,0,0,0,reduced,0
BC09,NW,March,H,Plantago lanceolata,Plantago lanceolata,0.2,1.6666666666666667,0.33333333333333337,0,0,0,0,0,0,1,reduced,0
BC09,NW,March,H,Poa pratensis,Poa pratensis,0.5,6.333333333333333,3.1666666666666665,0,0,0,0,0,0,1,reduced,0
BC09,NW,March,H,Rumex acetosa,Rumex acetosa,0.5,2.3333333333333335,1.1666666666666667,0,0,0,0,0,0,1,reduced,0
BC09,NW,March,H,Taraxacum,Taraxacum,0.1,2.3333333333333335,0.23333333333333336,0,0,0,0,0,0,1,reduced,0
BC09,NW,March,H,Trifolium dubium,Trifolium dubium,0.01,1,0.01,0,0,0,0,0,0,1,reduced,0
BC09,NW,March,H,Trifolium pratensis,Trifolium pratense,5,4,20,0,0,0,0,0,0,1,reduced,0
BC09,NW,March,H,Trifolium repens,Trifolium repens,0.1,3.3333333333333335,0.33333333333333337,0,0,0,0,0,0,1,reduced,0
BC09,NW,March,H,Vicia sativa,Vicia sativa,0.01,3.6666666666666665,0.03666666666666667,0,0,0,0,0,0,1,reduced,0
BC09,SE,March,Seedling,Acer,Acer,0.01,4,0.04,1,0,0,0,0,0,0,reduced,0
BC09,SE,March,H,Achillea millefolium,Achillea millefolium (aggr.),0.01,3.3333333333333335,0.03333333333333333,0,0,0,0,0,0,1,reduced,0
BC09,SE,March,H,Agrostis capillaris,Agrostis capillaris,1,4.333333333333333,4.333333333333333,0,0,0,0,0,0,1,reduced,0
BC09,SE,March,H,Cerastium holosteoides,Cerastium fontanum subsp. vulgare,0.01,2.3333333333333335,0.023333333333333334,0,0,0,0,0,0,1,reduced,0
BC09,SE,March,H,Daucus carota,Daucus carota,0.01,3.3333333333333335,0.03333333333333333,0,0,0,0,0,0,1,reduced,0
BC09,SE,March,H,Festuca rubra,Festuca rubra,3,5.666666666666667,17,0,0,0,0,0,0,1,reduced,0
BC09,SE,March,H,Hypochaeris radicata,Hypochaeris radicata,0.5,1.3333333333333333,0.6666666666666666,0,0,0,0,0,0,1,reduced,0
BC09,SE,March,H,Plantago lanceolata,Plantago lanceolata,1,1.6666666666666667,1.6666666666666667,0,0,0,0,0,0,1,reduced,0
BC09,SE,March,H,Poa pratensis,Poa pratensis,2,6.333333333333333,12.666666666666666,0,0,0,0,0,0,1,reduced,0
BC09,SE,March,H,Taraxacum,Taraxacum,2,2.3333333333333335,4.666666666666667,0,0,0,0,0,0,1,reduced,0
BC09,SE,March,H,Trifolium pratensis,Trifolium pratense,2,4,8,0,0,0,0,0,0,1,reduced,0
BC09,SE,March,H,Trifolium repens,Trifolium repens,0.5,3.3333333333333335,1.6666666666666667,0,0,0,0,0,0,1,reduced,0
BC09,SE,March,H,Vicia sativa,Vicia sativa,0.1,3.6666666666666665,0.3666666666666667,0,0,0,0,0,0,1,reduced,0
BC09,NW,May,Seedling,Acer,Acer,0.3,3,0.8999999999999999,0,0,0,0,0,0,1,reduced,0
BC09,NW,May,H,Achillea millefolium,Achillea millefolium (aggr.),1,4.333333333333333,4.333333333333333,0,0,0,0,0,0,1,reduced,0
BC09,NW,May,H,Agrostis capillaris,Agrostis capillaris,0.1,15.666666666666666,1.5666666666666667,0,0,0,1,0,0,0,reduced,0
BC09,NW,May,H,Bellis perennis,Bellis perennis,1,5.666666666666667,5.666666666666667,0,0,0,1,0,0,0,reduced,0
BC09,NW,May,H,Bromus mollis,Bromus hordeaceus,0.1,13,1.3,0,0,0,0,0,0,1,reduced,0
BC09,NW,May,H,Bromus sterilis,Anisantha sterilis,1,23.333333333333332,23.333333333333332,0,0,0,1,0,0,0,reduced,0
BC09,NW,May,H,Carex muricata,Carex muricata,5,7.333333333333333,36.666666666666664,0,0,0,0,0,0,1,reduced,0
BC09,NW,May,H,Cerastium holosteoides,Cerastium fontanum subsp. vulgare,2,6.5,13,0,0,0,1,0,0,0,reduced,0
BC09,NW,May,H,Elymus repens,Elytrigia repens,1,5,5,0,0,0,0,0,0,1,reduced,0
BC09,NW,May,H,Equisetum arvense,Equisetum arvense,0.7,7.666666666666667,5.366666666666666,0,0,0,0,0,0,1,reduced,0
BC09,NW,May,H,Festuca rubra,Festuca rubra,3,20.666666666666668,62,0,0,0,1,0,0,0,reduced,0
BC09,NW,May,H,Geranium molle,Geranium molle,0.5,3.6666666666666665,1.8333333333333333,0,0,0,1,0,0,0,reduced,0
BC09,NW,May,H,Lolium perenne,Lolium perenne,0.1,12.5,1.25,0,0,0,0,0,0,1,reduced,0
BC09,NW,May,H,Luzula campestris,Luzula campestris,1,7,7,0,0,0,1,0,0,0,reduced,0
BC09,NW,May,H,Medicago sativa,Medicago sativa,20,39,780,0,0,0,1,0,0,0,reduced,0
BC09,NW,May,H,Plantago lanceolata,Plantago lanceolata,3,7.333333333333333,22,0,0,0,0,0,0,1,reduced,0
BC09,NW,May,H,Poa pratensis,Poa pratensis,0.2,10,2,0,0,0,0,0,0,1,reduced,0
BC09,NW,May,H,Rumex acetosa,Rumex acetosa,5,4.333333333333333,21.666666666666664,0,0,0,0,0,0,1,reduced,0
BC09,NW,May,H,Trifolium dubium,Trifolium dubium,0.2,2,0.4,0,0,0,0,0,0,1,reduced,0
BC09,NW,May,H,Trifolium pratensis,Trifolium pratense,3,7.666666666666667,23,0,0,0,0,0,0,1,reduced,0
BC09,NW,May,H,Trifolium repens,Trifolium repens,0.2,6.666666666666667,1.3333333333333335,0,0,0,1,0,0,0,reduced,0
BC09,NW,May,H,Vicia sativa,Vicia sativa,1,12,12,0,0,0,1,1,0,0,reduced,0
BC09,SE,May,Seedling,Acer,Acer,0.5,3,1.5,0,0,0,0,0,0,1,reduced,0
BC09,SE,May,H,Agrostis capillaris,Agrostis capillaris,10,15.666666666666666,156.66666666666666,0,0,0,1,0,0,0,reduced,0
BC09,SE,May,H,Cerastium holosteoides,Cerastium fontanum subsp. vulgare,1,6.5,6.5,0,0,0,1,0,0,0,reduced,0
BC09,SE,May,H,Dactylis glomerata,Dactylis glomerata,0.5,21.333333333333332,10.666666666666666,0,0,0,0,0,0,1,reduced,0
BC09,SE,May,H,Daucus carota,Daucus carota,1,6,6,0,0,0,0,0,0,1,reduced,0
BC09,SE,May,H,Festuca rubra,Festuca rubra,15,20.666666666666668,310,0,0,0,1,0,0,0,reduced,0
BC09,SE,May,H,Hypochaeris radicata,Hypochaeris radicata,5,3.3333333333333335,16.666666666666668,0,0,0,0,0,0,1,reduced,0
BC09,SE,May,H,Plantago lanceolata,Plantago lanceolata,10,7.333333333333333,73.33333333333333,0,0,0,0,0,0,1,reduced,0
BC09,SE,May,H,Poa pratensis,Poa pratensis,0.5,10,5,0,0,0,0,0,0,1,reduced,0
BC09,SE,May,H,Taraxacum,Taraxacum,10,9.666666666666666,96.66666666666666,0,0,0,0,1,0,0,reduced,0
BC09,SE,May,H,Trifolium pratensis,Trifolium pratense,12,7.666666666666667,92,0,0,0,0,0,0,1,reduced,0
BC09,SE,May,H,Trifolium repens,Trifolium repens,7,6.666666666666667,46.66666666666667,0,0,0,1,0,0,0,reduced,0
BC09,SE,May,H,Vicia sativa,Vicia sativa,3,12,36,0,0,0,1,1,0,0,reduced,0
BC09,NW,July,H,Achillea millefolium,Achillea millefolium (aggr.),10,15.666666666666666,156.66666666666666,0,0,0,1,0,0,0,reduced,0
BC09,NW,July,H,Agrostis capillaris,Agrostis capillaris,3,11.75,35.25,0,0,0,1,1,0,0,reduced,0
BC09,NW,July,H,Bellis perennis,Bellis perennis,2,5,10,0,0,0,1,0,0,0,reduced,0
BC09,NW,July,H,Carex muricata,Carex muricata,10,9.666666666666666,96.66666666666666,0,0,0,0,0,0,1,reduced,0
BC09,NW,July,H,Cerastium holosteoides,Cerastium fontanum subsp. vulgare,2,5.333333333333333,10.666666666666666,0,0,0,1,1,0,0,reduced,0
BC09,NW,July,H,Elymus repens,Elytrigia repens,2,11,22,0,0,0,0,0,0,1,reduced,0
BC09,NW,July,H,Equisetum arvense,Equisetum arvense,0.5,7.5,3.75,0,0,0,0,0,0,1,reduced,0
BC09,NW,July,H,Festuca arundinacea,Schedonorus arundinaceus,0.5,10,5,0,0,0,0,0,0,1,reduced,0
BC09,NW,July,H,Festuca rubra,Festuca rubra,15,11.333333333333334,170,0,0,0,0,0,0,1,reduced,0
BC09,NW,July,H,Geranium molle,Geranium molle,0.4,4.333333333333333,1.7333333333333334,0,0,0,1,0,0,0,reduced,0
BC09,NW,July,H,Hypochaeris radicata,Hypochaeris radicata,0.01,10,0.1,0,0,0,1,0,0,0,reduced,0
BC09,NW,July,H,Lolium perenne,Lolium perenne,2,13,26,0,0,0,0,0,0,1,reduced,0
BC09,NW,July,H,Luzula campestris,Luzula campestris,4,5.666666666666667,22.666666666666668,0,0,0,0,0,0,1,reduced,0
BC09,NW,July,H,Medicago sativa,Medicago sativa,20,35.333333333333336,706.6666666666667,0,0,0,1,1,0,0,reduced,0
BC09,NW,July,H,Plantago lanceolata,Plantago lanceolata,3,24.666666666666668,74,0,0,0,1,1,0,0,reduced,0
BC09,NW,July,H,Poa pratensis,Poa pratensis,2,15,30,0,0,0,1,0,0,0,reduced,0
BC09,NW,July,H,Rumex acetosa,Rumex acetosa,15,22.333333333333332,335,0,0,0,1,1,0,0,reduced,0
BC09,NW,July,H,Taraxacum,Taraxacum,0.2,13,2.6,0,0,0,0,0,0,1,reduced,0
BC09,NW,July,H,Trifolium dubium,Trifolium dubium,1,9,9,0,0,0,1,1,0,0,reduced,0
BC09,NW,July,H,Trifolium pratensis,Trifolium pratense,5,19,95,0,0,0,1,1,0,0,reduced,0
BC09,NW,July,H,Trifolium repens,Trifolium repens,7,6.333333333333333,44.33333333333333,0,0,0,1,1,0,0,reduced,0
BC09,SE,July,Seedling,Acer,Acer,0.01,6,0.06,1,0,0,0,0,0,0,reduced,0
BC09,SE,July,H,Achillea millefolium,Achillea millefolium (aggr.),0.2,15.666666666666666,3.1333333333333333,0,0,0,1,0,0,0,reduced,0
BC09,SE,July,H,Agrostis capillaris,Agrostis capillaris,10,11.75,117.5,0,0,0,1,1,0,0,reduced,0
BC09,SE,July,H,Cerastium holosteoides,Cerastium fontanum subsp. vulgare,2,5.333333333333333,10.666666666666666,0,0,0,1,1,0,0,reduced,0
BC09,SE,July,H,Dactylis glomerata,Dactylis glomerata,0.5,18,9,0,0,0,0,0,0,1,reduced,0
BC09,SE,July,H,Daucus carota,Daucus carota,1,13,13,0,0,0,1,0,0,0,reduced,0
BC09,SE,July,H,Festuca rubra,Festuca rubra,25,11.333333333333334,283.33333333333337,0,0,0,0,0,0,1,reduced,0
BC09,SE,July,H,Hypochaeris radicata,Hypochaeris radicata,4,10,40,0,0,0,1,0,0,0,reduced,0
BC09,SE,July,H,Lolium perenne,Lolium perenne,5,13,65,0,0,0,0,0,0,1,reduced,0
BC09,SE,July,H,Plantago lanceolata,Plantago lanceolata,10,24.666666666666668,246.66666666666669,0,0,0,1,1,0,0,reduced,0
BC09,SE,July,H,Poa pratensis,Poa pratensis,1,15,15,0,0,0,1,0,0,0,reduced,0
BC09,SE,July,H,Taraxacum,Taraxacum,7,13,91,0,0,0,0,0,0,1,reduced,0
BC09,SE,July,H,Trifolium pratensis,Trifolium pratense,12,19,228,0,0,0,1,1,0,0,reduced,0
BC09,SE,July,H,Trifolium repens,Trifolium repens,7,6.333333333333333,44.33333333333333,0,0,0,1,1,0,0,reduced,0
BC09,NW,September,Seedling,Acer,Acer,0.1,5,0.5,0,0,0,0,0,0,1,reduced,1
BC09,NW,September,H,Achillea millefolium,Achillea millefolium (aggr.),10,14,140,0,0,0,1,1,0,0,reduced,1
BC09,NW,September,H,Agrostis capillaris,Agrostis capillaris,3,21.333333333333332,64,0,0,0,0,1,0,0,reduced,1
BC09,NW,September,H,Bellis perennis,Bellis perennis,2,2.6666666666666665,5.333333333333333,0,0,0,0,0,0,1,reduced,1
BC09,NW,September,H,Bromus mollis,Bromus hordeaceus,0.01,9,0.09,1,0,0,0,0,0,0,reduced,1
BC09,NW,September,H,Carex muricata,Carex muricata,8,9.333333333333334,74.66666666666667,0,0,0,0,1,0,0,reduced,1
BC09,NW,September,H,Cerastium holosteoides,Cerastium fontanum subsp. vulgare,2,5.333333333333333,10.666666666666666,0,0,0,1,1,0,0,reduced,1
BC09,NW,September,H,Crepis capillaris,Crepis capillaris,0.01,11.666666666666666,0.11666666666666667,0,0,0,1,1,0,0,reduced,1
BC09,NW,September,H,Daucus carota,Daucus carota,0.01,15.5,0.155,0,0,0,0,1,0,0,reduced,1
BC09,NW,September,H,Elymus repens,Elytrigia repens,0.5,17.5,8.75,0,0,0,0,1,0,0,reduced,1
BC09,NW,September,H,Equisetum arvense,Equisetum arvense,1,6.5,6.5,0,0,0,0,0,0,1,reduced,1
BC09,NW,September,H,Festuca arundinacea,Schedonorus arundinaceus,2,15.333333333333334,30.666666666666668,0,0,0,0,0,0,1,reduced,1
BC09,NW,September,H,Festuca rubra,Festuca rubra,15,13.333333333333334,200,0,0,0,0,1,0,0,reduced,1
BC09,NW,September,H,Geranium molle,Geranium molle,0.5,2.6666666666666665,1.3333333333333333,0,0,0,0,0,0,1,reduced,1
BC09,NW,September,H,Lolium perenne,Lolium perenne,1,13,13,0,0,0,1,1,0,0,reduced,1
BC09,NW,September,H,Luzula campestris,Luzula campestris,3,4.666666666666667,14,0,0,0,0,0,0,1,reduced,1
BC09,NW,September,H,Medicago sativa,Medicago sativa,20,27.666666666666668,553.3333333333334,0,0,0,1,1,0,0,reduced,1
BC09,NW,September,H,Plantago lanceolata,Plantago lanceolata,3,9.333333333333334,28,0,0,0,0,1,0,0,reduced,1
BC09,NW,September,H,Poa pratensis,Poa pratensis,1,15.666666666666666,15.666666666666666,0,0,0,0,0,0,1,reduced,1
BC09,NW,September,H,Rumex acetosa,Rumex acetosa,13,12,156,0,0,0,0,1,0,0,reduced,1
BC09,NW,September,H,Taraxacum,Taraxacum,0.1,11.666666666666666,1.1666666666666667,0,0,0,0,0,0,1,reduced,1
BC09,NW,September,H,Trifolium dubium,Trifolium dubium,0.1,3,0.30000000000000004,0,0,0,0,0,0,1,reduced,1
BC09,NW,September,H,Trifolium pratensis,Trifolium pratense,6,12.333333333333334,74,0,0,0,1,1,0,0,reduced,1
BC09,NW,September,H,Trifolium repens,Trifolium repens,1,7.666666666666667,7.666666666666667,0,0,0,0,0,0,1,reduced,1
BC09,NW,September,H,Vicia sativa,Vicia sativa,0.1,9.333333333333334,0.9333333333333335,0,0,0,0,0,0,1,reduced,1
BC09,SE,September,H,Achillea millefolium,Achillea millefolium (aggr.),0.1,14,1.4000000000000001,0,0,0,1,1,0,0,reduced,1
BC09,SE,September,H,Agrostis capillaris,Agrostis capillaris,15,21.333333333333332,320,0,0,0,0,1,0,0,reduced,1
BC09,SE,September,H,Cerastium holosteoides,Cerastium fontanum subsp. vulgare,2,5.333333333333333,10.666666666666666,0,0,0,1,1,0,0,reduced,1
BC09,SE,September,H,Dactylis glomerata,Dactylis glomerata,1,15,15,0,0,0,0,0,0,1,reduced,1
BC09,SE,September,H,Daucus carota,Daucus carota,0.5,15.5,7.75,0,0,0,0,1,0,0,reduced,1
BC09,SE,September,H,Festuca rubra,Festuca rubra,25,13.333333333333334,333.33333333333337,0,0,0,0,1,0,0,reduced,1
BC09,SE,September,H,Hypochaeris radicata,Hypochaeris radicata,2,12.333333333333334,24.666666666666668,0,0,0,0,1,0,0,reduced,1
BC09,SE,September,H,Lolium perenne,Lolium perenne,2,13,26,0,0,0,1,1,0,0,reduced,1
BC09,SE,September,H,Plantago lanceolata,Plantago lanceolata,8,9.333333333333334,74.66666666666667,0,0,0,0,1,0,0,reduced,1
BC09,SE,September,H,Poa pratensis,Poa pratensis,2,15.666666666666666,31.333333333333332,0,0,0,0,0,0,1,reduced,1
BC09,SE,September,H,Taraxacum,Taraxacum,8,11.666666666666666,93.33333333333333,0,0,0,0,0,0,1,reduced,1
BC09,SE,September,H,Trifolium pratensis,Trifolium pratense,15,12.333333333333334,185,0,0,0,1,1,0,0,reduced,1
BC09,SE,September,H,Trifolium repens,Trifolium repens,3,7.666666666666667,23,0,0,0,0,0,0,1,reduced,1
BC09,SE,September,H,Vicia sativa,Vicia sativa,0.2,9.333333333333334,1.866666666666667,0,0,0,0,0,0,1,reduced,1
BC10,NW,March,H,Achillea millefolium,Achillea millefolium (aggr.),12,5,60,0,0,0,0,0,0,1,reduced_sown,0
BC10,NW,March,H,Agrostis capillaris,Agrostis capillaris,3,5,15,0,0,0,0,0,0,1,reduced_sown,0
BC10,NW,March,H,Arctium tomentosum,Arctium tomentosum,0.5,5,2.5,0,0,0,0,0,0,1,reduced_sown,0
BC10,NW,March,H,Artemisia vulgaris,Artemisia vulgaris,3,3.3333333333333335,10,0,0,0,0,0,0,1,reduced_sown,0
BC10,NW,March,H,Berteroa incana,Berteroa incana,0.5,2,1,0,0,0,0,0,0,1,reduced_sown,0
BC10,NW,March,H,Bromus sterilis,Anisantha sterilis,1,7,7,0,0,0,0,0,0,1,reduced_sown,0
BC10,NW,March,H,Cardamine hirsuta,Cardamine hirsuta,0.5,6.333333333333333,3.1666666666666665,0,0,0,1,0,0,0,reduced_sown,0
BC10,NW,March,H,Carduus nutans,Carduus nutans,1,1.3333333333333333,1.3333333333333333,0,0,0,0,0,0,1,reduced_sown,0
BC10,NW,March,H,Centaurea jacea,Centaurea jacea,15,3.833333333333333,57.49999999999999,0,0,0,0,0,0,1,reduced_sown,0
BC10,NW,March,H,Cerastium glomeratum,Cerastium glomeratum,0.5,2,1,0,0,0,0,0,0,1,reduced_sown,0
BC10,NW,March,H,Cerastium semidecandrum,Cerastium semidecandrum,0.1,1.6666666666666667,0.16666666666666669,0,0,0,1,0,0,0,reduced_sown,0
BC10,NW,March,H,Dactylis glomerata,Dactylis glomerata,0.5,6.333333333333333,3.1666666666666665,0,0,0,0,0,0,1,reduced_sown,0
BC10,NW,March,H,Daucus carota,Daucus carota,0.5,2,1,0,0,0,0,0,0,1,reduced_sown,0
BC10,NW,March,H,Draba verna,Draba verna,0.01,3,0.03,0,0,0,1,0,0,0,reduced_sown,0
BC10,NW,March,H,Echium vulgare,Echium vulgare,0.01,1.5,0.015,0,0,0,0,0,0,1,reduced_sown,0
BC10,NW,March,H,Erigeron annuus,Erigeron annuus,1,3,3,0,0,0,0,0,0,1,reduced_sown,0
BC10,NW,March,H,Festuca arundinacea,Schedonorus arundinaceus,3,7,21,0,0,0,0,0,0,1,reduced_sown,0
BC10,NW,March,H,Festuca rubra,Festuca rubra,0.5,3.6666666666666665,1.8333333333333333,0,0,0,0,0,0,1,reduced_sown,0
BC10,NW,March,H,Geranium molle,Geranium molle,0.01,1,0.01,0,0,0,0,0,0,1,reduced_sown,0
BC10,NW,March,H,Leucanthemum vulgare,Leucanthemum vulgare (aggr.),5,3.3333333333333335,16.666666666666668,0,0,0,0,0,0,1,reduced_sown,0
BC10,NW,March,H,Medicago sativa,Medicago sativa,0.01,10,0.1,0,0,0,0,0,0,1,reduced_sown,0
BC10,NW,March,H,Myosotis ramosissima,Myosotis ramosissima,0.1,1,0.1,0,0,0,1,0,0,0,reduced_sown,0
BC10,NW,March,H,Plantago lanceolata,Plantago lanceolata,2,1.6666666666666667,3.3333333333333335,0,0,0,0,0,0,1,reduced_sown,0
BC10,NW,March,H,Poa compressa,Poa compressa,0.1,4,0.4,0,0,0,0,0,0,1,reduced_sown,0
BC10,NW,March,H,Potentilla argentea,Potentilla argentea,0.1,2.6666666666666665,0.26666666666666666,0,0,0,0,0,0,1,reduced_sown,0
BC10,NW,March,H,Saxifraga tridactylites,Saxifraga tridactylites,0.01,1,0.01,0,0,0,0,0,0,1,reduced_sown,0
BC10,NW,March,H,Solidago canadensis,Solidago canadensis,2,4,8,0,0,0,0,0,0,1,reduced_sown,0
BC10,NW,March,H,Stellaria media,Stellaria media,0.5,3.6666666666666665,1.8333333333333333,0,0,0,1,0,0,0,reduced_sown,0
BC10,NW,March,H,Taraxacum,Taraxacum,0.5,1,0.5,0,0,0,0,0,0,1,reduced_sown,0
BC10,NW,March,H,Trifolium pratensis,Trifolium pratense,2,5,10,0,0,0,0,0,0,1,reduced_sown,0
BC10,NW,March,H,Veronica arvensis,Veronica arvensis,1,1,1,1,0,0,0,0,0,0,reduced_sown,0
BC10,NW,March,H,Veronica sublobata,Veronica sublobata,0.5,2.6666666666666665,1.3333333333333333,0,0,0,1,0,0,0,reduced_sown,0
BC10,NW,March,H,Vicia hirsuta,Vicia hirsuta,0.5,4.666666666666667,2.3333333333333335,0,0,0,0,0,0,1,reduced_sown,0
BC10,NW,March,H,Vicia sativa,Vicia sativa,0.5,2.6666666666666665,1.3333333333333333,0,0,0,0,0,0,1,reduced_sown,0
BC10,SE,March,H,Achillea millefolium,Achillea millefolium (aggr.),10,5,50,0,0,0,0,0,0,1,reduced_sown,0
BC10,SE,March,H,Agrostis capillaris,Agrostis capillaris,2,5,10,0,0,0,0,0,0,1,reduced_sown,0
BC10,SE,March,H,Arenaria serpyllifolia,Arenaria serpyllifolia,0.1,1,0.1,1,0,0,0,0,0,0,reduced_sown,0
BC10,SE,March,H,Artemisia vulgaris,Artemisia vulgaris,0.5,3.3333333333333335,1.6666666666666667,0,0,0,0,0,0,1,reduced_sown,0
BC10,SE,March,H,Berteroa incana,Berteroa incana,0.1,2,0.2,0,0,0,0,0,0,1,reduced_sown,0
BC10,SE,March,H,Bromus sterilis,Anisantha sterilis,1.5,7,10.5,0,0,0,0,0,0,1,reduced_sown,0
BC10,SE,March,H,Calamagrostis epigejos,Calamagrostis epigejos,0.5,5.333333333333333,2.6666666666666665,0,0,0,0,0,0,1,reduced_sown,0
BC10,SE,March,H,Cardamine hirsuta,Cardamine hirsuta,1.5,6.333333333333333,9.5,0,0,0,1,0,0,0,reduced_sown,0
BC10,SE,March,H,Carduus nutans,Carduus nutans,1,1.3333333333333333,1.3333333333333333,0,0,0,0,0,0,1,reduced_sown,0
BC10,SE,March,H,Centaurea jacea,Centaurea jacea,2,3.833333333333333,7.666666666666666,0,0,0,0,0,0,1,reduced_sown,0
BC10,SE,March,H,Centaurea stoebe,Centaurea stoebe,0.5,2,1,0,0,0,0,0,0,1,reduced_sown,0
BC10,SE,March,H,Cerastium glomeratum,Cerastium glomeratum,4,2,8,0,0,0,0,0,0,1,reduced_sown,0
BC10,SE,March,H,Cerastium semidecandrum,Cerastium semidecandrum,2,1.6666666666666667,3.3333333333333335,0,0,0,1,0,0,0,reduced_sown,0
BC10,SE,March,H,Draba verna,Draba verna,0.01,3,0.03,0,0,0,1,0,0,0,reduced_sown,0
BC10,SE,March,H,Echium vulgare,Echium vulgare,0.5,1.5,0.75,0,0,0,0,0,0,1,reduced_sown,0
BC10,SE,March,H,Festuca arundinacea,Schedonorus arundinaceus,3,7,21,0,0,0,0,0,0,1,reduced_sown,0
BC10,SE,March,H,Festuca rubra,Festuca rubra,0.5,3.6666666666666665,1.8333333333333333,0,0,0,0,0,0,1,reduced_sown,0
BC10,SE,March,H,Leucanthemum vulgare,Leucanthemum vulgare (aggr.),1,3.3333333333333335,3.3333333333333335,0,0,0,0,0,0,1,reduced_sown,0
BC10,SE,March,H,Malva alcea,Malva alcea,0.2,2,0.4,0,0,0,0,0,0,1,reduced_sown,0
BC10,SE,March,H,Medicago lupulina,Medicago lupulina,0.1,3,0.30000000000000004,0,0,0,0,0,0,1,reduced_sown,0
BC10,SE,March,H,Medicago sativa,Medicago sativa,5,10,50,0,0,0,0,0,0,1,reduced_sown,0
BC10,SE,March,H,Myosotis ramosissima,Myosotis ramosissima,0.01,1,0.01,0,0,0,1,0,0,0,reduced_sown,0
BC10,SE,March,H,Plantago lanceolata,Plantago lanceolata,2,1.6666666666666667,3.3333333333333335,0,0,0,0,0,0,1,reduced_sown,0
BC10,SE,March,H,Poa compressa,Poa compressa,0.5,4,2,0,0,0,0,0,0,1,reduced_sown,0
BC10,SE,March,H,Potentilla argentea,Potentilla argentea,1,2.6666666666666665,2.6666666666666665,0,0,0,0,0,0,1,reduced_sown,0
BC10,SE,March,H,Potentilla tabernaemontani,Potentilla tabernaemontani,2,2.3333333333333335,4.666666666666667,0,0,0,1,0,0,0,reduced_sown,0
BC10,SE,March,H,Salvia pratensis,Salvia pratensis,2,1.6666666666666667,3.3333333333333335,0,0,0,0,0,0,1,reduced_sown,0
BC10,SE,March,H,Saponaria officinalis,Saponaria officinalis,0.1,6,0.6000000000000001,0,0,0,0,0,0,1,reduced_sown,0
BC10,SE,March,H,Sedum acre,Sedum acre,3,2.3333333333333335,7,0,0,0,0,0,0,1,reduced_sown,0
BC10,SE,March,H,Stellaria media,Stellaria media,0.5,3.6666666666666665,1.8333333333333333,0,0,0,1,0,0,0,reduced_sown,0
BC10,SE,March,H,Trifolium dubium,Trifolium dubium,0.1,1,0.1,0,0,0,0,0,0,1,reduced_sown,0
BC10,SE,March,H,Trifolium pratensis,Trifolium pratense,4,5,20,0,0,0,0,0,0,1,reduced_sown,0
BC10,SE,March,H,Veronica arvensis,Veronica arvensis,2,1,2,1,0,0,0,0,0,0,reduced_sown,0
BC10,SE,March,H,Veronica sublobata,Veronica sublobata,0.01,2.6666666666666665,0.026666666666666665,0,0,0,1,0,0,0,reduced_sown,0
BC10,SE,March,H,Vicia sativa,Vicia sativa,0.5,2.6666666666666665,1.3333333333333333,0,0,0,0,0,0,1,reduced_sown,0
BC10,NW,May,H,Achillea millefolium,Achillea millefolium (aggr.),20,34.25,685,0,0,0,1,0,0,0,reduced_sown,0
BC10,NW,May,H,Agrostis capillaris,Agrostis capillaris,1,16.666666666666668,16.666666666666668,0,0,0,1,0,0,0,reduced_sown,0
BC10,NW,May,H,Arctium tomentosum,Arctium tomentosum,0.5,22,11,0,0,0,0,0,0,1,reduced_sown,0
BC10,NW,May,H,Arenaria serpyllifolia,Arenaria serpyllifolia,0.01,5,0.05,0,0,0,1,1,0,0,reduced_sown,0
BC10,NW,May,H,Artemisia vulgaris,Artemisia vulgaris,15,23,345,0,0,0,0,0,0,1,reduced_sown,0
BC10,NW,May,H,Berteroa incana,Berteroa incana,3,14.666666666666666,44,0,0,0,1,0,0,0,reduced_sown,0
BC10,NW,May,H,Bromus sterilis,Anisantha sterilis,3,24,72,0,0,0,1,0,0,0,reduced_sown,0
BC10,NW,May,H,Carduus nutans,Carduus nutans,2,11.666666666666666,23.333333333333332,0,0,1,0,0,0,0,reduced_sown,0
BC10,NW,May,H,Centaurea jacea,Centaurea jacea,30,12,360,0,0,0,0,0,0,1,reduced_sown,0
BC10,NW,May,H,Cerastium glomeratum,Cerastium glomeratum,0.1,6,0.6000000000000001,0,0,0,0,1,0,0,reduced_sown,0
BC10,NW,May,H,Cerastium semidecandrum,Cerastium semidecandrum,0.1,5.333333333333333,0.5333333333333333,0,0,0,0,1,0,0,reduced_sown,0
BC10,NW,May,H,Dactylis glomerata,Dactylis glomerata,2,29,58,0,0,0,1,1,0,0,reduced_sown,0
BC10,NW,May,H,Daucus carota,Daucus carota,2,7.333333333333333,14.666666666666666,0,0,0,0,0,0,1,reduced_sown,0
BC10,NW,May,H,Erigeron annuus,Erigeron annuus,2,19,38,0,0,1,0,0,0,0,reduced_sown,0
BC10,NW,May,H,Festuca arundinacea,Schedonorus arundinaceus,3,21.708333333333332,65.125,0,0,0,1,1,0,0,reduced_sown,0
BC10,NW,May,H,Festuca rubra,Festuca rubra,3,32,96,0,0,0,1,1,0,0,reduced_sown,0
BC10,NW,May,H,Helianthus tuberosus,Helianthus tuberosus,8,16.333333333333332,130.66666666666666,0,0,0,0,0,0,1,reduced_sown,0
BC10,NW,May,H,Leucanthemum vulgare,Leucanthemum vulgare (aggr.),15,29.333333333333332,440,0,0,0,1,0,0,0,reduced_sown,0
BC10,NW,May,H,Lolium perenne,Lolium perenne,1,23.666666666666668,23.666666666666668,0,0,0,1,0,0,0,reduced_sown,0
BC10,NW,May,H,Medicago sativa,Medicago sativa,2,81.5,163,0,0,0,1,0,0,0,reduced_sown,0
BC10,NW,May,H,Plantago lanceolata,Plantago lanceolata,4,15.666666666666666,62.666666666666664,0,0,0,1,0,0,0,reduced_sown,0
BC10,NW,May,H,Poa compressa,Poa compressa,3,17.333333333333332,52,0,0,0,1,1,0,0,reduced_sown,0
BC10,NW,May,H,Potentilla argentea,Potentilla argentea,1,13.666666666666666,13.666666666666666,0,0,0,1,0,0,0,reduced_sown,0
BC10,NW,May,H,Solidago canadensis,Solidago canadensis,10,40,400,0,0,0,0,0,0,1,reduced_sown,0
BC10,NW,May,H,Taraxacum,Taraxacum,10,4.5,45,0,0,0,0,0,0,1,reduced_sown,0
BC10,NW,May,H,Trifolium dubium,Trifolium dubium,0.3,4,1.2,0,0,0,1,0,0,0,reduced_sown,0
BC10,NW,May,H,Trifolium pratensis,Trifolium pratense,5,16.666666666666668,83.33333333333334,0,0,0,1,0,0,0,reduced_sown,0
BC10,NW,May,H,Veronica arvensis,Veronica arvensis,0.5,7,3.5,0,0,0,1,1,0,0,reduced_sown,0
BC10,NW,May,H,Vicia hirsuta,Vicia hirsuta,2,12,24,0,0,0,1,1,0,0,reduced_sown,0
BC10,NW,May,H,Vicia sativa,Vicia sativa,4,13,52,0,0,0,0,1,0,0,reduced_sown,0
BC10,NW,May,H,Vicia villosa,Vicia villosa,5,18,90,0,0,0,1,0,0,0,reduced_sown,0
BC10,SE,May,H,Achillea millefolium,Achillea millefolium (aggr.),25,34.25,856.25,0,0,0,1,0,0,0,reduced_sown,0
BC10,SE,May,H,Agrostis capillaris,Agrostis capillaris,2,16.666666666666668,33.333333333333336,0,0,0,1,0,0,0,reduced_sown,0
BC10,SE,May,H,Arenaria serpyllifolia,Arenaria serpyllifolia,0.1,5,0.5,0,0,0,1,1,0,0,reduced_sown,0
BC10,SE,May,H,Arrhenatherum elatius,Arrhenatherum elatius,0.5,17,8.5,0,0,0,1,0,0,0,reduced_sown,0
BC10,SE,May,H,Artemisia vulgaris,Artemisia vulgaris,0.5,23,11.5,0,0,0,0,0,0,1,reduced_sown,0
BC10,SE,May,H,Berteroa incana,Berteroa incana,1,14.666666666666666,14.666666666666666,0,0,0,1,0,0,0,reduced_sown,0
BC10,SE,May,H,Bromus sterilis,Anisantha sterilis,3,24,72,0,0,0,1,0,0,0,reduced_sown,0
BC10,SE,May,H,Calamagrostis epigejos,Calamagrostis epigejos,2,24.666666666666668,49.333333333333336,0,0,0,0,0,0,1,reduced_sown,0
BC10,SE,May,H,Carduus nutans,Carduus nutans,8,11.666666666666666,93.33333333333333,0,0,1,0,0,0,0,reduced_sown,0
BC10,SE,May,H,Carex,Carex,0.5,5,2.5,0,0,0,1,0,0,0,reduced_sown,0
BC10,SE,May,H,Centaurea jacea,Centaurea jacea,6,12,72,0,0,0,0,0,0,1,reduced_sown,0
BC10,SE,May,H,Centaurea stoebe,Centaurea stoebe,13,24.75,321.75,0,0,0,0,0,0,1,reduced_sown,0
BC10,SE,May,H,Cerastium glomeratum,Cerastium glomeratum,0.5,6,3,0,0,0,0,1,0,0,reduced_sown,0
BC10,SE,May,H,Cerastium semidecandrum,Cerastium semidecandrum,0.2,5.333333333333333,1.0666666666666667,0,0,0,0,1,0,0,reduced_sown,0
BC10,SE,May,H,Dactylis glomerata,Dactylis glomerata,0.3,29,8.7,0,0,0,1,1,0,0,reduced_sown,0
BC10,SE,May,H,Echium vulgare,Echium vulgare,2,3,6,0,0,0,0,0,0,1,reduced_sown,0
BC10,SE,May,H,Festuca arundinacea,Schedonorus arundinaceus,5,21.708333333333332,108.54166666666666,0,0,0,1,1,0,0,reduced_sown,0
BC10,SE,May,H,Festuca rubra,Festuca rubra,2,32,64,0,0,0,1,1,0,0,reduced_sown,0
BC10,SE,May,H,Leucanthemum vulgare,Leucanthemum vulgare (aggr.),3,29.333333333333332,88,0,0,0,1,0,0,0,reduced_sown,0
BC10,SE,May,H,Malva alcea,Malva alcea,3,36,108,0,0,0,0,0,0,1,reduced_sown,0
BC10,SE,May,H,Medicago lupulina,Medicago lupulina,0.5,9.666666666666666,4.833333333333333,0,0,0,1,0,0,0,reduced_sown,0
BC10,SE,May,H,Medicago sativa,Medicago sativa,30,81.5,2445,0,0,0,1,0,0,0,reduced_sown,0
BC10,SE,May,H,Myosotis ramosissima,Myosotis ramosissima,0.01,10,0.1,0,0,0,0,1,0,0,reduced_sown,0
BC10,SE,May,H,Plantago lanceolata,Plantago lanceolata,10,15.666666666666666,156.66666666666666,0,0,0,1,0,0,0,reduced_sown,0
BC10,SE,May,H,Poa compressa,Poa compressa,4,17.333333333333332,69.33333333333333,0,0,0,1,1,0,0,reduced_sown,0
BC10,SE,May,H,Poa pratensis,Poa pratensis,1,19,19,0,0,0,1,1,0,0,reduced_sown,0
BC10,SE,May,H,Potentilla argentea,Potentilla argentea,3,13.666666666666666,41,0,0,0,1,0,0,0,reduced_sown,0
BC10,SE,May,H,Potentilla tabernaemontani,Potentilla tabernaemontani,2,2.6666666666666665,5.333333333333333,0,0,0,0,1,0,0,reduced_sown,0
BC10,SE,May,H,Salvia pratensis,Salvia pratensis,3,35.333333333333336,106,0,0,0,1,0,0,0,reduced_sown,0
BC10,SE,May,H,Saponaria officinalis,Saponaria officinalis,1,5,5,0,0,0,0,0,0,1,reduced_sown,0
BC10,SE,May,H,Sedum acre,Sedum acre,3,4.333333333333333,13,0,0,0,0,0,0,1,reduced_sown,0
BC10,SE,May,H,Trifolium dubium,Trifolium dubium,0.5,4,2,0,0,0,1,0,0,0,reduced_sown,0
BC10,SE,May,H,Trifolium pratensis,Trifolium pratense,5,16.666666666666668,83.33333333333334,0,0,0,1,0,0,0,reduced_sown,0
BC10,SE,May,H,Veronica arvensis,Veronica arvensis,0.1,7,0.7000000000000001,0,0,0,1,1,0,0,reduced_sown,0
BC10,SE,May,H,Vicia sativa,Vicia sativa,2,13,26,0,0,0,0,1,0,0,reduced_sown,0
BC10,NW,July,H,Achillea millefolium,Achillea millefolium (aggr.),20,28,560,0,0,0,1,0,0,0,reduced_sown,0
BC10,NW,July,H,Agrostis capillaris,Agrostis capillaris,0.5,13.333333333333334,6.666666666666667,0,0,0,1,1,0,0,reduced_sown,0
BC10,NW,July,H,Arctium tomentosum,Arctium tomentosum,1,5.333333333333333,5.333333333333333,0,0,0,0,0,0,1,reduced_sown,0
BC10,NW,July,H,Arenaria serpyllifolia,Arenaria serpyllifolia,0.01,1,0.01,1,0,0,0,0,0,0,reduced_sown,0
BC10,NW,July,H,Artemisia vulgaris,Artemisia vulgaris,7,37.333333333333336,261.33333333333337,0,0,0,0,0,0,1,reduced_sown,0
BC10,NW,July,H,Berteroa incana,Berteroa incana,5,15.666666666666666,78.33333333333333,0,0,0,1,1,0,0,reduced_sown,0
BC10,NW,July,H,Bromus sterilis,Anisantha sterilis,0.5,7,3.5,1,0,0,0,0,0,0,reduced_sown,0
BC10,NW,July,H,Carduus nutans,Carduus nutans,1,17.333333333333332,17.333333333333332,0,0,0,1,0,0,0,reduced_sown,0
BC10,NW,July,H,Centaurea jacea,Centaurea jacea,30,31.333333333333332,940,0,0,0,1,0,0,0,reduced_sown,0
BC10,NW,July,H,Dactylis glomerata,Dactylis glomerata,0.5,7.333333333333333,3.6666666666666665,0,0,0,0,0,0,1,reduced_sown,0
BC10,NW,July,H,Daucus carota,Daucus carota,0.5,6,3,0,0,0,0,0,0,1,reduced_sown,0
BC10,NW,July,H,Echium vulgare,Echium vulgare,0.5,8.666666666666666,4.333333333333333,0,0,0,1,0,0,0,reduced_sown,0
BC10,NW,July,H,Erigeron annuus,Erigeron annuus,0.1,5.666666666666667,0.5666666666666668,0,0,0,0,0,0,1,reduced_sown,0
BC10,NW,July,H,Festuca arundinacea,Schedonorus arundinaceus,3,12,36,0,0,0,0,0,0,1,reduced_sown,0
BC10,NW,July,H,Festuca rubra,Festuca rubra,2,8.333333333333334,16.666666666666668,0,0,0,0,0,0,1,reduced_sown,0
BC10,NW,July,H,Helianthus tuberosus,Helianthus tuberosus,1,10.666666666666666,10.666666666666666,0,0,0,0,0,0,1,reduced_sown,0
BC10,NW,July,H,Leucanthemum vulgare,Leucanthemum vulgare (aggr.),5,4.666666666666667,23.333333333333336,0,0,0,0,0,0,1,reduced_sown,0
BC10,NW,July,H,Lolium perenne,Lolium perenne,0.5,8.333333333333334,4.166666666666667,0,0,0,0,0,0,1,reduced_sown,0
BC10,NW,July,H,Medicago sativa,Medicago sativa,1,31,31,0,0,0,1,1,0,0,reduced_sown,0
BC10,NW,July,H,Plantago lanceolata,Plantago lanceolata,12,21.333333333333332,256,0,0,0,1,1,0,0,reduced_sown,0
BC10,NW,July,H,Poa compressa,Poa compressa,0.5,13.666666666666666,6.833333333333333,0,0,0,1,0,0,0,reduced_sown,0
BC10,NW,July,H,Solidago canadensis,Solidago canadensis,3,12,36,0,0,0,0,0,0,1,reduced_sown,0
BC10,NW,July,H,Taraxacum,Taraxacum,1,5.333333333333333,5.333333333333333,0,0,0,0,0,0,1,reduced_sown,0
BC10,NW,July,H,Trifolium pratensis,Trifolium pratense,3,13.666666666666666,41,0,0,0,0,0,0,1,reduced_sown,0
BC10,NW,July,H,Veronica arvensis,Veronica arvensis,0.01,1,0.01,1,0,0,0,0,0,0,reduced_sown,0
BC10,NW,July,H,Vicia sativa,Vicia sativa,0.1,4.666666666666667,0.46666666666666673,0,0,0,0,0,0,1,reduced_sown,0
BC10,SE,July,H,Achillea millefolium,Achillea millefolium (aggr.),25,28,700,0,0,0,1,0,0,0,reduced_sown,0
BC10,SE,July,H,Agrostis capillaris,Agrostis capillaris,1,13.333333333333334,13.333333333333334,0,0,0,1,1,0,0,reduced_sown,0
BC10,SE,July,H,Berteroa incana,Berteroa incana,5,15.666666666666666,78.33333333333333,0,0,0,1,1,0,0,reduced_sown,0
BC10,SE,July,H,Bromus sterilis,Anisantha sterilis,0.5,7,3.5,1,0,0,0,0,0,0,reduced_sown,0
BC10,SE,July,H,Calamagrostis epigejos,Calamagrostis epigejos,0.2,15.666666666666666,3.1333333333333333,0,0,0,0,0,0,1,reduced_sown,0
BC10,SE,July,H,Carduus nutans,Carduus nutans,3,17.333333333333332,52,0,0,0,1,0,0,0,reduced_sown,0
BC10,SE,July,H,Carex,Carex,0.5,5,2.5,0,0,0,0,0,0,1,reduced_sown,0
BC10,SE,July,H,Centaurea jacea,Centaurea jacea,5,31.333333333333332,156.66666666666666,0,0,0,1,0,0,0,reduced_sown,0
BC10,SE,July,H,Centaurea stoebe,Centaurea stoebe,1,12.333333333333334,12.333333333333334,0,0,0,0,0,0,1,reduced_sown,0
BC10,SE,July,H,Dactylis glomerata,Dactylis glomerata,0.3,7.333333333333333,2.1999999999999997,0,0,0,0,0,0,1,reduced_sown,0
BC10,SE,July,H,Echium vulgare,Echium vulgare,5,8.666666666666666,43.33333333333333,0,0,0,1,0,0,0,reduced_sown,0
BC10,SE,July,H,Festuca arundinacea,Schedonorus arundinaceus,2,12,24,0,0,0,0,0,0,1,reduced_sown,0
BC10,SE,July,H,Festuca rubra,Festuca rubra,2,8.333333333333334,16.666666666666668,0,0,0,0,0,0,1,reduced_sown,0
BC10,SE,July,H,Leucanthemum vulgare,Leucanthemum vulgare (aggr.),3,4.666666666666667,14,0,0,0,0,0,0,1,reduced_sown,0
BC10,SE,July,H,Malva alcea,Malva alcea,3,9.666666666666666,29,0,0,0,0,0,0,1,reduced_sown,0
BC10,SE,July,H,Medicago lupulina,Medicago lupulina,1,9,9,0,0,0,1,1,0,0,reduced_sown,0
BC10,SE,July,H,Medicago sativa,Medicago sativa,25,31,775,0,0,0,1,1,0,0,reduced_sown,0
BC10,SE,July,H,Plantago lanceolata,Plantago lanceolata,8,21.333333333333332,170.66666666666666,0,0,0,1,1,0,0,reduced_sown,0
BC10,SE,July,H,Poa compressa,Poa compressa,0.1,13.666666666666666,1.3666666666666667,0,0,0,1,0,0,0,reduced_sown,0
BC10,SE,July,H,Poa pratensis,Poa pratensis,0.1,3.5,0.35000000000000003,0,0,0,0,0,0,1,reduced_sown,0
BC10,SE,July,H,Potentilla argentea,Potentilla argentea,5,8,40,0,0,0,1,1,0,0,reduced_sown,0
BC10,SE,July,H,Potentilla tabernaemontani,Potentilla tabernaemontani,5,4.333333333333333,21.666666666666664,0,0,0,0,0,0,1,reduced_sown,0
BC10,SE,July,H,Salvia pratensis,Salvia pratensis,3,12,36,0,0,0,1,0,0,0,reduced_sown,0
BC10,SE,July,H,Saponaria officinalis,Saponaria officinalis,0.2,6,1.2000000000000002,0,0,0,0,0,0,1,reduced_sown,0
BC10,SE,July,H,Sedum acre,Sedum acre,3,3.75,11.25,0,0,0,0,0,0,1,reduced_sown,0
BC10,SE,July,H,Trifolium pratensis,Trifolium pratense,3,13.666666666666666,41,0,0,0,0,0,0,1,reduced_sown,0
BC10,SE,July,H,Veronica arvensis,Veronica arvensis,0.2,1,0.2,1,0,0,0,0,0,0,reduced_sown,0
BC10,NW,September,H,Achillea millefolium,Achillea millefolium (aggr.),30,19.333333333333332,580,0,0,0,1,1,0,0,reduced_sown,1
BC10,NW,September,H,Agrostis capillaris,Agrostis capillaris,1,10,10,0,0,0,0,1,0,0,reduced_sown,1
BC10,NW,September,H,Arctium tomentosum,Arctium tomentosum,0.5,12,6,0,0,0,0,0,0,1,reduced_sown,1
BC10,NW,September,H,Artemisia vulgaris,Artemisia vulgaris,8,31.666666666666668,253.33333333333334,0,0,0,0,0,0,1,reduced_sown,1
BC10,NW,September,H,Berteroa incana,Berteroa incana,2,3,6,0,0,0,1,1,0,0,reduced_sown,1
BC10,NW,September,H,Centaurea jacea,Centaurea jacea,35,10.666666666666666,373.3333333333333,0,0,0,1,1,0,0,reduced_sown,1
BC10,NW,September,H,Crepis biennis,Crepis biennis,0.1,3.6666666666666665,0.3666666666666667,0,0,0,0,0,0,1,reduced_sown,1
BC10,NW,September,H,Dactylis glomerata,Dactylis glomerata,0.5,9,4.5,0,0,0,0,0,0,1,reduced_sown,1
BC10,NW,September,H,Daucus carota,Daucus carota,0.1,14.666666666666666,1.4666666666666668,0,0,0,0,0,0,1,reduced_sown,1
BC10,NW,September,H,Echium vulgare,Echium vulgare,0.1,7.666666666666667,0.7666666666666667,0,0,0,0,0,0,1,reduced_sown,1
BC10,NW,September,H,Festuca arundinacea,Schedonorus arundinaceus,0.5,13.5,6.75,0,0,0,0,0,0,1,reduced_sown,1
BC10,NW,September,H,Festuca rubra,Festuca rubra,3,9.333333333333334,28,0,0,0,0,0,0,1,reduced_sown,1
BC10,NW,September,H,Helianthus tuberosus,Helianthus tuberosus,2,16.333333333333332,32.666666666666664,0,0,0,0,0,0,1,reduced_sown,1
BC10,NW,September,H,Leucanthemum vulgare,Leucanthemum vulgare (aggr.),4,3.6666666666666665,14.666666666666666,0,0,0,0,0,0,1,reduced_sown,1
BC10,NW,September,H,Lolium perenne,Lolium perenne,0.5,9.666666666666666,4.833333333333333,0,0,0,0,0,0,1,reduced_sown,1
BC10,NW,September,H,Medicago sativa,Medicago sativa,1,37.666666666666664,37.666666666666664,0,0,0,1,1,0,0,reduced_sown,1
BC10,NW,September,H,Melilotus albus,Melilotus albus,0.5,18,9,0,0,0,1,1,0,0,reduced_sown,1
BC10,NW,September,H,Plantago lanceolata,Plantago lanceolata,7,5.333333333333333,37.33333333333333,0,0,0,0,1,0,0,reduced_sown,1
BC10,NW,September,H,Poa compressa,Poa compressa,0.5,15,7.5,0,0,0,0,1,0,0,reduced_sown,1
BC10,NW,September,H,Potentilla argentea,Potentilla argentea,0.5,7.666666666666667,3.8333333333333335,0,0,0,0,1,0,0,reduced_sown,1
BC10,NW,September,H,Solidago canadensis,Solidago canadensis,3,31.666666666666668,95,0,0,0,0,0,0,1,reduced_sown,1
BC10,NW,September,H,Trifolium pratensis,Trifolium pratense,2,16.333333333333332,32.666666666666664,0,0,0,1,1,0,0,reduced_sown,1
BC10,NW,September,H,Veronica arvensis,Veronica arvensis,0.01,1,0.01,1,0,0,0,0,0,0,reduced_sown,1
BC10,NW,September,H,Vicia sativa,Vicia sativa,0.5,10,5,0,0,0,0,0,0,1,reduced_sown,1
BC10,SE,September,H,Achillea millefolium,Achillea millefolium (aggr.),20,19.333333333333332,386.66666666666663,0,0,0,1,1,0,0,reduced_sown,1
BC10,SE,September,H,Agrostis capillaris,Agrostis capillaris,1,10,10,0,0,0,0,1,0,0,reduced_sown,1
BC10,SE,September,H,Berteroa incana,Berteroa incana,2,3,6,0,0,0,1,1,0,0,reduced_sown,1
BC10,SE,September,H,Bromus sterilis,Anisantha sterilis,0.01,6.5,0.065,1,0,0,0,0,0,0,reduced_sown,1
BC10,SE,September,H,Calamagrostis epigejos,Calamagrostis epigejos,0.1,31,3.1,0,0,0,0,0,0,1,reduced_sown,1
BC10,SE,September,H,Carduus nutans,Carduus nutans,5,8,40,0,0,0,1,1,0,0,reduced_sown,1
BC10,SE,September,H,Carex,Carex,0.5,5.333333333333333,2.6666666666666665,0,0,0,0,0,0,1,reduced_sown,1
BC10,SE,September,H,Centaurea jacea,Centaurea jacea,8,10.666666666666666,85.33333333333333,0,0,0,1,1,0,0,reduced_sown,1
BC10,SE,September,H,Centaurea stoebe,Centaurea stoebe,3,5.666666666666667,17,0,0,0,0,0,0,1,reduced_sown,1
BC10,SE,September,H,Dactylis glomerata,Dactylis glomerata,0.5,9,4.5,0,0,0,0,0,0,1,reduced_sown,1
BC10,SE,September,H,Echium vulgare,Echium vulgare,2,7.666666666666667,15.333333333333334,0,0,0,0,0,0,1,reduced_sown,1
BC10,SE,September,H,Festuca arundinacea,Schedonorus arundinaceus,0.3,13.5,4.05,0,0,0,0,0,0,1,reduced_sown,1
BC10,SE,September,H,Festuca rubra,Festuca rubra,3,9.333333333333334,28,0,0,0,0,0,0,1,reduced_sown,1
BC10,SE,September,H,Leucanthemum vulgare,Leucanthemum vulgare (aggr.),3,3.6666666666666665,11,0,0,0,0,0,0,1,reduced_sown,1
BC10,SE,September,H,Malva alcea,Malva alcea,4,45,180,0,0,0,1,1,0,0,reduced_sown,1
BC10,SE,September,H,Medicago sativa,Medicago sativa,14,37.666666666666664,527.3333333333333,0,0,0,1,1,0,0,reduced_sown,1
BC10,SE,September,H,Plantago lanceolata,Plantago lanceolata,7,5.333333333333333,37.33333333333333,0,0,0,0,1,0,0,reduced_sown,1
BC10,SE,September,H,Poa compressa,Poa compressa,0.1,15,1.5,0,0,0,0,1,0,0,reduced_sown,1
BC10,SE,September,H,Potentilla argentea,Potentilla argentea,3,7.666666666666667,23,0,0,0,0,1,0,0,reduced_sown,1
BC10,SE,September,H,Potentilla tabernaemontani,Potentilla tabernaemontani,6,4.666666666666667,28,0,0,0,0,1,0,0,reduced_sown,1
BC10,SE,September,H,Salvia pratensis,Salvia pratensis,8,7,56,0,0,0,0,0,0,1,reduced_sown,1
BC10,SE,September,H,Saponaria officinalis,Saponaria officinalis,1,5,5,0,0,0,0,0,0,1,reduced_sown,1
BC10,SE,September,H,Sedum acre,Sedum acre,5,4.333333333333333,21.666666666666664,0,0,0,0,0,0,1,reduced_sown,1
BC10,SE,September,H,Trifolium pratensis,Trifolium pratense,8,16.333333333333332,130.66666666666666,0,0,0,1,1,0,0,reduced_sown,1
BC10,SE,September,H,Veronica arvensis,Veronica arvensis,0.01,1,0.01,1,0,0,0,0,0,0,reduced_sown,1
BC10,SE,September,H,Vicia sativa,Vicia sativa,0.1,10,1,0,0,0,0,0,0,1,reduced_sown,1
BC11,NW,March,H,Achillea millefolium,Achillea millefolium (aggr.),1,1,1,0,0,0,0,0,0,1,regular,0
BC11,NW,March,H,Bellis perennis,Bellis perennis,1,1,1,0,0,0,1,0,0,0,regular,0
BC11,NW,March,H,Cerastium holosteoides,Cerastium fontanum subsp. vulgare,2,1,2,0,0,0,0,0,0,1,regular,0
BC11,NW,March,H,Cerastium semidecandrum,Cerastium semidecandrum,0.01,1,0.01,1,0,0,0,0,0,0,regular,0
BC11,NW,March,H,Festuca rubra,Festuca rubra,5,3.3333333333333335,16.666666666666668,0,0,0,0,0,0,1,regular,0
BC11,NW,March,H,Geranium molle,Geranium molle,0.01,1,0.01,0,0,0,0,0,0,1,regular,0
BC11,NW,March,H,Leontodon autumnalis,Scorzoneroides autumnalis,0.1,2,0.2,0,0,0,0,0,0,1,regular,0
BC11,NW,March,H,Lolium perenne,Lolium perenne,30,4.666666666666667,140,0,0,0,0,0,0,1,regular,0
BC11,NW,March,H,Plantago lanceolata,Plantago lanceolata,0.5,2.0952380952380953,1.0476190476190477,0,0,0,0,0,0,1,regular,0
BC11,NW,March,H,Trifolium repens,Trifolium repens,10,1.3333333333333333,13.333333333333332,0,0,0,0,0,0,1,regular,0
BC11,NW,March,H,Veronica arvensis,Veronica arvensis,0.01,1,0.01,1,0,0,0,0,0,0,regular,0
BC11,NW,March,H,Veronica serpyllifolia,Veronica serpyllifolia,3,1.3333333333333333,4,0,0,0,0,0,0,1,regular,0
BC11,SE,March,H,Achillea millefolium,Achillea millefolium (aggr.),0.1,1,0.1,0,0,0,0,0,0,1,regular,0
BC11,SE,March,H,Bellis perennis,Bellis perennis,1,1,1,0,0,0,1,0,0,0,regular,0
BC11,SE,March,H,Cerastium holosteoides,Cerastium fontanum subsp. vulgare,2,1,2,0,0,0,0,0,0,1,regular,0
BC11,SE,March,H,Festuca rubra,Festuca rubra,7,3.3333333333333335,23.333333333333336,0,0,0,0,0,0,1,regular,0
BC11,SE,March,H,Geranium molle,Geranium molle,0.1,1,0.1,0,0,0,0,0,0,1,regular,0
BC11,SE,March,H,Leontodon autumnalis,Scorzoneroides autumnalis,0.5,2,1,0,0,0,0,0,0,1,regular,0
BC11,SE,March,H,Lolium perenne,Lolium perenne,25,4.666666666666667,116.66666666666667,0,0,0,0,0,0,1,regular,0
BC11,SE,March,H,Trifolium pratensis,Trifolium pratense,0.5,1,0.5,0,0,0,0,0,0,1,regular,0
BC11,SE,March,H,Trifolium repens,Trifolium repens,15,1.3333333333333333,20,0,0,0,0,0,0,1,regular,0
BC11,SE,March,H,Veronica arvensis,Veronica arvensis,0.01,1,0.01,1,0,0,0,0,0,0,regular,0
BC11,SE,March,H,Veronica serpyllifolia,Veronica serpyllifolia,1,1.3333333333333333,1.3333333333333333,0,0,0,0,0,0,1,regular,0
BC11,NW,May,H,Achillea millefolium,Achillea millefolium (aggr.),8,1.6666666666666667,13.333333333333334,0,0,0,0,0,0,1,regular,0
BC11,NW,May,H,Agrostis capillaris,Agrostis capillaris,0.5,4.666666666666667,2.3333333333333335,0,0,0,1,0,0,0,regular,0
BC11,NW,May,H,Arenaria serpyllifolia,Arenaria serpyllifolia,0.1,3,0.30000000000000004,0,0,0,0,1,0,0,regular,0
BC11,NW,May,H,Bellis perennis,Bellis perennis,3,4,12,0,0,0,1,0,0,0,regular,0
BC11,NW,May,H,Carex hirta,Carex hirta,0.2,6,1.2000000000000002,0,0,0,1,0,0,0,regular,0
BC11,NW,May,H,Cerastium holosteoides,Cerastium fontanum subsp. vulgare,3,2.3333333333333335,7,0,0,0,1,0,0,0,regular,0
BC11,NW,May,H,Cerastium semidecandrum,Cerastium semidecandrum,0.5,4.666666666666667,2.3333333333333335,0,0,0,0,1,0,0,regular,0
BC11,NW,May,H,Festuca rubra,Festuca rubra,5,4,20,0,0,0,1,1,0,0,regular,0
BC11,NW,May,H,Geranium molle,Geranium molle,1,1.6666666666666667,1.6666666666666667,0,0,0,1,0,0,0,regular,0
BC11,NW,May,H,Leontodon autumnalis,Scorzoneroides autumnalis,0.5,6,3,0,0,0,0,0,0,1,regular,0
BC11,NW,May,H,Lolium perenne,Lolium perenne,30,16.666666666666668,500.00000000000006,0,0,0,1,0,0,0,regular,0
BC11,NW,May,H,Plantago lanceolata,Plantago lanceolata,2,2.6666666666666665,5.333333333333333,0,0,0,0,0,0,1,regular,0
BC11,NW,May,H,Poa pratensis,Poa pratensis,0.5,9.666666666666666,4.833333333333333,0,0,0,1,1,0,0,regular,0
BC11,NW,May,H,Trifolium repens,Trifolium repens,40,4,160,0,0,0,1,0,0,0,regular,0
BC11,NW,May,H,Veronica arvensis,Veronica arvensis,0.2,2,0.4,0,0,0,1,1,0,0,regular,0
BC11,NW,May,H,Veronica serpyllifolia,Veronica serpyllifolia,0.5,6.666666666666667,3.3333333333333335,0,0,0,1,1,0,0,regular,0
BC11,SE,May,H,Achillea millefolium,Achillea millefolium (aggr.),5,1.6666666666666667,8.333333333333334,0,0,0,0,0,0,1,regular,0
BC11,SE,May,H,Agrostis capillaris,Agrostis capillaris,0.1,4.666666666666667,0.46666666666666673,0,0,0,1,0,0,0,regular,0
BC11,SE,May,H,Bellis perennis,Bellis perennis,5,4,20,0,0,0,1,0,0,0,regular,0
BC11,SE,May,H,Cerastium holosteoides,Cerastium fontanum subsp. vulgare,4,2.3333333333333335,9.333333333333334,0,0,0,1,0,0,0,regular,0
BC11,SE,May,H,Festuca rubra,Festuca rubra,10,4,40,0,0,0,1,1,0,0,regular,0
BC11,SE,May,H,Geranium molle,Geranium molle,1,1.6666666666666667,1.6666666666666667,0,0,0,1,0,0,0,regular,0
BC11,SE,May,H,Leontodon autumnalis,Scorzoneroides autumnalis,1,6,6,0,0,0,0,0,0,1,regular,0
BC11,SE,May,H,Lolium perenne,Lolium perenne,25,16.666666666666668,416.6666666666667,0,0,0,1,0,0,0,regular,0
BC11,SE,May,H,Plantago lanceolata,Plantago lanceolata,10,2.6666666666666665,26.666666666666664,0,0,0,0,0,0,1,regular,0
BC11,SE,May,H,Poa compressa,Poa compressa,0.1,9,0.9,0,0,0,1,0,0,0,regular,0
BC11,SE,May,H,Taraxacum,Taraxacum,0.1,2.6666666666666665,0.26666666666666666,0,0,0,0,0,0,1,regular,0
BC11,SE,May,H,Trifolium dubium,Trifolium dubium,0.2,2.3333333333333335,0.46666666666666673,0,0,0,1,0,0,0,regular,0
BC11,SE,May,H,Trifolium pratensis,Trifolium pratense,5,4.333333333333333,21.666666666666664,0,0,0,0,0,0,1,regular,0
BC11,SE,May,H,Trifolium repens,Trifolium repens,30,4,120,0,0,0,1,0,0,0,regular,0
BC11,SE,May,H,Veronica arvensis,Veronica arvensis,0.5,2,1,0,0,0,1,1,0,0,regular,0
BC11,SE,May,H,Veronica serpyllifolia,Veronica serpyllifolia,1,6.666666666666667,6.666666666666667,0,0,0,1,1,0,0,regular,0
BC11,NW,July,H,Achillea millefolium,Achillea millefolium (aggr.),20,5.333333333333333,106.66666666666666,0,0,0,0,0,0,1,regular,1
BC11,NW,July,H,Agrostis capillaris,Agrostis capillaris,0.1,5,0.5,0,0,0,0,0,0,1,regular,1
BC11,NW,July,H,Bellis perennis,Bellis perennis,3,3,9,0,0,0,1,0,0,0,regular,1
BC11,NW,July,H,Carex hirta,Carex hirta,1,3,3,0,0,0,0,0,0,1,regular,1
BC11,NW,July,H,Cerastium holosteoides,Cerastium fontanum subsp. vulgare,1,3.6666666666666665,3.6666666666666665,0,0,0,1,0,0,0,regular,1
BC11,NW,July,H,Festuca rubra,Festuca rubra,3,7.333333333333333,22,0,0,0,0,0,0,1,regular,1
BC11,NW,July,H,Geranium molle,Geranium molle,0.1,3,0.30000000000000004,0,0,0,1,0,0,0,regular,1
BC11,NW,July,H,Leontodon autumnalis,Scorzoneroides autumnalis,2,13.5,27,0,0,0,1,0,0,0,regular,1
BC11,NW,July,H,Lolium perenne,Lolium perenne,50,10.333333333333334,516.6666666666667,0,0,0,0,1,0,0,regular,1
BC11,NW,July,H,Plantago lanceolata,Plantago lanceolata,2,5.666666666666667,11.333333333333334,0,0,0,1,1,0,0,regular,1
BC11,NW,July,H,Poa pratensis,Poa pratensis,0.5,7,3.5,0,0,0,0,0,0,1,regular,1
BC11,NW,July,H,Trifolium repens,Trifolium repens,35,8.666666666666666,303.3333333333333,0,0,0,1,0,0,0,regular,1
BC11,NW,July,H,Veronica arvensis,Veronica arvensis,0.1,1,0.1,1,0,0,0,0,0,0,regular,1
BC11,NW,July,H,Veronica serpyllifolia,Veronica serpyllifolia,0.2,1.3333333333333333,0.26666666666666666,0,0,0,1,0,0,0,regular,1
BC11,SE,July,H,Achillea millefolium,Achillea millefolium (aggr.),2,5.333333333333333,10.666666666666666,0,0,0,0,0,0,1,regular,1
BC11,SE,July,H,Agrostis capillaris,Agrostis capillaris,0.5,5,2.5,0,0,0,0,0,0,1,regular,1
BC11,SE,July,H,Bellis perennis,Bellis perennis,7,3,21,0,0,0,1,0,0,0,regular,1
BC11,SE,July,H,Cerastium holosteoides,Cerastium fontanum subsp. vulgare,2,3.6666666666666665,7.333333333333333,0,0,0,1,0,0,0,regular,1
BC11,SE,July,H,Festuca rubra,Festuca rubra,5,7.333333333333333,36.666666666666664,0,0,0,0,0,0,1,regular,1
BC11,SE,July,H,Geranium molle,Geranium molle,0.3,3,0.8999999999999999,0,0,0,1,0,0,0,regular,1
BC11,SE,July,H,Leontodon autumnalis,Scorzoneroides autumnalis,2,13.5,27,0,0,0,1,0,0,0,regular,1
BC11,SE,July,H,Lolium perenne,Lolium perenne,40,10.333333333333334,413.33333333333337,0,0,0,0,1,0,0,regular,1
BC11,SE,July,H,Plantago lanceolata,Plantago lanceolata,7,5.666666666666667,39.66666666666667,0,0,0,1,1,0,0,regular,1
BC11,SE,July,H,Poa compressa,Poa compressa,1,7,7,0,0,0,0,0,0,1,regular,1
BC11,SE,July,H,Trifolium dubium,Trifolium dubium,0.1,4,0.4,0,0,0,1,0,0,0,regular,1
BC11,SE,July,H,Trifolium pratensis,Trifolium pratense,3,7,21,0,0,0,1,0,0,0,regular,1
BC11,SE,July,H,Trifolium repens,Trifolium repens,45,8.666666666666666,390,0,0,0,1,0,0,0,regular,1
BC11,SE,July,H,Veronica serpyllifolia,Veronica serpyllifolia,2,1.3333333333333333,2.6666666666666665,0,0,0,1,0,0,0,regular,1
BC11,NW,September,H,Achillea millefolium,Achillea millefolium (aggr.),10,3.3333333333333335,33.333333333333336,0,0,0,1,0,0,0,regular,3
BC11,NW,September,H,Agrostis capillaris,Agrostis capillaris,0.1,8.277777777777779,0.827777777777778,0,0,0,0,0,0,1,regular,3
BC11,NW,September,H,Arenaria serpyllifolia,Arenaria serpyllifolia,0.1,2.3333333333333335,0.23333333333333336,1,0,0,0,0,0,0,regular,3
BC11,NW,September,H,Bellis perennis,Bellis perennis,3,3,9,0,0,0,1,1,0,0,regular,3
BC11,NW,September,H,Cerastium holosteoides,Cerastium fontanum subsp. vulgare,0.5,2,1,0,0,0,1,1,0,0,regular,3
BC11,NW,September,H,Cerastium semidecandrum,Cerastium semidecandrum,0.3,1,0.3,1,0,0,0,0,0,0,regular,3
BC11,NW,September,H,Festuca rubra,Festuca rubra,10,7.333333333333333,73.33333333333333,0,0,0,0,0,0,1,regular,3
BC11,NW,September,H,Geranium molle,Geranium molle,0.5,2.6666666666666665,1.3333333333333333,0,0,0,0,0,0,1,regular,3
BC11,NW,September,H,Leontodon autumnalis,Scorzoneroides autumnalis,1,3.5,3.5,0,0,0,0,0,0,1,regular,3
BC11,NW,September,H,Lolium perenne,Lolium perenne,40,9.666666666666666,386.66666666666663,0,0,0,0,1,0,0,regular,3
BC11,NW,September,H,Plantago lanceolata,Plantago lanceolata,2,2.6666666666666665,5.333333333333333,0,0,0,0,0,0,1,regular,3
BC11,NW,September,H,Poa pratensis,Poa pratensis,0.1,5,0.5,0,0,0,0,0,0,1,regular,3
BC11,NW,September,H,Trifolium repens,Trifolium repens,30,4.5,135,0,0,0,0,1,0,0,regular,3
BC11,NW,September,H,Veronica arvensis,Veronica arvensis,0.1,1,0.1,1,0,0,0,0,0,0,regular,3
BC11,NW,September,H,Veronica serpyllifolia,Veronica serpyllifolia,0.2,1.5,0.30000000000000004,0,0,0,1,1,0,0,regular,3
BC11,SE,September,H,Achillea millefolium,Achillea millefolium (aggr.),3,3.3333333333333335,10,0,0,0,1,0,0,0,regular,3
BC11,SE,September,H,Agrostis capillaris,Agrostis capillaris,0.1,8.277777777777779,0.827777777777778,0,0,0,0,0,0,1,regular,3
BC11,SE,September,H,Bellis perennis,Bellis perennis,15,3,45,0,0,0,1,1,0,0,regular,3
BC11,SE,September,H,Cerastium holosteoides,Cerastium fontanum subsp. vulgare,3,2,6,0,0,0,1,1,0,0,regular,3
BC11,SE,September,H,Cerastium semidecandrum,Cerastium semidecandrum,2,1,2,1,0,0,0,0,0,0,regular,3
BC11,SE,September,H,Festuca rubra,Festuca rubra,10,7.333333333333333,73.33333333333333,0,0,0,0,0,0,1,regular,3
BC11,SE,September,H,Leontodon autumnalis,Scorzoneroides autumnalis,2,3.5,7,0,0,0,0,0,0,1,regular,3
BC11,SE,September,H,Lolium perenne,Lolium perenne,40,9.666666666666666,386.66666666666663,0,0,0,0,1,0,0,regular,3
BC11,SE,September,H,Plantago lanceolata,Plantago lanceolata,6,2.6666666666666665,16,0,0,0,0,0,0,1,regular,3
BC11,SE,September,H,Trifolium dubium,Trifolium dubium,2,1.3333333333333333,2.6666666666666665,0,0,0,0,0,0,1,regular,3
BC11,SE,September,H,Trifolium pratensis,Trifolium pratense,3,4.666666666666667,14,0,0,0,1,1,0,0,regular,3
BC11,SE,September,H,Trifolium repens,Trifolium repens,40,4.5,180,0,0,0,0,1,0,0,regular,3
BC11,SE,September,H,Veronica serpyllifolia,Veronica serpyllifolia,4,1.5,6,0,0,0,1,1,0,0,regular,3
BC12,NW,March,Seedling,Acer,Acer,0.1,3.3333333333333335,0.33333333333333337,1,0,0,0,0,0,0,reduced,0
BC12,NW,March,H,Aegopodium podagraria,Aegopodium podagraria,0.01,3,0.03,0,0,0,0,0,0,1,reduced,0
BC12,NW,March,H,Agrostis capillaris,Agrostis capillaris,10,4.666666666666667,46.66666666666667,0,0,0,0,0,0,1,reduced,0
BC12,NW,March,H,Cerastium holosteoides,Cerastium fontanum subsp. vulgare,0.5,4.333333333333333,2.1666666666666665,0,0,0,0,0,0,1,reduced,0
BC12,NW,March,H,Crocus,Crocus,0.01,10,0.1,0,0,0,1,0,0,0,reduced,0
BC12,NW,March,H,Dactylis glomerata,Dactylis glomerata,3,6.555555555555555,19.666666666666664,0,0,0,0,0,0,1,reduced,0
BC12,NW,March,H,Festuca rubra,Festuca rubra,20,6.333333333333333,126.66666666666666,0,0,0,0,0,0,1,reduced,0
BC12,NW,March,H,Hypericum perforatum,Hypericum perforatum,0.1,4,0.4,0,0,0,0,0,0,1,reduced,0
BC12,NW,March,H,Leucanthemum vulgare,Leucanthemum vulgare (aggr.),3,2.6666666666666665,8,0,0,0,0,0,0,1,reduced,0
BC12,NW,March,H,Lolium perenne,Lolium perenne,0.5,7.5,3.75,0,0,0,0,0,0,1,reduced,0
BC12,NW,March,H,Plantago lanceolata,Plantago lanceolata,0.5,2.305555555555556,1.152777777777778,0,0,0,0,0,0,1,reduced,0
BC12,NW,March,H,Poa pratensis,Poa pratensis,1,5,5,0,0,0,0,0,0,1,reduced,0
BC12,NW,March,H,Taraxacum,Taraxacum,3,2.3333333333333335,7,0,0,1,0,0,0,0,reduced,0
BC12,NW,March,H,Trifolium pratensis,Trifolium pratense,3,3,9,0,0,0,0,0,0,1,reduced,0
BC12,NW,March,H,Trifolium repens,Trifolium repens,0.01,2,0.02,0,0,0,0,0,0,1,reduced,0
BC12,NW,March,H,Veronica chamaedrys,Veronica chamaedrys,0.01,5,0.05,0,0,0,0,0,0,1,reduced,0
BC12,NW,March,H,Vicia sativa,Vicia sativa,2,3.6666666666666665,7.333333333333333,0,0,0,0,0,0,1,reduced,0
BC12,SE,March,Seedling,Acer,Acer,0.05,3.3333333333333335,0.16666666666666669,1,0,0,0,0,0,0,reduced,0
BC12,SE,March,H,Achillea millefolium,Achillea millefolium (aggr.),0.1,3,0.30000000000000004,0,0,0,0,0,0,1,reduced,0
BC12,SE,March,H,Agrostis capillaris,Agrostis capillaris,5,4.666666666666667,23.333333333333336,0,0,0,0,0,0,1,reduced,0
BC12,SE,March,H,Cerastium holosteoides,Cerastium fontanum subsp. vulgare,0.1,4.333333333333333,0.43333333333333335,0,0,0,0,0,0,1,reduced,0
BC12,SE,March,H,Daucus carota,Daucus carota,1,5,5,0,0,0,0,0,0,1,reduced,0
BC12,SE,March,H,Elymus repens,Elytrigia repens,0.5,4,2,0,0,0,0,0,0,1,reduced,0
BC12,SE,March,H,Festuca rubra,Festuca rubra,25,6.333333333333333,158.33333333333331,0,0,0,0,0,0,1,reduced,0
BC12,SE,March,H,Geum urbanum,Geum urbanum,0.1,1,0.1,0,0,0,0,0,0,1,reduced,0
BC12,SE,March,H,Medicago lupulina,Medicago lupulina,0.5,1,0.5,0,0,0,0,0,0,1,reduced,0
BC12,SE,March,H,Poa pratensis,Poa pratensis,1,5,5,0,0,0,0,0,0,1,reduced,0
BC12,SE,March,H,Taraxacum,Taraxacum,6,2.3333333333333335,14,0,0,1,0,0,0,0,reduced,0
BC12,SE,March,H,Trifolium pratensis,Trifolium pratense,5,3,15,0,0,0,0,0,0,1,reduced,0
BC12,SE,March,H,Trifolium repens,Trifolium repens,1,2,2,0,0,0,0,0,0,1,reduced,0
BC12,SE,March,H,Vicia sativa,Vicia sativa,0.1,3.6666666666666665,0.3666666666666667,0,0,0,0,0,0,1,reduced,0
BC12,NW,May,Seedling,Acer,Acer,2,7.333333333333333,14.666666666666666,1,0,0,0,0,0,0,reduced,0
BC12,NW,May,H,Aegopodium podagraria,Aegopodium podagraria,10,15.333333333333334,153.33333333333334,0,0,0,0,0,0,1,reduced,0
BC12,NW,May,H,Agrostis capillaris,Agrostis capillaris,3,11.833333333333334,35.5,0,0,0,1,0,0,0,reduced,0
BC12,NW,May,H,Arenaria serpyllifolia,Arenaria serpyllifolia,0.1,3,0.30000000000000004,0,0,0,0,1,0,0,reduced,0
BC12,NW,May,H,Carex muricata,Carex muricata,0.5,31.5,15.75,0,0,0,1,0,0,0,reduced,0
BC12,NW,May,H,Cerastium holosteoides,Cerastium fontanum subsp. vulgare,3,10.666666666666666,32,0,0,0,1,0,0,0,reduced,0
BC12,NW,May,H,Dactylis glomerata,Dactylis glomerata,12,52.333333333333336,628,0,0,0,1,1,0,0,reduced,0
BC12,NW,May,H,Daucus carota,Daucus carota,0.1,42.333333333333336,4.233333333333333,0,0,0,0,0,0,1,reduced,0
BC12,NW,May,H,Erigeron annuus,Erigeron annuus,1,33,33,0,0,0,0,0,0,1,reduced,0
BC12,NW,May,H,Festuca rubra,Festuca rubra,35,39.333333333333336,1376.6666666666667,0,0,0,1,1,0,0,reduced,0
BC12,NW,May,H,Hypericum perforatum,Hypericum perforatum,4,24.666666666666668,98.66666666666667,0,0,0,0,0,0,1,reduced,0
BC12,NW,May,H,Leucanthemum vulgare,Leucanthemum vulgare (aggr.),5,31.666666666666668,158.33333333333334,0,0,0,1,0,0,0,reduced,0
BC12,NW,May,H,Lolium perenne,Lolium perenne,0.5,41,20.5,0,0,0,1,0,0,0,reduced,0
BC12,NW,May,H,Plantago lanceolata,Plantago lanceolata,1,19,19,0,0,0,0,0,0,1,reduced,0
BC12,NW,May,H,Poa pratensis,Poa pratensis,1,35,35,0,0,0,1,1,0,0,reduced,0
BC12,NW,May,Juvenile,Quercus robur,Quercus robur,1,18,18,0,1,0,0,0,0,0,reduced,0
BC12,NW,May,H,Plantae (rosette),Plantae,0.1,3,0.30000000000000004,0,0,0,0,0,0,1,reduced,0
BC12,NW,May,H,Taraxacum,Taraxacum,7,10.333333333333334,72.33333333333334,0,0,0,0,1,0,0,reduced,0
BC12,NW,May,H,Trifolium pratensis,Trifolium pratense,10,28.333333333333332,283.3333333333333,0,0,0,1,0,0,0,reduced,0
BC12,NW,May,H,Trifolium repens,Trifolium repens,1,10.333333333333334,10.333333333333334,0,0,0,1,0,0,0,reduced,0
BC12,NW,May,H,Veronica arvensis,Veronica arvensis,0.01,3,0.03,0,0,0,0,1,0,0,reduced,0
BC12,NW,May,H,Veronica serpyllifolia,Veronica serpyllifolia,0.2,2,0.4,0,0,0,0,0,0,1,reduced,0
BC12,NW,May,H,Vicia hirsuta,Vicia hirsuta,1,14.666666666666666,14.666666666666666,0,0,0,1,1,0,0,reduced,0
BC12,NW,May,H,Vicia sativa,Vicia sativa,4,24.666666666666668,98.66666666666667,0,0,0,1,1,0,0,reduced,0
BC12,SE,May,Seedling,Acer,Acer,5,7.333333333333333,36.666666666666664,1,0,0,0,0,0,0,reduced,0
BC12,SE,May,H,Achillea millefolium,Achillea millefolium (aggr.),2,7.666666666666667,15.333333333333334,0,0,0,0,0,0,1,reduced,0
BC12,SE,May,H,Agrostis capillaris,Agrostis capillaris,5,11.833333333333334,59.16666666666667,0,0,0,1,0,0,0,reduced,0
BC12,SE,May,H,Cerastium holosteoides,Cerastium fontanum subsp. vulgare,3,10.666666666666666,32,0,0,0,1,0,0,0,reduced,0
BC12,SE,May,H,Daucus carota,Daucus carota,2,42.333333333333336,84.66666666666667,0,0,0,0,0,0,1,reduced,0
BC12,SE,May,H,Elymus repens,Elytrigia repens,0.5,40,20,0,0,0,0,0,0,1,reduced,0
BC12,SE,May,H,Festuca rubra,Festuca rubra,30,39.333333333333336,1180,0,0,0,1,1,0,0,reduced,0
BC12,SE,May,H,Geum urbanum,Geum urbanum,0.01,5.5,0.055,0,0,0,0,0,0,1,reduced,0
BC12,SE,May,H,Lolium perenne,Lolium perenne,0.5,41,20.5,0,0,0,1,0,0,0,reduced,0
BC12,SE,May,H,Lotus corniculatus,Lotus corniculatus,0.01,11,0.11,0,0,0,1,0,0,0,reduced,0
BC12,SE,May,H,Medicago lupulina,Medicago lupulina,2,11.333333333333334,22.666666666666668,0,0,0,1,0,0,0,reduced,0
BC12,SE,May,H,Poa compressa,Poa compressa,0.1,14.666666666666666,1.4666666666666668,0,0,0,1,0,0,0,reduced,0
BC12,SE,May,H,Poa pratensis,Poa pratensis,2,35,70,0,0,0,1,1,0,0,reduced,0
BC12,SE,May,H,Taraxacum,Taraxacum,5,10.333333333333334,51.66666666666667,0,0,0,0,1,0,0,reduced,0
BC12,SE,May,H,Trifolium pratensis,Trifolium pratense,25,28.333333333333332,708.3333333333333,0,0,0,1,0,0,0,reduced,0
BC12,SE,May,H,Trifolium repens,Trifolium repens,2,10.333333333333334,20.666666666666668,0,0,0,1,0,0,0,reduced,0
BC12,SE,May,Seedling,Ulmus,Ulmus,0.1,4,0.4,1,0,0,0,0,0,0,reduced,0
BC12,SE,May,H,Vicia hirsuta,Vicia hirsuta,3,14.666666666666666,44,0,0,0,1,1,0,0,reduced,0
BC12,SE,May,H,Vicia sativa,Vicia sativa,10,24.666666666666668,246.66666666666669,0,0,0,1,1,0,0,reduced,0
BC12,NW,July,Seedling,Acer,Acer,0.2,11,2.2,1,0,0,0,0,0,0,reduced,1
BC12,NW,July,H,Aegopodium podagraria,Aegopodium podagraria,4,13.666666666666666,54.666666666666664,0,0,0,0,0,0,1,reduced,1
BC12,NW,July,H,Agrostis capillaris,Agrostis capillaris,5,9,45,0,0,0,0,0,0,1,reduced,1
BC12,NW,July,H,Carex muricata,Carex muricata,0.1,12,1.2000000000000002,0,0,0,0,0,0,1,reduced,1
BC12,NW,July,H,Cerastium holosteoides,Cerastium fontanum subsp. vulgare,0.05,2.8333333333333335,0.1416666666666667,0,0,0,0,0,0,1,reduced,1
BC12,NW,July,H,Dactylis glomerata,Dactylis glomerata,10,18.333333333333332,183.33333333333331,0,0,0,0,0,0,1,reduced,1
BC12,NW,July,H,Daucus carota,Daucus carota,0.1,18,1.8,0,0,1,0,0,0,0,reduced,1
BC12,NW,July,H,Festuca rubra,Festuca rubra,30,9.666666666666666,290,0,0,0,0,0,0,1,reduced,1
BC12,NW,July,H,Hypericum perforatum,Hypericum perforatum,5,13,65,0,0,0,0,0,0,1,reduced,1
BC12,NW,July,H,Leucanthemum vulgare,Leucanthemum vulgare (aggr.),9,9.666666666666666,87,0,0,0,0,0,0,1,reduced,1
BC12,NW,July,H,Lolium perenne,Lolium perenne,2,7.666666666666667,15.333333333333334,0,0,0,0,0,0,1,reduced,1
BC12,NW,July,H,Plantago lanceolata,Plantago lanceolata,1,12.666666666666666,12.666666666666666,0,0,0,1,0,0,0,reduced,1
BC12,NW,July,H,Poa pratensis,Poa pratensis,2,10.333333333333334,20.666666666666668,0,0,0,0,0,0,1,reduced,1
BC12,NW,July,H,Taraxacum,Taraxacum,6,14,84,0,0,0,0,0,0,1,reduced,1
BC12,NW,July,H,Trifolium pratensis,Trifolium pratense,5,18,90,0,0,0,1,0,0,0,reduced,1
BC12,NW,July,H,Trifolium repens,Trifolium repens,6,8.333333333333334,50,0,0,0,1,0,0,0,reduced,1
BC12,NW,July,H,Vicia hirsuta,Vicia hirsuta,0.1,9,0.9,0,0,0,0,0,0,1,reduced,1
BC12,NW,July,H,Vicia sativa,Vicia sativa,0.5,8,4,0,0,0,0,0,0,1,reduced,1
BC12,SE,July,H,Achillea millefolium,Achillea millefolium (aggr.),1,8.666666666666666,8.666666666666666,0,0,0,0,0,0,1,reduced,1
BC12,SE,July,H,Agrostis capillaris,Agrostis capillaris,2,9,18,0,0,0,0,0,0,1,reduced,1
BC12,SE,July,H,Cerastium holosteoides,Cerastium fontanum subsp. vulgare,0.1,2.8333333333333335,0.2833333333333334,0,0,0,0,0,0,1,reduced,1
BC12,SE,July,H,Daucus carota,Daucus carota,0.5,18,9,0,0,1,0,0,0,0,reduced,1
BC12,SE,July,H,Elymus repens,Elytrigia repens,0.5,19.333333333333332,9.666666666666666,0,0,0,0,0,0,1,reduced,1
BC12,SE,July,H,Festuca rubra,Festuca rubra,20,9.666666666666666,193.33333333333331,0,0,0,0,0,0,1,reduced,1
BC12,SE,July,H,Geum urbanum,Geum urbanum,0.01,3,0.03,0,0,0,0,0,0,1,reduced,1
BC12,SE,July,H,Lolium perenne,Lolium perenne,0.5,7.666666666666667,3.8333333333333335,0,0,0,0,0,0,1,reduced,1
BC12,SE,July,H,Medicago lupulina,Medicago lupulina,2,7,14,0,0,0,1,0,0,0,reduced,1
BC12,SE,July,H,Plantago lanceolata,Plantago lanceolata,0.2,12.666666666666666,2.533333333333333,0,0,0,1,0,0,0,reduced,1
BC12,SE,July,H,Poa compressa,Poa compressa,0.1,14,1.4000000000000001,0,0,0,0,0,0,1,reduced,1
BC12,SE,July,H,Poa pratensis,Poa pratensis,0.5,10.333333333333334,5.166666666666667,0,0,0,0,0,0,1,reduced,1
BC12,SE,July,H,Taraxacum,Taraxacum,5,14,70,0,0,0,0,0,0,1,reduced,1
BC12,SE,July,H,Trifolium pratensis,Trifolium pratense,15,18,270,0,0,0,1,0,0,0,reduced,1
BC12,SE,July,H,Trifolium repens,Trifolium repens,3,8.333333333333334,25,0,0,0,1,0,0,0,reduced,1
BC12,SE,July,H,Vicia sativa,Vicia sativa,0.5,8,4,0,0,0,0,0,0,1,reduced,1
BC12,NW,September,H,Aegopodium podagraria,Aegopodium podagraria,5,7,35,0,0,0,0,0,0,1,reduced,1
BC12,NW,September,H,Agrostis capillaris,Agrostis capillaris,3,8.666666666666666,26,0,0,0,0,0,0,1,reduced,1
BC12,NW,September,H,Carex muricata,Carex muricata,0.5,4.666666666666667,2.3333333333333335,0,0,0,0,0,0,1,reduced,1
BC12,NW,September,H,Cerastium,Cerastium,0.01,1,0.01,1,0,0,0,0,0,0,reduced,1
BC12,NW,September,H,Cerastium holosteoides,Cerastium fontanum subsp. vulgare,0.1,3.6666666666666665,0.3666666666666667,0,0,0,0,0,0,1,reduced,1
BC12,NW,September,H,Dactylis glomerata,Dactylis glomerata,15,12.666666666666666,190,0,0,0,0,0,0,1,reduced,1
BC12,NW,September,H,Daucus carota,Daucus carota,0.1,14,1.4000000000000001,0,0,0,1,0,0,0,reduced,1
BC12,NW,September,H,Erigeron annuus,Erigeron annuus,0.5,8,4,0,0,0,0,0,0,1,reduced,1
BC12,NW,September,H,Festuca rubra,Festuca rubra,30,11,330,0,0,0,0,0,0,1,reduced,1
BC12,NW,September,H,Hypericum perforatum,Hypericum perforatum,3,8.666666666666666,26,0,0,0,0,0,0,1,reduced,1
BC12,NW,September,H,Leucanthemum vulgare,Leucanthemum vulgare (aggr.),15,8.333333333333334,125.00000000000001,0,0,0,0,0,0,1,reduced,1
BC12,NW,September,H,Lolium perenne,Lolium perenne,2,12,24,0,0,0,0,0,0,1,reduced,1
BC12,NW,September,H,Plantago lanceolata,Plantago lanceolata,1,4.333333333333333,4.333333333333333,0,0,0,0,0,0,1,reduced,1
BC12,NW,September,H,Poa pratensis,Poa pratensis,1,11.833333333333332,11.833333333333332,0,0,0,0,0,0,1,reduced,1
BC12,NW,September,H,Taraxacum,Taraxacum,7,10.666666666666666,74.66666666666666,0,0,0,0,0,0,1,reduced,1
BC12,NW,September,H,Trifolium pratensis,Trifolium pratense,10,10,100,0,0,0,1,1,0,0,reduced,1
BC12,NW,September,H,Trifolium repens,Trifolium repens,5,10,50,0,0,0,1,1,0,0,reduced,1
BC12,NW,September,H,Veronica arvensis,Veronica arvensis,0.01,1,0.01,1,0,0,0,0,0,0,reduced,1
BC12,NW,September,H,Vicia hirsuta,Vicia hirsuta,2,9.166666666666668,18.333333333333336,0,0,0,0,0,0,1,reduced,1
BC12,NW,September,H,Vicia sativa,Vicia sativa,5,12.666666666666666,63.33333333333333,0,0,0,0,0,0,1,reduced,1
BC12,SE,September,H,Achillea millefolium,Achillea millefolium (aggr.),1,7.666666666666667,7.666666666666667,0,0,0,0,0,0,1,reduced,1
BC12,SE,September,H,Agrostis capillaris,Agrostis capillaris,1,8.666666666666666,8.666666666666666,0,0,0,0,0,0,1,reduced,1
BC12,SE,September,H,Cerastium holosteoides,Cerastium fontanum subsp. vulgare,0.01,3.6666666666666665,0.03666666666666667,0,0,0,0,0,0,1,reduced,1
BC12,SE,September,H,Daucus carota,Daucus carota,3,14,42,0,0,0,1,0,0,0,reduced,1
BC12,SE,September,H,Elymus repens,Elytrigia repens,2,12.666666666666666,25.333333333333332,0,0,0,0,0,0,1,reduced,1
BC12,SE,September,H,Festuca rubra,Festuca rubra,25,11,275,0,0,0,0,0,0,1,reduced,1
BC12,SE,September,H,Lolium perenne,Lolium perenne,0.5,12,6,0,0,0,0,0,0,1,reduced,1
BC12,SE,September,H,Medicago lupulina,Medicago lupulina,3,4,12,0,0,0,0,0,0,1,reduced,1
BC12,SE,September,H,Poa pratensis,Poa pratensis,2,11.833333333333332,23.666666666666664,0,0,0,0,0,0,1,reduced,1
BC12,SE,September,H,Taraxacum,Taraxacum,8,10.666666666666666,85.33333333333333,0,0,0,0,0,0,1,reduced,1
BC12,SE,September,H,Trifolium pratensis,Trifolium pratense,20,10,200,0,0,0,1,1,0,0,reduced,1
BC12,SE,September,H,Trifolium repens,Trifolium repens,8,10,80,0,0,0,1,1,0,0,reduced,1
BC12,SE,September,H,Vicia hirsuta,Vicia hirsuta,0.2,9.166666666666668,1.8333333333333337,0,0,0,0,0,0,1,reduced,1
BC12,SE,September,H,Vicia sativa,Vicia sativa,7,12.666666666666666,88.66666666666666,0,0,0,0,0,0,1,reduced,1
BC13,NW,March,H,Achillea millefolium,Achillea millefolium (aggr.),0.1,1,0.1,0,0,0,0,0,0,1,regular,0
BC13,NW,March,H,Agrostis capillaris,Agrostis capillaris,1,3.6666666666666665,3.6666666666666665,0,0,0,0,0,0,1,regular,0
BC13,NW,March,H,Berteroa incana,Berteroa incana,0.01,1,0.01,0,0,0,0,0,0,1,regular,0
BC13,NW,March,H,Cerastium semidecandrum,Cerastium semidecandrum,0.01,1,0.01,0,0,0,1,0,0,0,regular,0
BC13,NW,March,H,Daucus carota,Daucus carota,0.5,4,2,0,0,0,0,0,0,1,regular,0
BC13,NW,March,H,Festuca ovina,Festuca ovina,1,4.5,4.5,0,0,0,0,0,0,1,regular,0
BC13,NW,March,H,Festuca rubra,Festuca rubra,3,5,15,0,0,0,0,0,0,1,regular,0
BC13,NW,March,H,Hypochaeris radicata,Hypochaeris radicata,2,1,2,0,0,0,0,0,0,1,regular,0
BC13,NW,March,H,Luzula campestris,Luzula campestris,5,8,40,0,0,0,1,0,0,0,regular,0
BC13,NW,March,H,Ornithopus perpusillus,Ornithopus perpusillus,0.5,2,1,0,0,0,0,0,0,1,regular,0
BC13,NW,March,H,Plantago lanceolata,Plantago lanceolata,0.5,2.0952380952380953,1.0476190476190477,0,0,0,0,0,0,1,regular,0
BC13,NW,March,H,Poa pratensis,Poa pratensis,0.5,4,2,0,0,0,0,0,0,1,regular,0
BC13,NW,March,H,Rumex acetosa,Rumex acetosa,1,1.5,1.5,0,0,0,0,0,0,1,regular,0
BC13,NW,March,H,Sedum acre,Sedum acre,20,1.6666666666666667,33.333333333333336,0,0,0,0,0,0,1,regular,0
BC13,NW,March,H,Trifolium dubium,Trifolium dubium,1,1,1,0,0,0,0,0,0,1,regular,0
BC13,NW,March,H,Trifolium pratensis,Trifolium pratense,0.5,3.6666666666666665,1.8333333333333333,0,0,0,0,0,0,1,regular,0
BC13,NW,March,H,Trifolium repens,Trifolium repens,1,3,3,0,0,0,0,0,0,1,regular,0
BC13,NW,March,H,Veronica arvensis,Veronica arvensis,0.01,1,0.01,1,0,0,0,0,0,0,regular,0
BC13,NW,March,H,Veronica sublobata,Veronica sublobata,0.01,1,0.01,0,0,0,1,0,0,0,regular,0
BC13,NW,March,H,Vicia lathyroides,Vicia lathyroides,7,4.333333333333333,30.333333333333332,0,0,0,1,0,0,0,regular,0
BC13,SE,March,H,Agrostis capillaris,Agrostis capillaris,1,3.6666666666666665,3.6666666666666665,0,0,0,0,0,0,1,regular,0
BC13,SE,March,H,Arenaria serpyllifolia,Arenaria serpyllifolia,0.1,1,0.1,0,0,0,0,0,0,1,regular,0
BC13,SE,March,H,Bellis perennis,Bellis perennis,0.1,1.6666666666666667,0.16666666666666669,0,0,0,1,0,0,0,regular,0
BC13,SE,March,H,Cerastium semidecandrum,Cerastium semidecandrum,0.1,1,0.1,0,0,0,1,0,0,0,regular,0
BC13,SE,March,H,Festuca ovina,Festuca ovina,0.5,4.5,2.25,0,0,0,0,0,0,1,regular,0
BC13,SE,March,H,Festuca rubra,Festuca rubra,2,5,10,0,0,0,0,0,0,1,regular,0
BC13,SE,March,H,Hypochaeris radicata,Hypochaeris radicata,1,1,1,0,0,0,0,0,0,1,regular,0
BC13,SE,March,H,Lolium perenne,Lolium perenne,0.1,6.333333333333334,0.6333333333333334,0,0,0,0,0,0,1,regular,0
BC13,SE,March,H,Luzula campestris,Luzula campestris,5,8,40,0,0,0,1,0,0,0,regular,0
BC13,SE,March,H,Myosotis ramosissima,Myosotis ramosissima,0.01,1,0.01,0,0,0,0,0,0,1,regular,0
BC13,SE,March,H,Sedum acre,Sedum acre,0.1,1.6666666666666667,0.16666666666666669,0,0,0,0,0,0,1,regular,0
BC13,SE,March,H,Stellaria media,Stellaria media,0.5,2.6666666666666665,1.3333333333333333,0,0,0,1,0,0,0,regular,0
BC13,SE,March,H,Trifolium dubium,Trifolium dubium,1,1,1,0,0,0,0,0,0,1,regular,0
BC13,SE,March,H,Trifolium pratensis,Trifolium pratense,2,3.6666666666666665,7.333333333333333,0,0,0,0,0,0,1,regular,0
BC13,SE,March,H,Trifolium repens,Trifolium repens,17,3,51,0,0,0,0,0,0,1,regular,0
BC13,SE,March,H,Veronica arvensis,Veronica arvensis,0.01,1,0.01,1,0,0,0,0,0,0,regular,0
BC13,SE,March,H,Veronica sublobata,Veronica sublobata,0.01,1,0.01,0,0,0,1,0,0,0,regular,0
BC13,SE,March,H,Vicia lathyroides,Vicia lathyroides,2,4.333333333333333,8.666666666666666,0,0,0,1,0,0,0,regular,0
BC13,NW,May,H,Achillea millefolium,Achillea millefolium (aggr.),0.2,4.333333333333333,0.8666666666666667,0,0,0,0,0,0,1,regular,0
BC13,NW,May,H,Agrostis capillaris,Agrostis capillaris,3,9.666666666666666,29,0,0,0,1,0,0,0,regular,0
BC13,NW,May,H,Arenaria serpyllifolia,Arenaria serpyllifolia,0.1,3,0.30000000000000004,0,0,0,1,1,0,0,regular,0
BC13,NW,May,H,Berteroa incana,Berteroa incana,0.1,7.5,0.75,0,0,0,0,0,0,1,regular,0
BC13,NW,May,H,Cerastium semidecandrum,Cerastium semidecandrum,0.1,7.666666666666667,0.7666666666666667,0,0,0,0,1,0,0,regular,0
BC13,NW,May,H,Daucus carota,Daucus carota,0.5,16.333333333333332,8.166666666666666,0,0,0,0,0,0,1,regular,0
BC13,NW,May,H,Festuca ovina,Festuca ovina,0.5,16.75,8.375,0,0,0,1,1,0,0,regular,0
BC13,NW,May,H,Festuca rubra,Festuca rubra,5,44.333333333333336,221.66666666666669,0,0,0,1,1,0,0,regular,0
BC13,NW,May,H,Hypochaeris radicata,Hypochaeris radicata,5,7.666666666666667,38.333333333333336,0,0,1,0,0,0,0,regular,0
BC13,NW,May,H,Luzula campestris,Luzula campestris,17,6.666666666666667,113.33333333333334,0,0,0,0,1,0,0,regular,0
BC13,NW,May,H,Ornithopus perpusillus,Ornithopus perpusillus,3,7,21,0,0,0,1,1,0,0,regular,0
BC13,NW,May,H,Plantago lanceolata,Plantago lanceolata,4,8.666666666666666,34.666666666666664,0,0,0,1,0,0,0,regular,0
BC13,NW,May,H,Poa pratensis,Poa pratensis,1,19,19,0,0,0,1,1,0,0,regular,0
BC13,NW,May,H,Rumex acetosa,Rumex acetosa,4,8,32,0,0,0,0,0,0,1,regular,0
BC13,NW,May,H,Sedum acre,Sedum acre,25,4.833333333333334,120.83333333333334,0,0,1,0,0,0,0,regular,0
BC13,NW,May,H,Trifolium arvense,Trifolium arvense,3,7.666666666666667,23,0,0,0,0,0,0,1,regular,0
BC13,NW,May,H,Trifolium campestre,Trifolium campestre,2,9.666666666666666,19.333333333333332,0,0,0,1,0,0,0,regular,0
BC13,NW,May,H,Trifolium dubium,Trifolium dubium,15,10.333333333333334,155,0,0,0,1,0,0,0,regular,0
BC13,NW,May,H,Trifolium pratensis,Trifolium pratense,3,13.666666666666666,41,0,0,0,1,0,0,0,regular,0
BC13,NW,May,H,Trifolium repens,Trifolium repens,5,6.333333333333333,31.666666666666664,0,0,0,1,0,0,0,regular,0
BC13,NW,May,H,Veronica arvensis,Veronica arvensis,0.1,2.6666666666666665,0.26666666666666666,0,0,0,1,1,0,0,regular,0
BC13,NW,May,H,Vicia lathyroides,Vicia lathyroides,2,8.333333333333334,16.666666666666668,0,0,0,0,1,0,0,regular,0
BC13,NW,May,H,Vicia sativa,Vicia sativa,2,20,40,0,0,0,0,1,0,0,regular,0
BC13,SE,May,H,Achillea millefolium,Achillea millefolium (aggr.),1,4.333333333333333,4.333333333333333,0,0,0,0,0,0,1,regular,0
BC13,SE,May,H,Agrostis capillaris,Agrostis capillaris,15,9.666666666666666,145,0,0,0,1,0,0,0,regular,0
BC13,SE,May,H,Arenaria serpyllifolia,Arenaria serpyllifolia,0.3,3,0.8999999999999999,0,0,0,1,1,0,0,regular,0
BC13,SE,May,H,Bellis perennis,Bellis perennis,3,5,15,0,0,0,0,0,0,1,regular,0
BC13,SE,May,H,Cerastium semidecandrum,Cerastium semidecandrum,0.8,7.666666666666667,6.133333333333334,0,0,0,0,1,0,0,regular,0
BC13,SE,May,H,Festuca ovina,Festuca ovina,1,16.75,16.75,0,0,0,1,1,0,0,regular,0
BC13,SE,May,H,Festuca rubra,Festuca rubra,8,44.333333333333336,354.6666666666667,0,0,0,1,1,0,0,regular,0
BC13,SE,May,H,Hypochaeris radicata,Hypochaeris radicata,3,7.666666666666667,23,0,0,1,0,0,0,0,regular,0
BC13,SE,May,H,Lolium perenne,Lolium perenne,0.5,150.66666666666666,75.33333333333333,0,0,0,0,0,0,1,regular,0
BC13,SE,May,H,Luzula campestris,Luzula campestris,5,6.666666666666667,33.333333333333336,0,0,0,0,1,0,0,regular,0
BC13,SE,May,H,Myosotis ramosissima,Myosotis ramosissima,0.5,11,5.5,0,0,0,0,0,0,1,regular,0
BC13,SE,May,H,Plantago lanceolata,Plantago lanceolata,2,8.666666666666666,17.333333333333332,0,0,0,1,0,0,0,regular,0
BC13,SE,May,H,Poa pratensis,Poa pratensis,0.5,19,9.5,0,0,0,1,1,0,0,regular,0
BC13,SE,May,H,Sedum acre,Sedum acre,2,4.833333333333334,9.666666666666668,0,0,1,0,0,0,0,regular,0
BC13,SE,May,H,Trifolium campestre,Trifolium campestre,1,9.666666666666666,9.666666666666666,0,0,0,1,0,0,0,regular,0
BC13,SE,May,H,Trifolium dubium,Trifolium dubium,2,10.333333333333334,20.666666666666668,0,0,0,1,0,0,0,regular,0
BC13,SE,May,H,Trifolium pratensis,Trifolium pratense,5,13.666666666666666,68.33333333333333,0,0,0,1,0,0,0,regular,0
BC13,SE,May,H,Trifolium repens,Trifolium repens,20,6.333333333333333,126.66666666666666,0,0,0,1,0,0,0,regular,0
BC13,SE,May,H,Veronica arvensis,Veronica arvensis,0.2,2.6666666666666665,0.5333333333333333,0,0,0,1,1,0,0,regular,0
BC13,SE,May,H,Vicia lathyroides,Vicia lathyroides,3,8.333333333333334,25,0,0,0,0,1,0,0,regular,0
BC13,SE,May,H,Vicia sativa,Vicia sativa,3,20,60,0,0,0,0,1,0,0,regular,0
BC13,NW,July,H,Achillea millefolium,Achillea millefolium (aggr.),0.1,4.666666666666667,0.46666666666666673,0,0,0,0,0,0,1,regular,1
BC13,NW,July,H,Agrostis capillaris,Agrostis capillaris,4,7.333333333333333,29.333333333333332,0,0,0,1,1,0,0,regular,1
BC13,NW,July,H,Festuca ovina,Festuca ovina,0.1,11.666666666666666,1.1666666666666667,0,0,0,0,0,0,1,regular,1
BC13,NW,July,H,Festuca rubra,Festuca rubra,7,10.666666666666666,74.66666666666666,0,0,0,0,0,0,1,regular,1
BC13,NW,July,H,Hypochaeris radicata,Hypochaeris radicata,4,5,20,0,0,1,0,0,0,0,regular,1
BC13,NW,July,H,Luzula campestris,Luzula campestris,14,5.666666666666667,79.33333333333334,0,0,0,0,0,0,1,regular,1
BC13,NW,July,H,Ornithopus perpusillus,Ornithopus perpusillus,0.05,1.3333333333333333,0.06666666666666667,1,0,0,0,0,0,0,regular,1
BC13,NW,July,H,Plantago lanceolata,Plantago lanceolata,6,10.666666666666666,64,0,0,0,1,1,0,0,regular,1
BC13,NW,July,H,Poa pratensis,Poa pratensis,0.5,7.666666666666667,3.8333333333333335,0,0,0,0,0,0,1,regular,1
BC13,NW,July,H,Rumex acetosa,Rumex acetosa,4,10.333333333333334,41.333333333333336,0,0,0,0,0,0,1,regular,1
BC13,NW,July,H,Sedum acre,Sedum acre,35,3.6666666666666665,128.33333333333331,0,0,0,0,0,0,1,regular,1
BC13,NW,July,H,Taraxacum,Taraxacum,0.1,1,0.1,1,0,0,0,0,0,0,regular,1
BC13,NW,July,H,Trifolium arvense,Trifolium arvense,0.001,8,0.008,0,0,0,1,0,0,0,regular,1
BC13,NW,July,H,Trifolium dubium,Trifolium dubium,1,1,1,1,0,0,0,0,0,0,regular,1
BC13,NW,July,H,Trifolium pratensis,Trifolium pratense,1,8.333333333333334,8.333333333333334,0,0,0,0,0,0,1,regular,1
BC13,NW,July,H,Trifolium repens,Trifolium repens,0.1,7.333333333333333,0.7333333333333334,0,0,0,0,0,0,1,regular,1
BC13,NW,July,H,Veronica arvensis,Veronica arvensis,0.1,1,0.1,1,0,0,0,0,0,0,regular,1
BC13,NW,July,H,Vicia lathyroides,Vicia lathyroides,0.8,5.333333333333333,4.266666666666667,0,0,0,0,0,0,1,regular,1
BC13,NW,July,H,Vicia sativa,Vicia sativa,0.3,9.666666666666666,2.9,0,0,0,0,0,0,1,regular,1
BC13,SE,July,H,Achillea millefolium,Achillea millefolium (aggr.),0.5,4.666666666666667,2.3333333333333335,0,0,0,0,0,0,1,regular,1
BC13,SE,July,H,Agrostis capillaris,Agrostis capillaris,15,7.333333333333333,110,0,0,0,1,1,0,0,regular,1
BC13,SE,July,H,Bellis perennis,Bellis perennis,3,2.3333333333333335,7,0,0,0,0,0,0,1,regular,1
BC13,SE,July,H,Festuca ovina,Festuca ovina,1,11.666666666666666,11.666666666666666,0,0,0,0,0,0,1,regular,1
BC13,SE,July,H,Festuca rubra,Festuca rubra,5,10.666666666666666,53.33333333333333,0,0,0,0,0,0,1,regular,1
BC13,SE,July,H,Hypochaeris radicata,Hypochaeris radicata,3,5,15,0,0,1,0,0,0,0,regular,1
BC13,SE,July,H,Lolium perenne,Lolium perenne,1,8.333333333333334,8.333333333333334,0,0,0,0,0,0,1,regular,1
BC13,SE,July,H,Luzula campestris,Luzula campestris,4,5.666666666666667,22.666666666666668,0,0,0,0,0,0,1,regular,1
BC13,SE,July,H,Plantago lanceolata,Plantago lanceolata,1,10.666666666666666,10.666666666666666,0,0,0,1,1,0,0,regular,1
BC13,SE,July,H,Poa pratensis,Poa pratensis,2,7.666666666666667,15.333333333333334,0,0,0,0,0,0,1,regular,1
BC13,SE,July,H,Rumex acetosa,Rumex acetosa,0.7,10.333333333333334,7.233333333333333,0,0,0,0,0,0,1,regular,1
BC13,SE,July,H,Sedum acre,Sedum acre,0.5,3.6666666666666665,1.8333333333333333,0,0,0,0,0,0,1,regular,1
BC13,SE,July,H,Trifolium dubium,Trifolium dubium,2,1,2,1,0,0,0,0,0,0,regular,1
BC13,SE,July,H,Trifolium pratensis,Trifolium pratense,1,8.333333333333334,8.333333333333334,0,0,0,0,0,0,1,regular,1
BC13,SE,July,H,Trifolium repens,Trifolium repens,1,7.333333333333333,7.333333333333333,0,0,0,0,0,0,1,regular,1
BC13,SE,July,H,Veronica arvensis,Veronica arvensis,0.1,1,0.1,1,0,0,0,0,0,0,regular,1
BC13,SE,July,H,Vicia lathyroides,Vicia lathyroides,0.6,5.333333333333333,3.1999999999999997,0,0,0,0,0,0,1,regular,1
BC13,SE,July,H,Vicia sativa,Vicia sativa,0.3,9.666666666666666,2.9,0,0,0,0,0,0,1,regular,1
BC13,NW,September,H,Achillea millefolium,Achillea millefolium (aggr.),1,4,4,0,0,0,0,0,0,1,regular,3
BC13,NW,September,H,Agrostis capillaris,Agrostis capillaris,15,7.333333333333333,110,0,0,0,0,0,0,1,regular,3
BC13,NW,September,H,Arenaria serpyllifolia,Arenaria serpyllifolia,0.8,2,1.6,1,0,0,0,0,0,0,regular,3
BC13,NW,September,H,Cerastium semidecandrum,Cerastium semidecandrum,0.5,1,0.5,1,0,0,0,0,0,0,regular,3
BC13,NW,September,H,Festuca ovina,Festuca ovina,1,6.333333333333333,6.333333333333333,0,0,0,0,0,0,1,regular,3
BC13,NW,September,H,Festuca rubra,Festuca rubra,5,6,30,0,0,0,0,0,0,1,regular,3
BC13,NW,September,H,Hypochaeris radicata,Hypochaeris radicata,8,2.6666666666666665,21.333333333333332,0,0,0,0,0,0,1,regular,3
BC13,NW,September,H,Luzula campestris,Luzula campestris,20,4.333333333333333,86.66666666666666,0,0,0,0,0,0,1,regular,3
BC13,NW,September,H,Medicago lupulina,Medicago lupulina,0.1,1,0.1,0,0,0,0,0,0,1,regular,3
BC13,NW,September,H,Ornithopus perpusillus,Ornithopus perpusillus,1,1.6666666666666667,1.6666666666666667,1,0,0,0,0,0,0,regular,3
BC13,NW,September,H,Plantago lanceolata,Plantago lanceolata,5,3.6666666666666665,18.333333333333332,0,0,0,0,0,0,1,regular,3
BC13,NW,September,H,Poa pratensis,Poa pratensis,0.5,6,3,0,0,0,0,0,0,1,regular,3
BC13,NW,September,H,Rumex acetosa,Rumex acetosa,2,3,6,0,0,0,0,0,0,1,regular,3
BC13,NW,September,H,Sedum acre,Sedum acre,30,3.3333333333333335,100,0,0,0,0,1,0,0,regular,3
BC13,NW,September,H,Stellaria media,Stellaria media,0.1,1.25,0.125,1,0,0,0,0,0,0,regular,3
BC13,NW,September,H,Trifolium campestre,Trifolium campestre,2,2,4,1,0,0,0,0,0,0,regular,3
BC13,NW,September,H,Trifolium dubium,Trifolium dubium,3,1.6666666666666667,5,0,0,0,0,0,0,1,regular,3
BC13,NW,September,H,Trifolium pratensis,Trifolium pratense,1,3.3333333333333335,3.3333333333333335,0,0,0,1,1,0,0,regular,3
BC13,NW,September,H,Trifolium repens,Trifolium repens,0.5,4,2,0,0,0,0,0,0,1,regular,3
BC13,NW,September,H,Vicia lathyroides,Vicia lathyroides,3,6,18,0,0,0,0,0,0,1,regular,3
BC13,NW,September,H,Vicia sativa,Vicia sativa,0.5,6.333333333333333,3.1666666666666665,0,0,0,0,0,0,1,regular,3
BC13,SE,September,H,Achillea millefolium,Achillea millefolium (aggr.),1,4,4,0,0,0,0,0,0,1,regular,3
BC13,SE,September,H,Agrostis capillaris,Agrostis capillaris,15,7.333333333333333,110,0,0,0,0,0,0,1,regular,3
BC13,SE,September,H,Arabidopsis thaliana,Arabidopsis thaliana,0.1,1,0.1,0,0,0,0,0,0,1,regular,3
BC13,SE,September,H,Arenaria serpyllifolia,Arenaria serpyllifolia,0.5,2,1,1,0,0,0,0,0,0,regular,3
BC13,SE,September,H,Bellis perennis,Bellis perennis,5,3.3333333333333335,16.666666666666668,0,0,0,1,0,0,0,regular,3
BC13,SE,September,H,Cerastium semidecandrum,Cerastium semidecandrum,0.1,1,0.1,1,0,0,0,0,0,0,regular,3
BC13,SE,September,H,Festuca ovina,Festuca ovina,1,6.333333333333333,6.333333333333333,0,0,0,0,0,0,1,regular,3
BC13,SE,September,H,Festuca rubra,Festuca rubra,5,6,30,0,0,0,0,0,0,1,regular,3
BC13,SE,September,H,Hypochaeris radicata,Hypochaeris radicata,6,2.6666666666666665,16,0,0,0,0,0,0,1,regular,3
BC13,SE,September,H,Lolium perenne,Lolium perenne,0.1,5,0.5,0,0,0,0,0,0,1,regular,3
BC13,SE,September,H,Luzula campestris,Luzula campestris,6,4.333333333333333,26,0,0,0,0,0,0,1,regular,3
BC13,SE,September,H,Medicago lupulina,Medicago lupulina,0.1,1,0.1,0,0,0,0,0,0,1,regular,3
BC13,SE,September,H,Plantago lanceolata,Plantago lanceolata,2,3.6666666666666665,7.333333333333333,0,0,0,0,0,0,1,regular,3
BC13,SE,September,H,Poa pratensis,Poa pratensis,2,6,12,0,0,0,0,0,0,1,regular,3
BC13,SE,September,H,Rumex acetosa,Rumex acetosa,0.5,3,1.5,0,0,0,0,0,0,1,regular,3
BC13,SE,September,H,Sedum acre,Sedum acre,1,3.3333333333333335,3.3333333333333335,0,0,0,0,1,0,0,regular,3
BC13,SE,September,H,Stellaria media,Stellaria media,0.5,1.25,0.625,1,0,0,0,0,0,0,regular,3
BC13,SE,September,H,Trifolium campestre,Trifolium campestre,1,2,2,1,0,0,0,0,0,0,regular,3
BC13,SE,September,H,Trifolium dubium,Trifolium dubium,2,1.6666666666666667,3.3333333333333335,0,0,0,0,0,0,1,regular,3
BC13,SE,September,H,Trifolium pratensis,Trifolium pratense,1,3.3333333333333335,3.3333333333333335,0,0,0,1,1,0,0,regular,3
BC13,SE,September,H,Trifolium repens,Trifolium repens,3,4,12,0,0,0,0,0,0,1,regular,3
BC13,SE,September,H,Veronica arvensis,Veronica arvensis,0.1,1,0.1,1,0,0,0,0,0,0,regular,3
BC13,SE,September,H,Vicia lathyroides,Vicia lathyroides,4,6,24,0,0,0,0,0,0,1,regular,3
BC13,SE,September,H,Vicia sativa,Vicia sativa,1,6.333333333333333,6.333333333333333,0,0,0,0,0,0,1,regular,3
BC14,NW,March,Seedling,Acer,Acer,0.001,2.5,0.0025,1,0,0,0,0,0,0,regular,0
BC14,NW,March,H,Agrostis capillaris,Agrostis capillaris,0.1,5,0.5,0,0,0,0,0,0,1,regular,0
BC14,NW,March,H,Arenaria serpyllifolia,Arenaria serpyllifolia,0.01,1,0.01,1,0,0,0,0,0,0,regular,0
BC14,NW,March,H,Bellis perennis,Bellis perennis,0.6,2,1.2,0,0,0,0,0,0,1,regular,0
BC14,NW,March,H,Cerastium glomeratum,Cerastium glomeratum,0.5,1.3333333333333333,0.6666666666666666,0,0,0,0,0,0,1,regular,0
BC14,NW,March,H,Corydalis,Corydalis,1,4.666666666666667,4.666666666666667,0,0,0,1,0,0,0,regular,0
BC14,NW,March,H,Festuca rubra,Festuca rubra,20,6.666666666666667,133.33333333333334,0,0,0,0,0,0,1,regular,0
BC14,NW,March,H,Geranium molle,Geranium molle,0.01,1,0.01,0,0,0,0,0,0,1,regular,0
BC14,NW,March,H,Luzula campestris,Luzula campestris,2,4.666666666666667,9.333333333333334,0,0,0,1,0,0,0,regular,0
BC14,NW,March,H,Plantago lanceolata,Plantago lanceolata,3,2.3333333333333335,7,0,0,0,0,0,0,1,regular,0
BC14,NW,March,H,Poa pratensis,Poa pratensis,0.5,2.6666666666666665,1.3333333333333333,0,0,0,0,0,0,1,regular,0
BC14,NW,March,H,Scilla siberica,Othocallis siberica,0.1,5.333333333333333,0.5333333333333333,0,0,0,1,0,0,0,regular,0
BC14,NW,March,H,Trifolium dubium,Trifolium dubium,4,1.6666666666666665,6.666666666666666,0,0,0,0,0,0,1,regular,0
BC14,NW,March,H,Trifolium pratensis,Trifolium pratense,8,3.6666666666666665,29.333333333333332,0,0,0,0,0,0,1,regular,0
BC14,NW,March,H,Trifolium repens,Trifolium repens,0.001,2,0.002,0,0,0,0,0,0,1,regular,0
BC14,NW,March,H,Veronica arvensis,Veronica arvensis,0.001,1,0.001,1,0,0,0,0,0,0,regular,0
BC14,NW,March,H,Veronica sublobata,Veronica sublobata,0.01,2.3333333333333335,0.023333333333333334,0,0,0,1,0,0,0,regular,0
BC14,NW,March,H,Vicia lathyroides,Vicia lathyroides,1,3.3333333333333335,3.3333333333333335,0,0,0,0,0,0,1,regular,0
BC14,SE,March,Seedling,Acer,Acer,0.001,2.5,0.0025,1,0,0,0,0,0,0,regular,0
BC14,SE,March,H,Agrostis capillaris,Agrostis capillaris,0.1,5,0.5,0,0,0,0,0,0,1,regular,0
BC14,SE,March,H,Arenaria serpyllifolia,Arenaria serpyllifolia,0.001,1,0.001,1,0,0,0,0,0,0,regular,0
BC14,SE,March,H,Bellis perennis,Bellis perennis,0.2,2,0.4,0,0,0,0,0,0,1,regular,0
BC14,SE,March,H,Bromus sterilis,Anisantha sterilis,0.01,4,0.04,0,0,0,0,0,0,1,regular,0
BC14,SE,March,H,Cerastium glomeratum,Cerastium glomeratum,0.1,1.3333333333333333,0.13333333333333333,0,0,0,0,0,0,1,regular,0
BC14,SE,March,H,Corydalis,Corydalis,0.1,4.666666666666667,0.46666666666666673,0,0,0,1,0,0,0,regular,0
BC14,SE,March,H,Crocus,Crocus,0.001,10,0.01,0,0,0,0,0,0,1,regular,0
BC14,SE,March,H,Elymus repens,Elytrigia repens,0.1,4,0.4,0,0,0,0,0,0,1,regular,0
BC14,SE,March,H,Festuca rubra,Festuca rubra,7,6.666666666666667,46.66666666666667,0,0,0,0,0,0,1,regular,0
BC14,SE,March,H,Geranium molle,Geranium molle,0.001,1,0.001,0,0,0,0,0,0,1,regular,0
BC14,SE,March,H,Luzula campestris,Luzula campestris,2,4.666666666666667,9.333333333333334,0,0,0,1,0,0,0,regular,0
BC14,SE,March,H,Plantago lanceolata,Plantago lanceolata,1,2.3333333333333335,2.3333333333333335,0,0,0,0,0,0,1,regular,0
BC14,SE,March,H,Poa pratensis,Poa pratensis,0.2,2.6666666666666665,0.5333333333333333,0,0,0,0,0,0,1,regular,0
BC14,SE,March,H,Potentilla reptans,Potentilla reptans,0.1,2.3333333333333335,0.23333333333333336,0,0,0,0,0,0,1,regular,0
BC14,SE,March,H,Scilla siberica,Othocallis siberica,0.1,5.333333333333333,0.5333333333333333,0,0,0,1,0,0,0,regular,0
BC14,SE,March,H,Taraxacum,Taraxacum,0.1,2,0.2,0,0,0,0,0,0,1,regular,0
BC14,SE,March,H,Trifolium dubium,Trifolium dubium,0.01,1.6666666666666665,0.016666666666666666,0,0,0,0,0,0,1,regular,0
BC14,SE,March,H,Trifolium pratensis,Trifolium pratense,6,3.6666666666666665,22,0,0,0,0,0,0,1,regular,0
BC14,SE,March,H,Trifolium repens,Trifolium repens,3,2,6,0,0,0,0,0,0,1,regular,0
BC14,SE,March,H,Veronica arvensis,Veronica arvensis,0.001,1,0.001,1,0,0,0,0,0,0,regular,0
BC14,SE,March,H,Vicia lathyroides,Vicia lathyroides,0.5,3.3333333333333335,1.6666666666666667,0,0,0,0,0,0,1,regular,0
BC14,NW,May,Seedling,Acer,Acer,0.2,4.666666666666667,0.9333333333333335,1,0,0,0,0,0,0,regular,0
BC14,NW,May,H,Agrostis capillaris,Agrostis capillaris,2,16,32,0,0,0,1,0,0,0,regular,0
BC14,NW,May,H,Arenaria serpyllifolia,Arenaria serpyllifolia,0.1,3.2708333333333335,0.3270833333333334,0,0,0,0,0,0,1,regular,0
BC14,NW,May,H,Bellis perennis,Bellis perennis,3,6,18,0,0,0,1,0,0,0,regular,0
BC14,NW,May,H,Carex caryophyllea,Carex caryophyllea,0.1,7,0.7000000000000001,0,0,0,0,0,0,1,regular,0
BC14,NW,May,H,Cerastium glomeratum,Cerastium glomeratum,1,9,9,0,0,0,0,0,0,1,regular,0
BC14,NW,May,H,Festuca rubra,Festuca rubra,20,35.333333333333336,706.6666666666667,0,0,0,1,0,0,0,regular,0
BC14,NW,May,H,Hypochaeris radicata,Hypochaeris radicata,0.5,5,2.5,0,0,0,0,0,0,1,regular,0
BC14,NW,May,H,Lolium perenne,Lolium perenne,1,12,12,0,0,0,0,0,0,1,regular,0
BC14,NW,May,H,Luzula campestris,Luzula campestris,3,13,39,0,0,0,0,1,0,0,regular,0
BC14,NW,May,H,Medicago lupulina,Medicago lupulina,1,4.333333333333333,4.333333333333333,0,0,0,0,0,0,1,regular,0
BC14,NW,May,H,Plantago lanceolata,Plantago lanceolata,7,7.333333333333333,51.33333333333333,0,0,0,1,1,0,0,regular,0
BC14,NW,May,H,Poa pratensis,Poa pratensis,2,25.666666666666668,51.333333333333336,0,0,0,1,0,0,0,regular,0
BC14,NW,May,H,Taraxacum,Taraxacum,0.1,4.75,0.47500000000000003,0,0,0,0,0,0,1,regular,0
BC14,NW,May,H,Trifolium campestre,Trifolium campestre,5,7.666666666666667,38.333333333333336,0,0,0,0,0,0,1,regular,0
BC14,NW,May,H,Trifolium dubium,Trifolium dubium,20,4,80,0,0,0,1,0,0,0,regular,0
BC14,NW,May,H,Trifolium pratensis,Trifolium pratense,15,23.25,348.75,0,0,0,1,0,0,0,regular,0
BC14,NW,May,H,Trifolium repens,Trifolium repens,2,6,12,0,0,0,1,0,0,0,regular,0
BC14,NW,May,H,Veronica arvensis,Veronica arvensis,0.1,4.333333333333333,0.43333333333333335,0,0,0,0,1,0,0,regular,0
BC14,NW,May,H,Vicia lathyroides,Vicia lathyroides,0.5,11,5.5,0,0,0,0,1,0,0,regular,0
BC14,NW,May,H,Vicia sativa,Vicia sativa,5,25.333333333333332,126.66666666666666,0,0,0,1,1,0,0,regular,0
BC14,SE,May,Seedling,Acer,Acer,0.2,4.666666666666667,0.9333333333333335,1,0,0,0,0,0,0,regular,0
BC14,SE,May,H,Agrostis capillaris,Agrostis capillaris,0.5,16,8,0,0,0,1,0,0,0,regular,0
BC14,SE,May,H,Bellis perennis,Bellis perennis,1,6,6,0,0,0,1,0,0,0,regular,0
BC14,SE,May,H,Bromus sterilis,Anisantha sterilis,0.1,19,1.9000000000000001,0,0,0,1,0,0,0,regular,0
BC14,SE,May,H,Cerastium glomeratum,Cerastium glomeratum,0.1,9,0.9,0,0,0,0,0,0,1,regular,0
BC14,SE,May,H,Cerastium holosteoides,Cerastium fontanum subsp. vulgare,0.5,12,6,0,0,0,1,1,0,0,regular,0
BC14,SE,May,H,Festuca arundinacea,Schedonorus arundinaceus,0.5,19.333333333333332,9.666666666666666,0,0,0,0,0,0,1,regular,0
BC14,SE,May,H,Festuca rubra,Festuca rubra,15,35.333333333333336,530,0,0,0,1,0,0,0,regular,0
BC14,SE,May,H,Geranium molle,Geranium molle,0.5,7,3.5,0,0,0,1,0,0,0,regular,0
BC14,SE,May,H,Hypochaeris radicata,Hypochaeris radicata,0.3,5,1.5,0,0,0,0,0,0,1,regular,0
BC14,SE,May,H,Luzula campestris,Luzula campestris,2,13,26,0,0,0,0,1,0,0,regular,0
BC14,SE,May,H,Plantago lanceolata,Plantago lanceolata,4,7.333333333333333,29.333333333333332,0,0,0,1,1,0,0,regular,0
BC14,SE,May,H,Poa pratensis,Poa pratensis,2,25.666666666666668,51.333333333333336,0,0,0,1,0,0,0,regular,0
BC14,SE,May,H,Potentilla reptans,Potentilla reptans,5,6.666666666666667,33.333333333333336,0,0,0,0,0,0,1,regular,0
BC14,SE,May,H,Taraxacum,Taraxacum,0.1,4.75,0.47500000000000003,0,0,0,0,0,0,1,regular,0
BC14,SE,May,H,Trifolium dubium,Trifolium dubium,1,4,4,0,0,0,1,0,0,0,regular,0
BC14,SE,May,H,Trifolium pratensis,Trifolium pratense,15,23.25,348.75,0,0,0,1,0,0,0,regular,0
BC14,SE,May,H,Trifolium repens,Trifolium repens,10,6,60,0,0,0,1,0,0,0,regular,0
BC14,SE,May,H,Veronica arvensis,Veronica arvensis,0.1,4.333333333333333,0.43333333333333335,0,0,0,0,1,0,0,regular,0
BC14,SE,May,H,Vicia lathyroides,Vicia lathyroides,0.1,11,1.1,0,0,0,0,1,0,0,regular,0
BC14,SE,May,H,Vicia sativa,Vicia sativa,3,25.333333333333332,76,0,0,0,1,1,0,0,regular,0
BC14,NW,July,H,Agrostis capillaris,Agrostis capillaris,4,7.666666666666667,30.666666666666668,0,0,0,0,0,0,1,regular,1
BC14,NW,July,H,Bellis perennis,Bellis perennis,2,2,4,0,0,0,1,0,0,0,regular,1
BC14,NW,July,H,Carex caryophyllea,Carex caryophyllea,1,5.333333333333333,5.333333333333333,0,0,0,0,0,0,1,regular,1
BC14,NW,July,H,Festuca rubra,Festuca rubra,15,7,105,0,0,0,0,0,0,1,regular,1
BC14,NW,July,H,Geranium molle,Geranium molle,0.1,1.5,0.15000000000000002,1,0,0,0,0,0,0,regular,1
BC14,NW,July,H,Lolium perenne,Lolium perenne,0.1,7.666666666666667,0.7666666666666667,0,0,0,0,0,0,1,regular,1
BC14,NW,July,H,Luzula campestris,Luzula campestris,2,5.666666666666667,11.333333333333334,0,0,0,0,0,0,1,regular,1
BC14,NW,July,H,Medicago lupulina,Medicago lupulina,1,5.666666666666667,5.666666666666667,0,0,0,1,0,0,0,regular,1
BC14,NW,July,H,Plantago lanceolata,Plantago lanceolata,12,11.666666666666666,140,0,0,0,1,1,0,0,regular,1
BC14,NW,July,H,Poa pratensis,Poa pratensis,15,11.666666666666666,175,0,0,0,0,0,0,1,regular,1
BC14,NW,July,H,Taraxacum,Taraxacum,0.2,8,1.6,0,0,0,0,0,0,1,regular,1
BC14,NW,July,H,Trifolium dubium,Trifolium dubium,0.7,1,0.7,1,0,0,0,0,0,0,regular,1
BC14,NW,July,H,Trifolium pratensis,Trifolium pratense,3,17.333333333333332,52,0,0,0,1,1,0,0,regular,1
BC14,NW,July,H,Trifolium repens,Trifolium repens,0.5,5,2.5,0,0,0,1,0,0,0,regular,1
BC14,NW,July,H,Vicia lathyroides,Vicia lathyroides,0.01,3,0.03,1,0,0,0,0,0,0,regular,1
BC14,NW,July,H,Vicia sativa,Vicia sativa,0.1,8.666666666666666,0.8666666666666667,0,0,0,0,0,0,1,regular,1
BC14,SE,July,Seedling,Acer,Acer,0.01,5,0.05,1,0,0,0,0,0,0,regular,1
BC14,SE,July,H,Agrostis capillaris,Agrostis capillaris,2,7.666666666666667,15.333333333333334,0,0,0,0,0,0,1,regular,1
BC14,SE,July,H,Bellis perennis,Bellis perennis,1,2,2,0,0,0,1,0,0,0,regular,1
BC14,SE,July,H,Bromus sterilis,Anisantha sterilis,0.01,7,0.07,0,0,0,0,0,0,1,regular,1
BC14,SE,July,H,Cerastium holosteoides,Cerastium fontanum subsp. vulgare,0.2,1.6666666666666667,0.33333333333333337,0,0,0,0,0,0,1,regular,1
BC14,SE,July,H,Festuca arundinacea,Schedonorus arundinaceus,0.5,12,6,0,0,0,0,0,0,1,regular,1
BC14,SE,July,H,Festuca rubra,Festuca rubra,7,7,49,0,0,0,0,0,0,1,regular,1
BC14,SE,July,H,Hypochaeris radicata,Hypochaeris radicata,1,3.6666666666666665,3.6666666666666665,0,0,0,1,0,0,0,regular,1
BC14,SE,July,H,Luzula campestris,Luzula campestris,0.5,5.666666666666667,2.8333333333333335,0,0,0,0,0,0,1,regular,1
BC14,SE,July,H,Plantago lanceolata,Plantago lanceolata,4,11.666666666666666,46.666666666666664,0,0,0,1,1,0,0,regular,1
BC14,SE,July,H,Poa pratensis,Poa pratensis,0.5,11.666666666666666,5.833333333333333,0,0,0,0,0,0,1,regular,1
BC14,SE,July,H,Potentilla reptans,Potentilla reptans,5,4,20,0,0,0,0,1,0,0,regular,1
BC14,SE,July,H,Taraxacum,Taraxacum,0.8,8,6.4,0,0,0,0,0,0,1,regular,1
BC14,SE,July,H,Trifolium dubium,Trifolium dubium,0.01,1,0.01,1,0,0,0,0,0,0,regular,1
BC14,SE,July,H,Trifolium pratensis,Trifolium pratense,8,17.333333333333332,138.66666666666666,0,0,0,1,1,0,0,regular,1
BC14,SE,July,H,Trifolium repens,Trifolium repens,8,5,40,0,0,0,1,0,0,0,regular,1
BC14,SE,July,H,Veronica arvensis,Veronica arvensis,0.1,2,0.2,0,0,0,0,0,0,1,regular,1
BC14,SE,July,H,Vicia lathyroides,Vicia lathyroides,0.01,3,0.03,1,0,0,0,0,0,0,regular,1
BC14,SE,July,H,Vicia sativa,Vicia sativa,0.01,8.666666666666666,0.08666666666666666,0,0,0,0,0,0,1,regular,1
BC14,NW,September,H,Agrostis capillaris,Agrostis capillaris,2,6.666666666666667,13.333333333333334,0,0,0,0,0,0,1,regular,3
BC14,NW,September,H,Arenaria serpyllifolia,Arenaria serpyllifolia,0.1,2.3333333333333335,0.23333333333333336,1,0,0,0,0,0,0,regular,3
BC14,NW,September,H,Bellis perennis,Bellis perennis,2,2.6666666666666665,5.333333333333333,0,0,0,0,0,0,1,regular,3
BC14,NW,September,H,Carex caryophyllea,Carex caryophyllea,1,4,4,0,0,0,0,0,0,1,regular,3
BC14,NW,September,H,Festuca rubra,Festuca rubra,20,10.666666666666666,213.33333333333331,0,0,0,0,0,0,1,regular,3
BC14,NW,September,H,Geranium molle,Geranium molle,0.5,2.3333333333333335,1.1666666666666667,0,0,0,0,0,0,1,regular,3
BC14,NW,September,H,Lolium perenne,Lolium perenne,0.5,6.333333333333333,3.1666666666666665,0,0,0,0,0,0,1,regular,3
BC14,NW,September,H,Luzula campestris,Luzula campestris,2,4.333333333333333,8.666666666666666,0,0,0,0,0,0,1,regular,3
BC14,NW,September,H,Medicago lupulina,Medicago lupulina,2,3,6,0,0,0,0,0,0,1,regular,3
BC14,NW,September,H,Plantago lanceolata,Plantago lanceolata,17,5.666666666666667,96.33333333333334,0,0,0,0,1,0,0,regular,3
BC14,NW,September,H,Poa pratensis,Poa pratensis,0.5,11.333333333333334,5.666666666666667,0,0,0,0,0,0,1,regular,3
BC14,NW,September,H,Trifolium campestre,Trifolium campestre,1,2,2,0,0,0,0,0,0,1,regular,3
BC14,NW,September,H,Trifolium dubium,Trifolium dubium,3,2.6666666666666665,8,0,0,0,0,0,0,1,regular,3
BC14,NW,September,H,Trifolium pratensis,Trifolium pratense,7,6.333333333333333,44.33333333333333,0,0,0,1,1,0,0,regular,3
BC14,NW,September,H,Trifolium repens,Trifolium repens,1,4,4,0,0,0,0,0,0,1,regular,3
BC14,NW,September,H,Vicia lathyroides,Vicia lathyroides,1,5.333333333333333,5.333333333333333,0,0,0,0,0,0,1,regular,3
BC14,NW,September,H,Vicia sativa,Vicia sativa,0.5,10,5,0,0,0,0,0,0,1,regular,3
BC14,SE,September,H,Agrostis capillaris,Agrostis capillaris,1,6.666666666666667,6.666666666666667,0,0,0,0,0,0,1,regular,3
BC14,SE,September,H,Bellis perennis,Bellis perennis,2,2.6666666666666665,5.333333333333333,0,0,0,0,0,0,1,regular,3
BC14,SE,September,H,Cerastium glomeratum,Cerastium glomeratum,0.01,1.3333333333333333,0.013333333333333332,1,0,0,0,0,0,0,regular,3
BC14,SE,September,H,Cerastium holosteoides,Cerastium fontanum subsp. vulgare,0.2,6,1.2000000000000002,0,0,0,0,1,0,0,regular,3
BC14,SE,September,H,Festuca arundinacea,Schedonorus arundinaceus,0.5,11,5.5,0,0,0,0,0,0,1,regular,3
BC14,SE,September,H,Festuca rubra,Festuca rubra,5,10.666666666666666,53.33333333333333,0,0,0,0,0,0,1,regular,3
BC14,SE,September,H,Hypochaeris radicata,Hypochaeris radicata,4,5.666666666666667,22.666666666666668,0,0,0,1,1,0,0,regular,3
BC14,SE,September,H,Leontodon autumnalis,Scorzoneroides autumnalis,1,6,6,0,0,0,0,0,0,1,regular,3
BC14,SE,September,H,Luzula campestris,Luzula campestris,1,4.333333333333333,4.333333333333333,0,0,0,0,0,0,1,regular,3
BC14,SE,September,H,Plantago lanceolata,Plantago lanceolata,6,5.666666666666667,34,0,0,0,0,1,0,0,regular,3
BC14,SE,September,H,Poa pratensis,Poa pratensis,3,11.333333333333334,34,0,0,0,0,0,0,1,regular,3
BC14,SE,September,H,Potentilla reptans,Potentilla reptans,6,4.666666666666667,28,0,0,0,0,0,0,1,regular,3
BC14,SE,September,H,Taraxacum,Taraxacum,1,8,8,0,0,0,0,0,0,1,regular,3
BC14,SE,September,H,Trifolium dubium,Trifolium dubium,0.1,2.6666666666666665,0.26666666666666666,0,0,0,0,0,0,1,regular,3
BC14,SE,September,H,Trifolium pratensis,Trifolium pratense,20,6.333333333333333,126.66666666666666,0,0,0,1,1,0,0,regular,3
BC14,SE,September,H,Trifolium repens,Trifolium repens,7,4,28,0,0,0,0,0,0,1,regular,3
BC14,SE,September,H,Vicia lathyroides,Vicia lathyroides,0.01,5.333333333333333,0.05333333333333333,0,0,0,0,0,0,1,regular,3
BC14,SE,September,H,Vicia sativa,Vicia sativa,0.01,10,0.1,0,0,0,0,0,0,1,regular,3
BC15,NW,March,H,Achillea millefolium,Achillea millefolium (aggr.),0.5,3.6666666666666665,1.8333333333333333,0,0,0,0,0,0,1,reduced,0
BC15,NW,March,H,Agrostis capillaris,Agrostis capillaris,3,3,9,0,0,0,0,0,0,1,reduced,0
BC15,NW,March,H,Arenaria serpyllifolia,Arenaria serpyllifolia,2,1,2,0,0,0,0,0,0,1,reduced,0
BC15,NW,March,H,Cardamine hirsuta,Cardamine hirsuta,0.01,1,0.01,0,0,0,1,0,0,0,reduced,0
BC15,NW,March,H,Cerastium semidecandrum,Cerastium semidecandrum,0.5,1,0.5,0,0,0,1,0,0,0,reduced,0
BC15,NW,March,H,Festuca arundinacea,Schedonorus arundinaceus,2,3.3333333333333335,6.666666666666667,0,0,0,0,0,0,1,reduced,0
BC15,NW,March,H,Festuca rubra,Festuca rubra,15,5,75,0,0,0,0,0,0,1,reduced,0
BC15,NW,March,H,Geranium molle,Geranium molle,0.1,1,0.1,0,0,0,0,0,0,1,reduced,0
BC15,NW,March,H,Luzula campestris,Luzula campestris,0.5,6,3,0,0,0,1,0,0,0,reduced,0
BC15,NW,March,H,Plantago lanceolata,Plantago lanceolata,7,2.3333333333333335,16.333333333333336,0,0,0,0,0,0,1,reduced,0
BC15,NW,March,H,Poa pratensis,Poa pratensis,1,3,3,0,0,0,0,0,0,1,reduced,0
BC15,NW,March,H,Rumex acetosa,Rumex acetosa,0.5,2,1,0,0,0,0,0,0,1,reduced,0
BC15,NW,March,H,Trifolium dubium,Trifolium dubium,1,1,1,0,0,0,0,0,0,1,reduced,0
BC15,NW,March,H,Trifolium pratensis,Trifolium pratense,2,2.3333333333333335,4.666666666666667,0,0,0,0,0,0,1,reduced,0
BC15,NW,March,H,Veronica arvensis,Veronica arvensis,0.1,1,0.1,1,0,0,0,0,0,0,reduced,0
BC15,NW,March,H,Veronica serpyllifolia,Veronica serpyllifolia,0.01,1,0.01,0,0,0,0,0,0,1,reduced,0
BC15,NW,March,H,Vicia lathyroides,Vicia lathyroides,0.1,1,0.1,0,0,0,0,0,0,1,reduced,0
BC15,SE,March,Seedling,Acer,Acer,0.01,2,0.02,1,0,0,0,0,0,0,reduced,0
BC15,SE,March,H,Achillea millefolium,Achillea millefolium (aggr.),1,3.6666666666666665,3.6666666666666665,0,0,0,0,0,0,1,reduced,0
BC15,SE,March,H,Agrostis capillaris,Agrostis capillaris,1,3,3,0,0,0,0,0,0,1,reduced,0
BC15,SE,March,H,Arenaria serpyllifolia,Arenaria serpyllifolia,1,1,1,0,0,0,0,0,0,1,reduced,0
BC15,SE,March,H,Bellis perennis,Bellis perennis,1,2,2,0,0,0,1,0,0,0,reduced,0
BC15,SE,March,H,Cardamine hirsuta,Cardamine hirsuta,0.01,1,0.01,0,0,0,1,0,0,0,reduced,0
BC15,SE,March,H,Cerastium holosteoides,Cerastium fontanum subsp. vulgare,0.01,1,0.01,0,0,0,0,0,0,1,reduced,0
BC15,SE,March,H,Cerastium semidecandrum,Cerastium semidecandrum,0.5,1,0.5,0,0,0,1,0,0,0,reduced,0
BC15,SE,March,H,Festuca arundinacea,Schedonorus arundinaceus,2,3.3333333333333335,6.666666666666667,0,0,0,0,0,0,1,reduced,0
BC15,SE,March,H,Festuca rubra,Festuca rubra,30,5,150,0,0,0,0,0,0,1,reduced,0
BC15,SE,March,H,Geranium molle,Geranium molle,1,1,1,0,0,0,0,0,0,1,reduced,0
BC15,SE,March,H,Luzula campestris,Luzula campestris,7,6,42,0,0,0,1,0,0,0,reduced,0
BC15,SE,March,H,Plantago lanceolata,Plantago lanceolata,3,2.3333333333333335,7,0,0,0,0,0,0,1,reduced,0
BC15,SE,March,H,Poa pratensis,Poa pratensis,1,3,3,0,0,0,0,0,0,1,reduced,0
BC15,SE,March,H,Trifolium dubium,Trifolium dubium,0.1,1,0.1,0,0,0,0,0,0,1,reduced,0
BC15,SE,March,H,Trifolium pratensis,Trifolium pratense,10,2.3333333333333335,23.333333333333336,0,0,0,0,0,0,1,reduced,0
BC15,SE,March,H,Trifolium repens,Trifolium repens,1,1,1,0,0,0,0,0,0,1,reduced,0
BC15,SE,March,H,Veronica arvensis,Veronica arvensis,5,1,5,1,0,0,0,0,0,0,reduced,0
BC15,SE,March,H,Veronica serpyllifolia,Veronica serpyllifolia,0.01,1,0.01,0,0,0,0,0,0,1,reduced,0
BC15,NW,May,H,Achillea millefolium,Achillea millefolium (aggr.),2,4,8,0,0,0,0,0,0,1,reduced,0
BC15,NW,May,H,Agrostis capillaris,Agrostis capillaris,3,8,24,0,0,0,1,0,0,0,reduced,0
BC15,NW,May,H,Arenaria serpyllifolia,Arenaria serpyllifolia,4,2.3333333333333335,9.333333333333334,0,0,0,0,1,0,0,reduced,0
BC15,NW,May,H,Cerastium glomeratum,Cerastium glomeratum,0.01,6.333333333333333,0.06333333333333332,0,0,0,0,1,0,0,reduced,0
BC15,NW,May,H,Cerastium holosteoides,Cerastium fontanum subsp. vulgare,0.1,2.3333333333333335,0.23333333333333336,0,0,0,1,0,0,0,reduced,0
BC15,NW,May,H,Cerastium semidecandrum,Cerastium semidecandrum,0.1,5,0.5,0,0,0,0,1,0,0,reduced,0
BC15,NW,May,H,Festuca arundinacea,Schedonorus arundinaceus,2,12.5,25,0,0,0,0,1,0,0,reduced,0
BC15,NW,May,H,Festuca rubra,Festuca rubra,15,26.666666666666668,400,0,0,0,1,1,0,0,reduced,0
BC15,NW,May,H,Geranium molle,Geranium molle,0.5,5.333333333333333,2.6666666666666665,0,0,0,1,1,0,0,reduced,0
BC15,NW,May,H,Luzula campestris,Luzula campestris,0.3,5,1.5,0,0,0,0,1,0,0,reduced,0
BC15,NW,May,H,Medicago lupulina,Medicago lupulina,0.5,2.6666666666666665,1.3333333333333333,0,0,0,1,0,0,0,reduced,0
BC15,NW,May,H,Plantago lanceolata,Plantago lanceolata,20,7.333333333333333,146.66666666666666,0,0,0,1,1,0,0,reduced,0
BC15,NW,May,H,Poa pratensis,Poa pratensis,3,17.666666666666668,53,0,0,0,1,0,0,0,reduced,0
BC15,NW,May,H,Rumex acetosa,Rumex acetosa,2,6,12,0,0,0,0,0,0,1,reduced,0
BC15,NW,May,H,Trifolium dubium,Trifolium dubium,10,5,50,0,0,0,1,0,0,0,reduced,0
BC15,NW,May,H,Trifolium pratensis,Trifolium pratense,5,6,30,0,0,0,1,0,0,0,reduced,0
BC15,NW,May,H,Trifolium repens,Trifolium repens,1,4,4,0,0,0,1,0,0,0,reduced,0
BC15,NW,May,H,Veronica arvensis,Veronica arvensis,0.2,1.6666666666666667,0.33333333333333337,0,0,0,1,1,0,0,reduced,0
BC15,NW,May,H,Veronica serpyllifolia,Veronica serpyllifolia,0.1,2,0.2,0,0,0,0,0,0,1,reduced,0
BC15,NW,May,H,Vicia lathyroides,Vicia lathyroides,1,7.666666666666667,7.666666666666667,0,0,0,0,1,0,0,reduced,0
BC15,SE,May,H,Achillea millefolium,Achillea millefolium (aggr.),8,4,32,0,0,0,0,0,0,1,reduced,0
BC15,SE,May,H,Agrostis capillaris,Agrostis capillaris,2,8,16,0,0,0,1,0,0,0,reduced,0
BC15,SE,May,H,Arenaria serpyllifolia,Arenaria serpyllifolia,3,2.3333333333333335,7,0,0,0,0,1,0,0,reduced,0
BC15,SE,May,H,Bellis perennis,Bellis perennis,1,2.3333333333333335,2.3333333333333335,0,0,0,1,1,0,0,reduced,0
BC15,SE,May,H,Carex hirta,Carex hirta,1,8.333333333333334,8.333333333333334,0,0,0,0,0,0,1,reduced,0
BC15,SE,May,H,Cerastium holosteoides,Cerastium fontanum subsp. vulgare,0.5,2.3333333333333335,1.1666666666666667,0,0,0,1,0,0,0,reduced,0
BC15,SE,May,H,Cerastium semidecandrum,Cerastium semidecandrum,0.5,5,2.5,0,0,0,0,1,0,0,reduced,0
BC15,SE,May,H,Festuca arundinacea,Schedonorus arundinaceus,0.5,12.5,6.25,0,0,0,0,1,0,0,reduced,0
BC15,SE,May,H,Festuca rubra,Festuca rubra,18,26.666666666666668,480,0,0,0,1,1,0,0,reduced,0
BC15,SE,May,H,Geranium molle,Geranium molle,0.5,5.333333333333333,2.6666666666666665,0,0,0,1,1,0,0,reduced,0
BC15,SE,May,H,Luzula campestris,Luzula campestris,1,5,5,0,0,0,0,1,0,0,reduced,0
BC15,SE,May,H,Medicago lupulina,Medicago lupulina,0.1,2.6666666666666665,0.26666666666666666,0,0,0,1,0,0,0,reduced,0
BC15,SE,May,H,Plantago lanceolata,Plantago lanceolata,7,7.333333333333333,51.33333333333333,0,0,0,1,1,0,0,reduced,0
BC15,SE,May,H,Poa pratensis,Poa pratensis,0.5,17.666666666666668,8.833333333333334,0,0,0,1,0,0,0,reduced,0
BC15,SE,May,H,Trifolium dubium,Trifolium dubium,5,5,25,0,0,0,1,0,0,0,reduced,0
BC15,SE,May,H,Trifolium pratensis,Trifolium pratense,10,6,60,0,0,0,1,0,0,0,reduced,0
BC15,SE,May,H,Trifolium repens,Trifolium repens,5,4,20,0,0,0,1,0,0,0,reduced,0
BC15,SE,May,H,Veronica arvensis,Veronica arvensis,1,1.6666666666666667,1.6666666666666667,0,0,0,1,1,0,0,reduced,0
BC15,NW,July,H,Achillea millefolium,Achillea millefolium (aggr.),2,9.333333333333334,18.666666666666668,0,0,0,1,0,0,0,reduced,1
BC15,NW,July,H,Agrostis capillaris,Agrostis capillaris,8,9.666666666666666,77.33333333333333,0,0,0,1,1,0,0,reduced,1
BC15,NW,July,H,Arenaria serpyllifolia,Arenaria serpyllifolia,0.01,4,0.04,0,0,0,1,1,0,0,reduced,1
BC15,NW,July,H,Crepis capillaris,Crepis capillaris,0.1,1.6666666666666667,0.16666666666666669,1,0,0,0,0,0,0,reduced,1
BC15,NW,July,H,Festuca arundinacea,Schedonorus arundinaceus,1,13,13,0,0,0,0,0,0,1,reduced,1
BC15,NW,July,H,Festuca rubra,Festuca rubra,15,13,195,0,0,0,1,0,0,0,reduced,1
BC15,NW,July,H,Geranium molle,Geranium molle,2,2.3333333333333335,4.666666666666667,0,0,0,0,0,0,1,reduced,1
BC15,NW,July,H,Luzula campestris,Luzula campestris,0.1,5,0.5,0,0,0,0,0,0,1,reduced,1
BC15,NW,July,H,Medicago lupulina,Medicago lupulina,1,10.333333333333334,10.333333333333334,0,0,0,1,0,0,0,reduced,1
BC15,NW,July,H,Plantago lanceolata,Plantago lanceolata,40,18.666666666666668,746.6666666666667,0,0,0,1,1,0,0,reduced,1
BC15,NW,July,H,Poa pratensis,Poa pratensis,0.5,10,5,0,0,0,0,0,0,1,reduced,1
BC15,NW,July,H,Rumex acetosa,Rumex acetosa,4,12,48,0,0,0,1,0,0,0,reduced,1
BC15,NW,July,H,Trifolium dubium,Trifolium dubium,0.2,4,0.8,0,0,0,1,0,0,0,reduced,1
BC15,NW,July,H,Trifolium pratensis,Trifolium pratense,7,13,91,0,0,0,1,0,0,0,reduced,1
BC15,NW,July,H,Vicia lathyroides,Vicia lathyroides,0.01,1.5,0.015,1,0,0,0,0,0,0,reduced,1
BC15,SE,July,H,Achillea millefolium,Achillea millefolium (aggr.),20,9.333333333333334,186.66666666666669,0,0,0,1,0,0,0,reduced,1
BC15,SE,July,H,Agrostis capillaris,Agrostis capillaris,8,9.666666666666666,77.33333333333333,0,0,0,1,1,0,0,reduced,1
BC15,SE,July,H,Arenaria serpyllifolia,Arenaria serpyllifolia,7,4,28,0,0,0,1,1,0,0,reduced,1
BC15,SE,July,H,Bellis perennis,Bellis perennis,1,2.6666666666666665,2.6666666666666665,0,0,0,1,0,0,0,reduced,1
BC15,SE,July,H,Carex hirta,Carex hirta,0.3,7.333333333333333,2.1999999999999997,0,0,0,0,0,0,1,reduced,1
BC15,SE,July,H,Crepis capillaris,Crepis capillaris,0.1,1.6666666666666667,0.16666666666666669,1,0,0,0,0,0,0,reduced,1
BC15,SE,July,H,Festuca arundinacea,Schedonorus arundinaceus,0.1,13,1.3,0,0,0,0,0,0,1,reduced,1
BC15,SE,July,H,Festuca rubra,Festuca rubra,10,13,130,0,0,0,1,0,0,0,reduced,1
BC15,SE,July,H,Geranium molle,Geranium molle,0.3,2.3333333333333335,0.7000000000000001,0,0,0,0,0,0,1,reduced,1
BC15,SE,July,H,Hypochaeris radicata,Hypochaeris radicata,0.01,2,0.02,1,0,0,0,0,0,0,reduced,1
BC15,SE,July,H,Luzula campestris,Luzula campestris,2,5,10,0,0,0,0,0,0,1,reduced,1
BC15,SE,July,H,Plantago lanceolata,Plantago lanceolata,20,18.666666666666668,373.33333333333337,0,0,0,1,1,0,0,reduced,1
BC15,SE,July,H,Poa pratensis,Poa pratensis,0.1,10,1,0,0,0,0,0,0,1,reduced,1
BC15,SE,July,H,Trifolium dubium,Trifolium dubium,1,4,4,0,0,0,1,0,0,0,reduced,1
BC15,SE,July,H,Trifolium pratensis,Trifolium pratense,20,13,260,0,0,0,1,0,0,0,reduced,1
BC15,SE,July,H,Trifolium repens,Trifolium repens,3,4,12,0,0,0,0,0,0,1,reduced,1
BC15,SE,July,H,Veronica arvensis,Veronica arvensis,1,1,1,1,0,0,0,0,0,0,reduced,1
BC15,NW,September,H,Achillea millefolium,Achillea millefolium (aggr.),2,4.666666666666667,9.333333333333334,0,0,0,0,0,0,1,reduced,2
BC15,NW,September,H,Agrostis capillaris,Agrostis capillaris,6,12.666666666666666,76,0,0,0,0,0,0,1,reduced,2
BC15,NW,September,H,Arenaria serpyllifolia,Arenaria serpyllifolia,1,2,2,0,0,0,0,0,0,1,reduced,2
BC15,NW,September,H,Carex hirta,Carex hirta,0.5,7.333333333333333,3.6666666666666665,0,0,0,0,0,0,1,reduced,2
BC15,NW,September,H,Festuca arundinacea,Schedonorus arundinaceus,1,10.333333333333334,10.333333333333334,0,0,0,0,0,0,1,reduced,2
BC15,NW,September,H,Festuca rubra,Festuca rubra,10,5.5,55,0,0,0,0,0,0,1,reduced,2
BC15,NW,September,H,Geranium molle,Geranium molle,0.5,2.3333333333333335,1.1666666666666667,0,0,0,0,0,0,1,reduced,2
BC15,NW,September,H,Luzula campestris,Luzula campestris,0.5,7,3.5,0,0,0,0,0,0,1,reduced,2
BC15,NW,September,H,Plantago lanceolata,Plantago lanceolata,35,5,175,0,0,0,1,1,0,0,reduced,2
BC15,NW,September,H,Poa pratensis,Poa pratensis,0.5,7.75,3.875,0,0,0,0,0,0,1,reduced,2
BC15,NW,September,H,Rumex acetosa,Rumex acetosa,0.5,7.333333333333333,3.6666666666666665,0,0,0,0,0,0,1,reduced,2
BC15,NW,September,H,Trifolium dubium,Trifolium dubium,2,2.3333333333333335,4.666666666666667,0,0,0,0,0,0,1,reduced,2
BC15,NW,September,H,Trifolium pratensis,Trifolium pratense,5,6.333333333333333,31.666666666666664,0,0,0,1,1,0,0,reduced,2
BC15,NW,September,H,Vicia lathyroides,Vicia lathyroides,0.5,3,1.5,0,0,0,0,0,0,1,reduced,2
BC15,SE,September,H,Achillea millefolium,Achillea millefolium (aggr.),10,4.666666666666667,46.66666666666667,0,0,0,0,0,0,1,reduced,2
BC15,SE,September,H,Agrostis capillaris,Agrostis capillaris,4,12.666666666666666,50.666666666666664,0,0,0,0,0,0,1,reduced,2
BC15,SE,September,H,Arenaria serpyllifolia,Arenaria serpyllifolia,10,2,20,0,0,0,0,0,0,1,reduced,2
BC15,SE,September,H,Bellis perennis,Bellis perennis,4,3,12,0,0,0,1,0,0,0,reduced,2
BC15,SE,September,H,Carex hirta,Carex hirta,5,7.333333333333333,36.666666666666664,0,0,0,0,0,0,1,reduced,2
BC15,SE,September,H,Cerastium,Cerastium,0.1,1,0.1,0,0,0,0,0,0,1,reduced,2
BC15,SE,September,H,Crepis capillaris,Crepis capillaris,1,1.5,1.5,0,0,0,0,0,0,1,reduced,2
BC15,SE,September,H,Festuca arundinacea,Schedonorus arundinaceus,0.1,10.333333333333334,1.0333333333333334,0,0,0,0,0,0,1,reduced,2
BC15,SE,September,H,Festuca rubra,Festuca rubra,15,5.5,82.5,0,0,0,0,0,0,1,reduced,2
BC15,SE,September,H,Geranium molle,Geranium molle,1,2.3333333333333335,2.3333333333333335,0,0,0,0,0,0,1,reduced,2
BC15,SE,September,H,Luzula campestris,Luzula campestris,1,7,7,0,0,0,0,0,0,1,reduced,2
BC15,SE,September,H,Plantago lanceolata,Plantago lanceolata,25,5,125,0,0,0,1,1,0,0,reduced,2
BC15,SE,September,H,Poa pratensis,Poa pratensis,1,7.75,7.75,0,0,0,0,0,0,1,reduced,2
BC15,SE,September,H,Trifolium dubium,Trifolium dubium,5,2.3333333333333335,11.666666666666668,0,0,0,0,0,0,1,reduced,2
BC15,SE,September,H,Trifolium pratensis,Trifolium pratense,8,6.333333333333333,50.666666666666664,0,0,0,1,1,0,0,reduced,2
BC15,SE,September,H,Trifolium repens,Trifolium repens,5,2.6666666666666665,13.333333333333332,0,0,0,0,0,0,1,reduced,2
BC15,SE,September,H,Veronica arvensis,Veronica arvensis,0.1,1,0.1,0,0,0,0,0,0,1,reduced,2
BC15,SE,September,H,Vicia lathyroides,Vicia lathyroides,0.1,3,0.30000000000000004,0,0,0,0,0,0,1,reduced,2
BC16,NW,March,H,Achillea millefolium,Achillea millefolium (aggr.),2,4.333333333333333,8.666666666666666,0,0,0,0,0,0,1,regular,0
BC16,NW,March,H,Agrostis capillaris,Agrostis capillaris,20,7.666666666666667,153.33333333333334,0,0,0,0,0,0,1,regular,0
BC16,NW,March,H,Bellis perennis,Bellis perennis,0.5,1.6666666666666667,0.8333333333333334,0,0,0,1,0,0,0,regular,0
BC16,NW,March,H,Bromus mollis,Bromus hordeaceus,1,7.666666666666667,7.666666666666667,0,0,0,0,0,0,1,regular,0
BC16,NW,March,H,Cardamine hirsuta,Cardamine hirsuta,0.01,1.6666666666666667,0.016666666666666666,0,0,0,1,0,0,0,regular,0
BC16,NW,March,H,Cerastium semidecandrum,Cerastium semidecandrum,0.01,1,0.01,1,0,0,0,0,0,0,regular,0
BC16,NW,March,H,Corydalis solida,Corydalis solida,3,5.666666666666667,17,0,0,0,1,0,0,0,regular,0
BC16,NW,March,H,Erigeron annuus,Erigeron annuus,0.01,1,0.01,0,0,0,0,0,0,1,regular,0
BC16,NW,March,H,Festuca rubra,Festuca rubra,15,7.666666666666667,115,0,0,0,0,0,0,1,regular,0
BC16,NW,March,H,Geranium molle,Geranium molle,1,2.3333333333333335,2.3333333333333335,0,0,0,0,0,0,1,regular,0
BC16,NW,March,H,Hypochaeris radicata,Hypochaeris radicata,0.1,2,0.2,0,0,0,0,0,0,1,regular,0
BC16,NW,March,H,Leontodon,Leontodon,0.5,3,1.5,0,0,0,0,0,0,1,regular,0
BC16,NW,March,H,Luzula campestris,Luzula campestris,1,4.333333333333333,4.333333333333333,0,0,0,0,0,0,1,regular,0
BC16,NW,March,H,Poa pratensis,Poa pratensis,0.5,5.5,2.75,0,0,0,0,0,0,1,regular,0
BC16,NW,March,H,Rumex acetosa,Rumex acetosa,1,3,3,0,0,0,0,0,0,1,regular,0
BC16,NW,March,H,Trifolium dubium,Trifolium dubium,0.01,2,0.02,0,0,0,0,0,0,1,regular,0
BC16,NW,March,H,Trifolium pratensis,Trifolium pratense,0.1,3.5,0.35000000000000003,0,0,0,0,0,0,1,regular,0
BC16,NW,March,H,Trifolium repens,Trifolium repens,1,4.333333333333333,4.333333333333333,0,0,0,0,0,0,1,regular,0
BC16,NW,March,H,Vicia lathyroides,Vicia lathyroides,0.5,4.333333333333333,2.1666666666666665,0,0,0,0,0,0,1,regular,0
BC16,SE,March,H,Achillea millefolium,Achillea millefolium (aggr.),5,4.333333333333333,21.666666666666664,0,0,0,0,0,0,1,regular,0
BC16,SE,March,H,Agrostis capillaris,Agrostis capillaris,10,7.666666666666667,76.66666666666667,0,0,0,0,0,0,1,regular,0
BC16,SE,March,H,Arenaria serpyllifolia,Arenaria serpyllifolia,0.01,2,0.02,0,0,0,0,0,0,1,regular,0
BC16,SE,March,H,Bellis perennis,Bellis perennis,0.5,1.6666666666666667,0.8333333333333334,0,0,0,1,0,0,0,regular,0
BC16,SE,March,H,Bromus mollis,Bromus hordeaceus,3,7.666666666666667,23,0,0,0,0,0,0,1,regular,0
BC16,SE,March,H,Cardamine hirsuta,Cardamine hirsuta,0.01,1.6666666666666667,0.016666666666666666,0,0,0,1,0,0,0,regular,0
BC16,SE,March,H,Cerastium holosteoides,Cerastium fontanum subsp. vulgare,0.01,1,0.01,0,0,0,0,0,0,1,regular,0
BC16,SE,March,H,Cerastium semidecandrum,Cerastium semidecandrum,0.01,1,0.01,1,0,0,0,0,0,0,regular,0
BC16,SE,March,H,Corydalis solida,Corydalis solida,1,5.666666666666667,5.666666666666667,0,0,0,1,0,0,0,regular,0
BC16,SE,March,H,Festuca rubra,Festuca rubra,10,7.666666666666667,76.66666666666667,0,0,0,0,0,0,1,regular,0
BC16,SE,March,H,Geranium molle,Geranium molle,0.5,2.3333333333333335,1.1666666666666667,0,0,0,0,0,0,1,regular,0
BC16,SE,March,H,Hypochaeris radicata,Hypochaeris radicata,0.1,2,0.2,0,0,0,0,0,0,1,regular,0
BC16,SE,March,H,Myosotis ramosissima,Myosotis ramosissima,0.1,1,0.1,0,0,0,0,0,0,1,regular,0
BC16,SE,March,H,Narcissus,Narcissus,0.1,22,2.2,0,0,0,0,0,0,1,regular,0
BC16,SE,March,H,Plantago lanceolata,Plantago lanceolata,1,2.6666666666666665,2.6666666666666665,0,0,0,0,0,0,1,regular,0
BC16,SE,March,H,Poa pratensis,Poa pratensis,1,5.5,5.5,0,0,0,0,0,0,1,regular,0
BC16,SE,March,H,Rumex acetosa,Rumex acetosa,0.5,3,1.5,0,0,0,0,0,0,1,regular,0
BC16,SE,March,H,Stellaria media,Stellaria media,0.01,1,0.01,0,0,0,0,0,0,1,regular,0
BC16,SE,March,H,Trifolium pratensis,Trifolium pratense,1,3.5,3.5,0,0,0,0,0,0,1,regular,0
BC16,SE,March,H,Trifolium repens,Trifolium repens,3,4.333333333333333,13,0,0,0,0,0,0,1,regular,0
BC16,SE,March,H,Veronica arvensis,Veronica arvensis,0.01,1,0.01,1,0,0,0,0,0,0,regular,0
BC16,SE,March,H,Veronica sublobata,Veronica sublobata,0.1,1,0.1,0,0,0,1,0,0,0,regular,0
BC16,SE,March,H,Vicia lathyroides,Vicia lathyroides,0.1,4.333333333333333,0.43333333333333335,0,0,0,0,0,0,1,regular,0
BC16,NW,May,H,Achillea millefolium,Achillea millefolium (aggr.),10,7.666666666666667,76.66666666666667,0,0,0,0,0,0,1,regular,0
BC16,NW,May,H,Agrostis capillaris,Agrostis capillaris,20,26,520,0,0,0,1,0,0,0,regular,0
BC16,NW,May,H,Bellis perennis,Bellis perennis,3,8.666666666666666,26,0,0,0,1,1,0,0,regular,0
BC16,NW,May,H,Bromus mollis,Bromus hordeaceus,2,45.666666666666664,91.33333333333333,0,0,0,1,1,0,0,regular,0
BC16,NW,May,H,Carex caryophyllea,Carex caryophyllea,0.5,5.833333333333333,2.9166666666666665,0,0,0,1,0,0,0,regular,0
BC16,NW,May,H,Cerastium semidecandrum,Cerastium semidecandrum,0.1,11.666666666666666,1.1666666666666667,0,0,0,0,1,0,0,regular,0
BC16,NW,May,H,Festuca rubra,Festuca rubra,15,38,570,0,0,0,1,1,0,0,regular,0
BC16,NW,May,H,Geranium molle,Geranium molle,5,10.333333333333334,51.66666666666667,0,0,0,1,1,0,0,regular,0
BC16,NW,May,H,Hypochaeris radicata,Hypochaeris radicata,1,6.666666666666667,6.666666666666667,0,0,0,0,0,0,1,regular,0
BC16,NW,May,H,Leontodon,Leontodon,1,13,13,0,0,0,0,0,0,1,regular,0
BC16,NW,May,H,Luzula campestris,Luzula campestris,0.5,14,7,0,0,0,0,0,0,1,regular,0
BC16,NW,May,H,Poa pratensis,Poa pratensis,2,28.666666666666668,57.333333333333336,0,0,0,1,0,0,0,regular,0
BC16,NW,May,H,Potentilla argentea,Potentilla argentea,1,12.11111111111111,12.11111111111111,0,0,0,0,0,0,1,regular,0
BC16,NW,May,H,Rumex acetosa,Rumex acetosa,3,14.333333333333334,43,0,0,0,0,0,0,1,regular,0
BC16,NW,May,H,Trifolium dubium,Trifolium dubium,0.5,5.666666666666667,2.8333333333333335,0,0,0,1,0,0,0,regular,0
BC16,NW,May,H,Trifolium pratensis,Trifolium pratense,5,12.333333333333334,61.66666666666667,0,0,0,1,0,0,0,regular,0
BC16,NW,May,H,Trifolium repens,Trifolium repens,3,7,21,0,0,0,1,0,0,0,regular,0
BC16,NW,May,H,Vicia lathyroides,Vicia lathyroides,2,15.666666666666666,31.333333333333332,0,0,0,0,1,0,0,regular,0
BC16,SE,May,H,Achillea millefolium,Achillea millefolium (aggr.),20,7.666666666666667,153.33333333333334,0,0,0,0,0,0,1,regular,0
BC16,SE,May,H,Agrostis capillaris,Agrostis capillaris,15,26,390,0,0,0,1,0,0,0,regular,0
BC16,SE,May,H,Arenaria serpyllifolia,Arenaria serpyllifolia,2,6.333333333333333,12.666666666666666,0,0,0,0,1,0,0,regular,0
BC16,SE,May,H,Bellis perennis,Bellis perennis,1,8.666666666666666,8.666666666666666,0,0,0,1,1,0,0,regular,0
BC16,SE,May,H,Bromus mollis,Bromus hordeaceus,10,45.666666666666664,456.66666666666663,0,0,0,1,1,0,0,regular,0
BC16,SE,May,H,Cerastium semidecandrum,Cerastium semidecandrum,0.5,11.666666666666666,5.833333333333333,0,0,0,0,1,0,0,regular,0
BC16,SE,May,H,Crepis capillaris,Crepis capillaris,0.1,4,0.4,0,0,0,0,0,0,1,regular,0
BC16,SE,May,H,Festuca rubra,Festuca rubra,12,38,456,0,0,0,1,1,0,0,regular,0
BC16,SE,May,H,Geranium molle,Geranium molle,3,10.333333333333334,31,0,0,0,1,1,0,0,regular,0
BC16,SE,May,H,Hypochaeris radicata,Hypochaeris radicata,1,6.666666666666667,6.666666666666667,0,0,0,0,0,0,1,regular,0
BC16,SE,May,H,Myosotis ramosissima,Myosotis ramosissima,0.5,10.333333333333334,5.166666666666667,0,0,0,0,1,0,0,regular,0
BC16,SE,May,H,Narcissus,Narcissus,0.1,10,1,0,0,0,0,0,0,1,regular,0
BC16,SE,May,H,Oxalis corniculata,Oxalis corniculata,1,10.666666666666666,10.666666666666666,0,0,0,0,0,0,1,regular,0
BC16,SE,May,H,Plantago lanceolata,Plantago lanceolata,0.1,10,1,0,0,0,1,0,0,0,regular,0
BC16,SE,May,H,Poa pratensis,Poa pratensis,1,28.666666666666668,28.666666666666668,0,0,0,1,0,0,0,regular,0
BC16,SE,May,H,Rumex acetosa,Rumex acetosa,1,14.333333333333334,14.333333333333334,0,0,0,0,0,0,1,regular,0
BC16,SE,May,H,Trifolium dubium,Trifolium dubium,3,5.666666666666667,17,0,0,0,1,0,0,0,regular,0
BC16,SE,May,H,Trifolium pratensis,Trifolium pratense,4,12.333333333333334,49.333333333333336,0,0,0,1,0,0,0,regular,0
BC16,SE,May,H,Trifolium repens,Trifolium repens,15,7,105,0,0,0,1,0,0,0,regular,0
BC16,SE,May,H,Veronica arvensis,Veronica arvensis,0.1,4,0.4,0,0,0,0,1,0,0,regular,0
BC16,SE,May,H,Vicia lathyroides,Vicia lathyroides,4,15.666666666666666,62.666666666666664,0,0,0,0,1,0,0,regular,0
BC16,NW,July,H,Achillea millefolium,Achillea millefolium (aggr.),20,22.333333333333332,446.66666666666663,0,0,0,1,0,0,0,regular,1
BC16,NW,July,H,Agrostis capillaris,Agrostis capillaris,17,17.333333333333332,294.66666666666663,0,0,0,0,0,0,1,regular,1
BC16,NW,July,H,Bellis perennis,Bellis perennis,4,6.333333333333333,25.333333333333332,0,0,0,1,0,0,0,regular,1
BC16,NW,July,H,Bromus mollis,Bromus hordeaceus,1,14.333333333333334,14.333333333333334,0,0,0,0,0,0,1,regular,1
BC16,NW,July,H,Carex caryophyllea,Carex caryophyllea,3,13.666666666666666,41,0,0,0,0,1,0,0,regular,1
BC16,NW,July,H,Festuca rubra,Festuca rubra,30,11,330,0,0,0,0,0,0,1,regular,1
BC16,NW,July,H,Geranium molle,Geranium molle,6,4,24,0,0,0,0,0,0,1,regular,1
BC16,NW,July,H,Hypochaeris radicata,Hypochaeris radicata,0.01,6.8,0.068,0,0,0,1,0,0,0,regular,1
BC16,NW,July,H,Lolium perenne,Lolium perenne,8,19.666666666666668,157.33333333333334,0,0,0,0,0,0,1,regular,1
BC16,NW,July,H,Luzula campestris,Luzula campestris,0.1,6,0.6000000000000001,0,0,0,0,0,0,1,regular,1
BC16,NW,July,H,Poa pratensis,Poa pratensis,2,12,24,0,0,0,0,0,0,1,regular,1
BC16,NW,July,H,Potentilla argentea,Potentilla argentea,0.01,7,0.07,0,0,0,0,0,0,1,regular,1
BC16,NW,July,H,Rumex acetosa,Rumex acetosa,6,17,102,0,0,0,1,1,0,0,regular,1
BC16,NW,July,H,Trifolium dubium,Trifolium dubium,0.1,1.3333333333333333,0.13333333333333333,1,0,0,0,0,0,0,regular,1
BC16,NW,July,H,Trifolium pratensis,Trifolium pratense,2,12.333333333333334,24.666666666666668,0,0,0,1,0,0,0,regular,1
BC16,NW,July,H,Trifolium repens,Trifolium repens,0.5,11.666666666666666,5.833333333333333,0,0,0,1,1,0,0,regular,1
BC16,NW,July,H,Trisetum flavescens,Trisetum flavescens,0.3,6.666666666666667,2,0,0,0,0,0,0,1,regular,1
BC16,NW,July,H,Vicia lathyroides,Vicia lathyroides,0.2,5.333333333333333,1.0666666666666667,0,0,0,0,0,0,1,regular,1
BC16,SE,July,H,Achillea millefolium,Achillea millefolium (aggr.),35,22.333333333333332,781.6666666666666,0,0,0,1,0,0,0,regular,1
BC16,SE,July,H,Agrostis capillaris,Agrostis capillaris,10,17.333333333333332,173.33333333333331,0,0,0,0,0,0,1,regular,1
BC16,SE,July,H,Arenaria serpyllifolia,Arenaria serpyllifolia,1,7,7,0,0,0,1,1,0,0,regular,1
BC16,SE,July,H,Bellis perennis,Bellis perennis,3,6.333333333333333,19,0,0,0,1,0,0,0,regular,1
BC16,SE,July,H,Bromus mollis,Bromus hordeaceus,20,14.333333333333334,286.6666666666667,0,0,0,0,0,0,1,regular,1
BC16,SE,July,H,Elymus repens,Elytrigia repens,8,11.333333333333334,90.66666666666667,0,0,0,0,0,0,1,regular,1
BC16,SE,July,H,Festuca rubra,Festuca rubra,8,11,88,0,0,0,0,0,0,1,regular,1
BC16,SE,July,H,Geranium molle,Geranium molle,5,4,20,0,0,0,0,0,0,1,regular,1
BC16,SE,July,H,Oxalis corniculata,Oxalis corniculata,4,11.666666666666666,46.666666666666664,0,0,0,1,0,0,0,regular,1
BC16,SE,July,H,Plantago lanceolata,Plantago lanceolata,7,9.75,68.25,0,0,0,0,0,0,1,regular,1
BC16,SE,July,H,Poa pratensis,Poa pratensis,2,12,24,0,0,0,0,0,0,1,regular,1
BC16,SE,July,H,Trifolium dubium,Trifolium dubium,0.1,1.3333333333333333,0.13333333333333333,1,0,0,0,0,0,0,regular,1
BC16,SE,July,H,Trifolium pratensis,Trifolium pratense,3,12.333333333333334,37,0,0,0,1,0,0,0,regular,1
BC16,SE,July,H,Trifolium repens,Trifolium repens,9,11.666666666666666,105,0,0,0,1,1,0,0,regular,1
BC16,SE,July,H,Veronica arvensis,Veronica arvensis,0.1,2.3333333333333335,0.23333333333333336,1,0,0,0,0,0,0,regular,1
BC16,NW,September,H,Achillea millefolium,Achillea millefolium (aggr.),20,5.333333333333333,106.66666666666666,0,0,0,0,0,0,1,regular,3
BC16,NW,September,H,Agrostis capillaris,Agrostis capillaris,15,8.333333333333334,125.00000000000001,0,0,0,0,0,0,1,regular,3
BC16,NW,September,H,Arenaria serpyllifolia,Arenaria serpyllifolia,0.5,1.6666666666666667,0.8333333333333334,0,0,0,0,0,0,1,regular,3
BC16,NW,September,H,Bellis perennis,Bellis perennis,5,2,10,0,0,0,1,0,0,0,regular,3
BC16,NW,September,H,Bromus mollis,Bromus hordeaceus,2,10.333333333333334,20.666666666666668,0,0,0,0,0,0,1,regular,3
BC16,NW,September,H,Cardamine hirsuta,Cardamine hirsuta,0.01,1,0.01,1,0,0,0,0,0,0,regular,3
BC16,NW,September,H,Carex caryophyllea,Carex caryophyllea,2,4,8,0,0,0,0,0,0,1,regular,3
BC16,NW,September,H,Cerastium semidecandrum,Cerastium semidecandrum,0.01,1.4166666666666665,0.014166666666666666,1,0,0,0,0,0,0,regular,3
BC16,NW,September,H,Crepis capillaris,Crepis capillaris,0.3,3.666666666666667,1.1,0,0,0,0,0,0,1,regular,3
BC16,NW,September,H,Festuca rubra,Festuca rubra,15,7.333333333333333,110,0,0,0,0,0,0,1,regular,3
BC16,NW,September,H,Geranium molle,Geranium molle,20,3,60,0,0,0,0,0,0,1,regular,3
BC16,NW,September,H,Hypochaeris radicata,Hypochaeris radicata,2,3,6,0,0,0,1,0,0,0,regular,3
BC16,NW,September,H,Lamium purpureum,Lamium purpureum,0.01,1.8333333333333335,0.018333333333333337,1,0,0,0,0,0,0,regular,3
BC16,NW,September,H,Lolium perenne,Lolium perenne,1,7,7,0,0,0,0,0,0,1,regular,3
BC16,NW,September,H,Luzula campestris,Luzula campestris,3,5.333333333333333,16,0,0,0,0,0,0,1,regular,3
BC16,NW,September,H,Poa pratensis,Poa pratensis,3,9,27,0,0,0,0,0,0,1,regular,3
BC16,NW,September,H,Rumex acetosa,Rumex acetosa,3,4,12,0,0,0,0,0,0,1,regular,3
BC16,NW,September,H,Taraxacum,Taraxacum,0,7,0,0,0,0,0,0,0,1,regular,3
BC16,NW,September,H,Trifolium dubium,Trifolium dubium,3,2.3333333333333335,7,0,0,0,0,0,0,1,regular,3
BC16,NW,September,H,Trifolium pratensis,Trifolium pratense,3,7.333333333333333,22,0,0,0,0,0,0,1,regular,3
BC16,NW,September,H,Trifolium repens,Trifolium repens,2,5.333333333333333,10.666666666666666,0,0,0,1,1,0,0,regular,3
BC16,NW,September,H,Trisetum flavescens,Trisetum flavescens,0.3,11.666666666666666,3.4999999999999996,0,0,0,0,0,0,1,regular,3
BC16,NW,September,H,Veronica arvensis,Veronica arvensis,0.01,1.1666666666666665,0.011666666666666665,1,0,0,0,0,0,0,regular,3
BC16,NW,September,H,Vicia lathyroides,Vicia lathyroides,2,3.6666666666666665,7.333333333333333,0,0,0,0,0,0,1,regular,3
BC16,SE,September,H,Achillea millefolium,Achillea millefolium (aggr.),30,5.333333333333333,160,0,0,0,0,0,0,1,regular,3
BC16,SE,September,H,Agrostis capillaris,Agrostis capillaris,15,8.333333333333334,125.00000000000001,0,0,0,0,0,0,1,regular,3
BC16,SE,September,H,Arenaria serpyllifolia,Arenaria serpyllifolia,7,1.6666666666666667,11.666666666666668,0,0,0,0,0,0,1,regular,3
BC16,SE,September,H,Bellis perennis,Bellis perennis,2,2,4,0,0,0,1,0,0,0,regular,3
BC16,SE,September,H,Bromus mollis,Bromus hordeaceus,20,10.333333333333334,206.66666666666669,0,0,0,0,0,0,1,regular,3
BC16,SE,September,H,Cerastium semidecandrum,Cerastium semidecandrum,0.5,1.4166666666666665,0.7083333333333333,1,0,0,0,0,0,0,regular,3
BC16,SE,September,H,Crepis capillaris,Crepis capillaris,0.2,3.666666666666667,0.7333333333333334,0,0,0,0,0,0,1,regular,3
BC16,SE,September,H,Elymus repens,Elytrigia repens,0.5,7,3.5,0,0,0,0,0,0,1,regular,3
BC16,SE,September,H,Festuca rubra,Festuca rubra,10,7.333333333333333,73.33333333333333,0,0,0,0,0,0,1,regular,3
BC16,SE,September,H,Geranium molle,Geranium molle,7,3,21,0,0,0,0,0,0,1,regular,3
BC16,SE,September,H,Hypochaeris radicata,Hypochaeris radicata,0.1,3,0.30000000000000004,0,0,0,1,0,0,0,regular,3
BC16,SE,September,H,Lamium purpureum,Lamium purpureum,0.1,1.8333333333333335,0.18333333333333335,1,0,0,0,0,0,0,regular,3
BC16,SE,September,H,Oxalis corniculata,Oxalis corniculata,2,4,8,0,0,0,0,0,0,1,regular,3
BC16,SE,September,H,Plantago lanceolata,Plantago lanceolata,7,2.6666666666666665,18.666666666666664,0,0,0,0,0,0,1,regular,3
BC16,SE,September,H,Poa pratensis,Poa pratensis,1,9,9,0,0,0,0,0,0,1,regular,3
BC16,SE,September,H,Rumex acetosa,Rumex acetosa,0.5,4,2,0,0,0,0,0,0,1,regular,3
BC16,SE,September,H,Trifolium dubium,Trifolium dubium,2,2.3333333333333335,4.666666666666667,0,0,0,0,0,0,1,regular,3
BC16,SE,September,H,Trifolium pratensis,Trifolium pratense,7,7.333333333333333,51.33333333333333,0,0,0,0,0,0,1,regular,3
BC16,SE,September,H,Trifolium repens,Trifolium repens,10,5.333333333333333,53.33333333333333,0,0,0,1,1,0,0,regular,3
BC16,SE,September,H,Veronica arvensis,Veronica arvensis,1,1.1666666666666665,1.1666666666666665,1,0,0,0,0,0,0,regular,3
BC16,SE,September,H,Vicia lathyroides,Vicia lathyroides,0.5,3.6666666666666665,1.8333333333333333,0,0,0,0,0,0,1,regular,3
BC17,N,March,Seedling,Acer,Acer,0.2,5,1,1,0,0,0,0,0,0,reduced_sown,0
BC17,N,March,H,Achillea millefolium,Achillea millefolium (aggr.),2,4.666666666666667,9.333333333333334,0,0,0,0,0,0,1,reduced_sown,0
BC17,N,March,H,Agrostis capillaris,Agrostis capillaris,15,5.333333333333333,80,0,0,0,0,0,0,1,reduced_sown,0
BC17,N,March,H,Arenaria serpyllifolia,Arenaria serpyllifolia,0.5,1,0.5,0,0,0,0,0,0,1,reduced_sown,0
BC17,N,March,H,Bellis perennis,Bellis perennis,0.5,4,2,0,0,0,1,0,0,0,reduced_sown,0
BC17,N,March,H,Bromus sterilis,Anisantha sterilis,1,6.666666666666667,6.666666666666667,0,0,0,0,0,0,1,reduced_sown,0
BC17,N,March,H,Cerastium glomeratum,Cerastium glomeratum,0.1,2,0.2,0,0,0,0,0,0,1,reduced_sown,0
BC17,N,March,H,Cerastium semidecandrum,Cerastium semidecandrum,0.1,2,0.2,0,0,0,1,0,0,0,reduced_sown,0
BC17,N,March,H,Corydalis solida,Corydalis solida,1,9,9,0,0,0,1,0,0,0,reduced_sown,0
BC17,N,March,H,Crepis capillaris,Crepis capillaris,0.5,1.5,0.75,0,0,0,0,0,0,1,reduced_sown,0
BC17,N,March,H,Daucus carota,Daucus carota,0.5,4.333333333333333,2.1666666666666665,0,0,0,0,0,0,1,reduced_sown,0
BC17,N,March,H,Draba verna,Draba verna,0.1,5.666666666666667,0.5666666666666668,0,0,0,1,0,0,0,reduced_sown,0
BC17,N,March,H,Elymus repens,Elytrigia repens,3,8.666666666666666,26,0,0,0,0,0,0,1,reduced_sown,0
BC17,N,March,H,Festuca arundinacea,Schedonorus arundinaceus,0.5,13,6.5,0,0,0,0,0,0,1,reduced_sown,0
BC17,N,March,H,Festuca rubra,Festuca rubra,5,6.333333333333333,31.666666666666664,0,0,0,0,0,0,1,reduced_sown,0
BC17,N,March,H,Geranium molle,Geranium molle,0.1,1.3333333333333333,0.13333333333333333,0,0,0,0,0,0,1,reduced_sown,0
BC17,N,March,H,Helichrysum arenarium,Helichrysum arenarium,0.001,1,0.001,1,0,0,0,0,0,0,reduced_sown,0
BC17,N,March,H,Hypochaeris radicata,Hypochaeris radicata,0.5,1,0.5,0,0,0,0,0,0,1,reduced_sown,0
BC17,N,March,H,Knautia arvense,Knautia arvensis,0.5,4,2,0,0,0,0,0,0,1,reduced_sown,0
BC17,N,March,H,Leucanthemum vulgare,Leucanthemum vulgare (aggr.),1,2.6666666666666665,2.6666666666666665,0,0,0,0,0,0,1,reduced_sown,0
BC17,N,March,H,Luzula campestris,Luzula campestris,5,8.333333333333334,41.66666666666667,0,0,0,1,0,0,0,reduced_sown,0
BC17,N,March,H,Medicago sativa,Medicago sativa,4,22,88,0,0,0,0,0,0,1,reduced_sown,0
BC17,N,March,H,Plantago lanceolata,Plantago lanceolata,3,1.6666666666666667,5,0,0,0,0,0,0,1,reduced_sown,0
BC17,N,March,H,Plantago media,Plantago media,0.5,2.6666666666666665,1.3333333333333333,0,0,0,0,0,0,1,reduced_sown,0
BC17,N,March,H,Poa pratensis,Poa pratensis,0.1,6.5,0.65,0,0,0,0,0,0,1,reduced_sown,0
BC17,N,March,H,Potentilla reptans,Potentilla reptans,1,1.6666666666666667,1.6666666666666667,0,0,0,0,0,0,1,reduced_sown,0
BC17,N,March,Seedling,Prunus,Prunus,0.01,3,0.03,1,0,0,0,0,0,0,reduced_sown,0
BC17,N,March,H,Sedum sexangulare,Sedum sexangulare,2,1.6666666666666667,3.3333333333333335,0,0,0,0,0,0,1,reduced_sown,0
BC17,N,March,H,Taraxacum,Taraxacum,1,2,2,0,0,0,0,0,0,1,reduced_sown,0
BC17,N,March,H,Trifolium dubium,Trifolium dubium,0.1,1,0.1,0,0,0,0,0,0,1,reduced_sown,0
BC17,N,March,H,Trifolium pratensis,Trifolium pratense,30,5,150,0,0,0,0,0,0,1,reduced_sown,0
BC17,N,March,H,Trifolium repens,Trifolium repens,3,2.3333333333333335,7,0,0,0,0,0,0,1,reduced_sown,0
BC17,N,March,H,Veronica arvensis,Veronica arvensis,0.1,1,0.1,1,0,0,0,0,0,0,reduced_sown,0
BC17,N,March,H,Veronica sublobata,Veronica sublobata,0.2,1,0.2,0,0,0,1,0,0,0,reduced_sown,0
BC17,N,March,H,Vicia lathyroides,Vicia lathyroides,0.1,3,0.30000000000000004,0,0,0,0,0,0,1,reduced_sown,0
BC17,S,March,Seedling,Acer,Acer,0.1,5,0.5,1,0,0,0,0,0,0,reduced_sown,0
BC17,S,March,H,Achillea millefolium,Achillea millefolium (aggr.),5,4.666666666666667,23.333333333333336,0,0,0,0,0,0,1,reduced_sown,0
BC17,S,March,H,Agrostis capillaris,Agrostis capillaris,3,5.333333333333333,16,0,0,0,0,0,0,1,reduced_sown,0
BC17,S,March,H,Arenaria serpyllifolia,Arenaria serpyllifolia,1,1,1,0,0,0,0,0,0,1,reduced_sown,0
BC17,S,March,H,Bellis perennis,Bellis perennis,1,4,4,0,0,0,1,0,0,0,reduced_sown,0
BC17,S,March,H,Bromus sterilis,Anisantha sterilis,3,6.666666666666667,20,0,0,0,0,0,0,1,reduced_sown,0
BC17,S,March,H,Carduus,Carduus,1,1,1,0,0,0,0,0,0,1,reduced_sown,0
BC17,S,March,H,Centaurea jacea,Centaurea jacea,2,4.666666666666667,9.333333333333334,0,0,0,0,0,0,1,reduced_sown,0
BC17,S,March,H,Centaurea scabiosa,Centaurea scabiosa,0.5,3,1.5,0,0,0,0,0,0,1,reduced_sown,0
BC17,S,March,H,Cerastium glomeratum,Cerastium glomeratum,0.1,2,0.2,0,0,0,0,0,0,1,reduced_sown,0
BC17,S,March,H,Cerastium semidecandrum,Cerastium semidecandrum,0.1,2,0.2,0,0,0,1,0,0,0,reduced_sown,0
BC17,S,March,H,Corydalis solida,Corydalis solida,0.1,9,0.9,0,0,0,1,0,0,0,reduced_sown,0
BC17,S,March,H,Dactylis glomerata,Dactylis glomerata,2,5.666666666666667,11.333333333333334,0,0,0,0,0,0,1,reduced_sown,0
BC17,S,March,H,Daucus carota,Daucus carota,2,4.333333333333333,8.666666666666666,0,0,0,0,0,0,1,reduced_sown,0
BC17,S,March,H,Draba verna,Draba verna,0.1,5.666666666666667,0.5666666666666668,0,0,0,1,0,0,0,reduced_sown,0
BC17,S,March,H,Echium vulgare,Echium vulgare,0.01,2,0.02,0,0,0,0,0,0,1,reduced_sown,0
BC17,S,March,H,Festuca pratensis,Schedonorus pratensis,3,38,114,0,0,0,0,0,0,1,reduced_sown,0
BC17,S,March,H,Festuca rubra,Festuca rubra,10,6.333333333333333,63.33333333333333,0,0,0,0,0,0,1,reduced_sown,0
BC17,S,March,H,Geranium molle,Geranium molle,2,1.3333333333333333,2.6666666666666665,0,0,0,0,0,0,1,reduced_sown,0
BC17,S,March,H,Hypochaeris radicata,Hypochaeris radicata,2,1,2,0,0,0,0,0,0,1,reduced_sown,0
BC17,S,March,H,Leontodon hispidus,Leontodon hispidus,1,4,4,0,0,0,0,0,0,1,reduced_sown,0
BC17,S,March,H,Knautia arvense,Knautia arvensis,1,4,4,0,0,0,0,0,0,1,reduced_sown,0
BC17,S,March,H,Leucanthemum vulgare,Leucanthemum vulgare (aggr.),2,2.6666666666666665,5.333333333333333,0,0,0,0,0,0,1,reduced_sown,0
BC17,S,March,H,Luzula campestris,Luzula campestris,5,8.333333333333334,41.66666666666667,0,0,0,1,0,0,0,reduced_sown,0
BC17,S,March,H,Plantago lanceolata,Plantago lanceolata,3,1.6666666666666667,5,0,0,0,0,0,0,1,reduced_sown,0
BC17,S,March,H,Plantago media,Plantago media,1,2.6666666666666665,2.6666666666666665,0,0,0,0,0,0,1,reduced_sown,0
BC17,S,March,H,Poa pratensis,Poa pratensis,0.5,6.5,3.25,0,0,0,0,0,0,1,reduced_sown,0
BC17,S,March,H,Potentilla reptans,Potentilla reptans,0.1,1.6666666666666667,0.16666666666666669,0,0,0,0,0,0,1,reduced_sown,0
BC17,S,March,H,Rumex acetosa,Rumex acetosa,0.5,3,1.5,0,0,0,0,0,0,1,reduced_sown,0
BC17,S,March,H,Salvia pratensis,Salvia pratensis,3,3.6666666666666665,11,0,0,0,0,0,0,1,reduced_sown,0
BC17,S,March,H,Sedum sexangulare,Sedum sexangulare,1,1.6666666666666667,1.6666666666666667,0,0,0,0,0,0,1,reduced_sown,0
BC17,S,March,H,Taraxacum,Taraxacum,5,2,10,0,0,0,0,0,0,1,reduced_sown,0
BC17,S,March,H,Trifolium pratensis,Trifolium pratense,15,5,75,0,0,0,0,0,0,1,reduced_sown,0
BC17,S,March,H,Trifolium repens,Trifolium repens,2,2.3333333333333335,4.666666666666667,0,0,0,0,0,0,1,reduced_sown,0
BC17,S,March,H,Veronica arvensis,Veronica arvensis,0.1,1,0.1,1,0,0,0,0,0,0,reduced_sown,0
BC17,N,May,Seedling,Acer,Acer,0.3,5.5,1.65,1,0,0,0,0,0,0,reduced_sown,0
BC17,N,May,H,Achillea millefolium,Achillea millefolium (aggr.),5,20.666666666666668,103.33333333333334,0,0,1,0,0,0,0,reduced_sown,0
BC17,N,May,H,Agrostis capillaris,Agrostis capillaris,20,17,340,0,0,0,1,0,0,0,reduced_sown,0
BC17,N,May,H,Arenaria serpyllifolia,Arenaria serpyllifolia,0.5,2.3333333333333335,1.1666666666666667,0,0,0,0,1,0,0,reduced_sown,0
BC17,N,May,H,Bellis perennis,Bellis perennis,0.8,4.333333333333333,3.466666666666667,0,0,0,0,1,0,0,reduced_sown,0
BC17,N,May,H,Bromus sterilis,Anisantha sterilis,1,22,22,0,0,0,1,1,0,0,reduced_sown,0
BC17,N,May,H,Centaurea jacea,Centaurea jacea,0.5,13,6.5,0,0,0,0,0,0,1,reduced_sown,0
BC17,N,May,H,Cerastium glomeratum,Cerastium glomeratum,1,9,9,0,0,0,0,1,0,0,reduced_sown,0
BC17,N,May,H,Cerastium semidecandrum,Cerastium semidecandrum,0.2,5,1,0,0,0,0,1,0,0,reduced_sown,0
BC17,N,May,H,Daucus carota,Daucus carota,0.1,3,0.30000000000000004,0,0,0,0,0,0,1,reduced_sown,0
BC17,N,May,H,Elymus repens,Elytrigia repens,0.5,8.5,4.25,0,0,0,0,0,0,1,reduced_sown,0
BC17,N,May,H,Festuca pratensis,Schedonorus pratensis,1,38,38,0,0,0,1,0,0,0,reduced_sown,0
BC17,N,May,H,Festuca rubra,Festuca rubra,5,7.666666666666667,38.333333333333336,0,0,0,1,0,0,0,reduced_sown,0
BC17,N,May,H,Geranium molle,Geranium molle,0.5,4.333333333333333,2.1666666666666665,0,0,0,1,1,0,0,reduced_sown,0
BC17,N,May,H,Hypochaeris radicata,Hypochaeris radicata,0.5,4.666666666666667,2.3333333333333335,0,0,0,0,0,0,1,reduced_sown,0
BC17,N,May,H,Knautia arvense,Knautia arvensis,0.5,5,2.5,0,0,0,0,0,0,1,reduced_sown,0
BC17,N,May,H,Luzula campestris,Luzula campestris,1,7.666666666666667,7.666666666666667,0,0,0,1,1,0,0,reduced_sown,0
BC17,N,May,H,Medicago sativa,Medicago sativa,5,47.666666666666664,238.33333333333331,0,0,0,0,0,0,1,reduced_sown,0
BC17,N,May,H,Myosotis ramosissima,Myosotis ramosissima,0.2,8,1.6,0,0,0,1,1,0,0,reduced_sown,0
BC17,N,May,H,Plantago lanceolata,Plantago lanceolata,7,8.333333333333334,58.333333333333336,0,0,0,1,0,0,0,reduced_sown,0
BC17,N,May,H,Plantago media,Plantago media,0.5,7.666666666666667,3.8333333333333335,0,0,0,1,0,0,0,reduced_sown,0
BC17,N,May,H,Poa pratensis,Poa pratensis,1,15,15,0,0,0,1,1,0,0,reduced_sown,0
BC17,N,May,H,Potentilla reptans,Potentilla reptans,1,3.3333333333333335,3.3333333333333335,0,0,0,0,0,0,1,reduced_sown,0
BC17,N,May,H,Sedum sexangulare,Sedum sexangulare,3,2.3333333333333335,7,0,0,0,0,0,0,1,reduced_sown,0
BC17,N,May,H,Taraxacum,Taraxacum,0.3,5.5,1.65,0,0,0,0,0,1,0,reduced_sown,0
BC17,N,May,H,Trifolium dubium,Trifolium dubium,0.3,4.666666666666667,1.4000000000000001,0,0,0,1,0,0,0,reduced_sown,0
BC17,N,May,H,Trifolium pratensis,Trifolium pratense,22,5.666666666666667,124.66666666666667,0,0,0,1,0,0,0,reduced_sown,0
BC17,N,May,H,Trifolium repens,Trifolium repens,0.05,2,0.1,0,0,0,1,0,0,0,reduced_sown,0
BC17,N,May,H,Trisetum flavescens,Trisetum flavescens,1,37.5,37.5,0,0,0,1,0,0,0,reduced_sown,0
BC17,N,May,H,Veronica arvensis,Veronica arvensis,0.03,3.3333333333333335,0.1,0,0,0,0,1,0,0,reduced_sown,0
BC17,N,May,H,Vicia lathyroides,Vicia lathyroides,0.3,10.666666666666666,3.1999999999999997,0,0,0,1,0,0,0,reduced_sown,0
BC17,S,May,Seedling,Acer,Acer,2,5.5,11,1,0,0,0,0,0,0,reduced_sown,0
BC17,S,May,H,Achillea millefolium,Achillea millefolium (aggr.),15,20.666666666666668,310,0,0,1,0,0,0,0,reduced_sown,0
BC17,S,May,H,Agrostis capillaris,Agrostis capillaris,3,17,51,0,0,0,1,0,0,0,reduced_sown,0
BC17,S,May,H,Arenaria serpyllifolia,Arenaria serpyllifolia,0.5,2.3333333333333335,1.1666666666666667,0,0,0,0,1,0,0,reduced_sown,0
BC17,S,May,H,Bellis perennis,Bellis perennis,0.5,4.333333333333333,2.1666666666666665,0,0,0,0,1,0,0,reduced_sown,0
BC17,S,May,H,Bromus sterilis,Anisantha sterilis,7,22,154,0,0,0,1,1,0,0,reduced_sown,0
BC17,S,May,H,Carduus,Carduus,2,14,28,0,0,0,0,0,0,1,reduced_sown,0
BC17,S,May,H,Centaurea jacea,Centaurea jacea,20,13,260,0,0,0,0,0,0,1,reduced_sown,0
BC17,S,May,H,Centaurea scabiosa,Centaurea scabiosa,7,16.333333333333332,114.33333333333333,0,0,0,0,0,0,1,reduced_sown,0
BC17,S,May,H,Cerastium glomeratum,Cerastium glomeratum,0.5,9,4.5,0,0,0,0,1,0,0,reduced_sown,0
BC17,S,May,H,Cerastium semidecandrum,Cerastium semidecandrum,0.1,5,0.5,0,0,0,0,1,0,0,reduced_sown,0
BC17,S,May,H,Dactylis glomerata,Dactylis glomerata,2,32.666666666666664,65.33333333333333,0,0,0,0,1,0,0,reduced_sown,0
BC17,S,May,H,Daucus carota,Daucus carota,0.5,3,1.5,0,0,0,0,0,0,1,reduced_sown,0
BC17,S,May,H,Festuca rubra,Festuca rubra,15,7.666666666666667,115,0,0,0,1,0,0,0,reduced_sown,0
BC17,S,May,H,Geranium molle,Geranium molle,3,4.333333333333333,13,0,0,0,1,1,0,0,reduced_sown,0
BC17,S,May,H,Hypochaeris radicata,Hypochaeris radicata,5,4.666666666666667,23.333333333333336,0,0,0,0,0,0,1,reduced_sown,0
BC17,S,May,H,Leontodon hispidus,Leontodon hispidus,3,26,78,0,0,0,0,0,0,1,reduced_sown,0
BC17,S,May,H,Knautia arvense,Knautia arvensis,8,5,40,0,0,0,0,0,0,1,reduced_sown,0
BC17,S,May,H,Leucanthemum vulgare,Leucanthemum vulgare (aggr.),5,38.666666666666664,193.33333333333331,0,0,0,1,0,0,0,reduced_sown,0
BC17,S,May,H,Lolium perenne,Lolium perenne,1,23.666666666666668,23.666666666666668,0,0,0,1,0,0,0,reduced_sown,0
BC17,S,May,H,Luzula campestris,Luzula campestris,1,7.666666666666667,7.666666666666667,0,0,0,1,1,0,0,reduced_sown,0
BC17,S,May,H,Medicago lupulina,Medicago lupulina,0.5,9.666666666666666,4.833333333333333,0,0,0,1,0,0,0,reduced_sown,0
BC17,S,May,H,Myosotis ramosissima,Myosotis ramosissima,0.1,8,0.8,0,0,0,1,1,0,0,reduced_sown,0
BC17,S,May,H,Plantago lanceolata,Plantago lanceolata,10,8.333333333333334,83.33333333333334,0,0,0,1,0,0,0,reduced_sown,0
BC17,S,May,H,Plantago media,Plantago media,1,7.666666666666667,7.666666666666667,0,0,0,1,0,0,0,reduced_sown,0
BC17,S,May,H,Poa pratensis,Poa pratensis,2,15,30,0,0,0,1,1,0,0,reduced_sown,0
BC17,S,May,H,Potentilla reptans,Potentilla reptans,0.5,3.3333333333333335,1.6666666666666667,0,0,0,0,0,0,1,reduced_sown,0
BC17,S,May,H,Rumex acetosa,Rumex acetosa,2,8.666666666666666,17.333333333333332,0,0,0,0,0,0,1,reduced_sown,0
BC17,S,May,H,Salvia pratensis,Salvia pratensis,10,36.333333333333336,363.33333333333337,0,0,0,1,0,0,0,reduced_sown,0
BC17,S,May,H,Sedum sexangulare,Sedum sexangulare,0.5,2.3333333333333335,1.1666666666666667,0,0,0,0,0,0,1,reduced_sown,0
BC17,S,May,H,Taraxacum,Taraxacum,1,5.5,5.5,0,0,0,0,0,1,0,reduced_sown,0
BC17,S,May,H,Trifolium pratensis,Trifolium pratense,12,5.666666666666667,68,0,0,0,1,0,0,0,reduced_sown,0
BC17,S,May,H,Trifolium repens,Trifolium repens,3,2,6,0,0,0,1,0,0,0,reduced_sown,0
BC17,S,May,H,Veronica arvensis,Veronica arvensis,0.1,3.3333333333333335,0.33333333333333337,0,0,0,0,1,0,0,reduced_sown,0
BC17,N,July,H,Achillea millefolium,Achillea millefolium (aggr.),3,19.333333333333332,58,0,0,0,1,0,0,0,reduced_sown,1
BC17,N,July,H,Agrostis capillaris,Agrostis capillaris,15,10.333333333333334,155,0,0,0,1,0,0,0,reduced_sown,1
BC17,N,July,H,Bellis perennis,Bellis perennis,1,3.3333333333333335,3.3333333333333335,0,0,0,0,0,0,1,reduced_sown,1
BC17,N,July,H,Bromus sterilis,Anisantha sterilis,0.1,6,0.6000000000000001,1,0,0,0,0,0,0,reduced_sown,1
BC17,N,July,H,Centaurea jacea,Centaurea jacea,2,15.333333333333334,30.666666666666668,0,0,0,0,0,0,1,reduced_sown,1
BC17,N,July,H,Crepis capillaris,Crepis capillaris,0.2,11.666666666666666,2.3333333333333335,0,0,1,0,0,0,0,reduced_sown,1
BC17,N,July,H,Elymus repens,Elytrigia repens,0.5,14.333333333333334,7.166666666666667,0,0,0,0,0,0,1,reduced_sown,1
BC17,N,July,H,Festuca pratensis,Schedonorus pratensis,1,13,13,0,0,0,0,0,0,1,reduced_sown,1
BC17,N,July,H,Festuca rubra,Festuca rubra,10,7,70,0,0,0,0,0,0,1,reduced_sown,1
BC17,N,July,H,Hypochaeris radicata,Hypochaeris radicata,2,5.333333333333333,10.666666666666666,0,0,0,1,0,0,0,reduced_sown,1
BC17,N,July,H,Knautia arvense,Knautia arvensis,2,9.333333333333334,18.666666666666668,0,0,1,0,0,0,0,reduced_sown,1
BC17,N,July,H,Leucanthemum vulgare,Leucanthemum vulgare (aggr.),2,3.6666666666666665,7.333333333333333,0,0,0,0,0,0,1,reduced_sown,1
BC17,N,July,H,Lolium perenne,Lolium perenne,0.5,14,7,0,0,0,0,1,0,0,reduced_sown,1
BC17,N,July,H,Luzula campestris,Luzula campestris,1,4.666666666666667,4.666666666666667,0,0,0,0,0,0,1,reduced_sown,1
BC17,N,July,H,Medicago sativa,Medicago sativa,3,33,99,0,0,0,1,0,0,0,reduced_sown,1
BC17,N,July,H,Plantago lanceolata,Plantago lanceolata,12,19.666666666666668,236,0,0,0,1,1,0,0,reduced_sown,1
BC17,N,July,H,Plantago media,Plantago media,0.5,10,5,0,0,0,1,1,0,0,reduced_sown,1
BC17,N,July,H,Poa pratensis,Poa pratensis,1,13.666666666666666,13.666666666666666,0,0,0,0,0,0,1,reduced_sown,1
BC17,N,July,H,Potentilla reptans,Potentilla reptans,2,4.666666666666667,9.333333333333334,0,0,0,1,0,0,0,reduced_sown,1
BC17,N,July,H,Salvia pratensis,Salvia pratensis,0.5,8.666666666666666,4.333333333333333,0,0,0,0,0,0,1,reduced_sown,1
BC17,N,July,H,Sedum sexangulare,Sedum sexangulare,10,3,30,0,0,0,0,0,0,1,reduced_sown,1
BC17,N,July,H,Taraxacum,Taraxacum,0.01,7.333333333333333,0.07333333333333333,0,0,0,0,0,0,1,reduced_sown,1
BC17,N,July,H,Trifolium pratensis,Trifolium pratense,30,14,420,0,0,0,1,0,0,0,reduced_sown,1
BC17,N,July,H,Trifolium repens,Trifolium repens,1,5,5,0,0,0,1,1,0,0,reduced_sown,1
BC17,N,July,H,Trisetum flavescens,Trisetum flavescens,0.5,22.333333333333332,11.166666666666666,0,0,0,1,0,0,0,reduced_sown,1
BC17,S,July,Seedling,Acer,Acer,0.2,6.333333333333333,1.2666666666666666,1,0,0,0,0,0,0,reduced_sown,1
BC17,S,July,H,Achillea millefolium,Achillea millefolium (aggr.),10,19.333333333333332,193.33333333333331,0,0,0,1,0,0,0,reduced_sown,1
BC17,S,July,H,Agrostis capillaris,Agrostis capillaris,4,10.333333333333334,41.333333333333336,0,0,0,1,0,0,0,reduced_sown,1
BC17,S,July,H,Arenaria serpyllifolia,Arenaria serpyllifolia,0.1,7.333333333333333,0.7333333333333334,0,0,0,1,0,0,0,reduced_sown,1
BC17,S,July,H,Bellis perennis,Bellis perennis,0.5,3.3333333333333335,1.6666666666666667,0,0,0,0,0,0,1,reduced_sown,1
BC17,S,July,H,Bromus sterilis,Anisantha sterilis,0.5,6,3,1,0,0,0,0,0,0,reduced_sown,1
BC17,S,July,H,Carduus,Carduus,0.5,6,3,0,0,0,0,0,0,1,reduced_sown,1
BC17,S,July,H,Centaurea jacea,Centaurea jacea,7,15.333333333333334,107.33333333333334,0,0,0,0,0,0,1,reduced_sown,1
BC17,S,July,H,Centaurea scabiosa,Centaurea scabiosa,5,16,80,0,0,0,0,0,0,1,reduced_sown,1
BC17,S,July,H,Crepis capillaris,Crepis capillaris,0.5,11.666666666666666,5.833333333333333,0,0,1,0,0,0,0,reduced_sown,1
BC17,S,July,H,Dactylis glomerata,Dactylis glomerata,3,16.333333333333332,49,0,0,0,0,0,0,1,reduced_sown,1
BC17,S,July,H,Daucus carota,Daucus carota,2,13.666666666666666,27.333333333333332,0,0,0,1,0,0,0,reduced_sown,1
BC17,S,July,H,Festuca rubra,Festuca rubra,10,7,70,0,0,0,0,0,0,1,reduced_sown,1
BC17,S,July,H,Geranium molle,Geranium molle,0.3,6,1.7999999999999998,0,0,0,1,0,0,0,reduced_sown,1
BC17,S,July,H,Hypochaeris radicata,Hypochaeris radicata,5,5.333333333333333,26.666666666666664,0,0,0,1,0,0,0,reduced_sown,1
BC17,S,July,H,Knautia arvense,Knautia arvensis,3,9.333333333333334,28,0,0,1,0,0,0,0,reduced_sown,1
BC17,S,July,H,Leucanthemum vulgare,Leucanthemum vulgare (aggr.),1,3.6666666666666665,3.6666666666666665,0,0,0,0,0,0,1,reduced_sown,1
BC17,S,July,H,Lolium perenne,Lolium perenne,2,14,28,0,0,0,0,1,0,0,reduced_sown,1
BC17,S,July,H,Luzula campestris,Luzula campestris,2,4.666666666666667,9.333333333333334,0,0,0,0,0,0,1,reduced_sown,1
BC17,S,July,H,Medicago lupulina,Medicago lupulina,0.01,11.333333333333334,0.11333333333333334,0,0,0,1,0,0,0,reduced_sown,1
BC17,S,July,H,Plantago lanceolata,Plantago lanceolata,8,19.666666666666668,157.33333333333334,0,0,0,1,1,0,0,reduced_sown,1
BC17,S,July,H,Plantago media,Plantago media,2,10,20,0,0,0,1,1,0,0,reduced_sown,1
BC17,S,July,H,Poa pratensis,Poa pratensis,1,13.666666666666666,13.666666666666666,0,0,0,0,0,0,1,reduced_sown,1
BC17,S,July,H,Potentilla reptans,Potentilla reptans,0.1,4.666666666666667,0.46666666666666673,0,0,0,1,0,0,0,reduced_sown,1
BC17,S,July,H,Rumex acetosa,Rumex acetosa,1,9.5,9.5,0,0,0,0,0,0,1,reduced_sown,1
BC17,S,July,H,Salvia pratensis,Salvia pratensis,10,8.666666666666666,86.66666666666666,0,0,0,0,0,0,1,reduced_sown,1
BC17,S,July,H,Sedum sexangulare,Sedum sexangulare,2,3,6,0,0,0,0,0,0,1,reduced_sown,1
BC17,S,July,H,Taraxacum,Taraxacum,0.5,7.333333333333333,3.6666666666666665,0,0,0,0,0,0,1,reduced_sown,1
BC17,S,July,H,Trifolium pratensis,Trifolium pratense,15,14,210,0,0,0,1,0,0,0,reduced_sown,1
BC17,S,July,H,Trifolium repens,Trifolium repens,3,5,15,0,0,0,1,1,0,0,reduced_sown,1
BC17,N,September,Seedling,Acer,Acer,0.01,7,0.07,1,0,0,0,0,0,0,reduced_sown,2
BC17,N,September,H,Achillea millefolium,Achillea millefolium (aggr.),5,14.333333333333334,71.66666666666667,0,0,0,1,1,0,0,reduced_sown,2
BC17,N,September,H,Agrostis capillaris,Agrostis capillaris,25,15,375,0,0,0,0,0,0,1,reduced_sown,2
BC17,N,September,H,Bromus sterilis,Anisantha sterilis,0.1,12,1.2000000000000002,1,0,0,0,0,0,0,reduced_sown,2
BC17,N,September,H,Centaurea jacea,Centaurea jacea,3,14.333333333333334,43,0,0,0,1,1,0,0,reduced_sown,2
BC17,N,September,H,Cerastium,Cerastium,0.01,1,0.01,1,0,0,0,0,0,0,reduced_sown,2
BC17,N,September,H,Crepis capillaris,Crepis capillaris,0.1,6.666666666666667,0.6666666666666667,0,0,0,1,1,0,0,reduced_sown,2
BC17,N,September,H,Daucus carota,Daucus carota,0.5,12.333333333333334,6.166666666666667,0,0,0,0,0,0,1,reduced_sown,2
BC17,N,September,H,Elymus repens,Elytrigia repens,0.5,18.666666666666668,9.333333333333334,0,0,0,0,0,0,1,reduced_sown,2
BC17,N,September,H,Festuca pratensis,Schedonorus pratensis,1,10.333333333333334,10.333333333333334,0,0,0,1,1,0,0,reduced_sown,2
BC17,N,September,H,Festuca rubra,Festuca rubra,7,11,77,0,0,0,0,0,0,1,reduced_sown,2
BC17,N,September,H,Geranium molle,Geranium molle,0.5,5.666666666666667,2.8333333333333335,0,0,0,0,0,0,1,reduced_sown,2
BC17,N,September,H,Hypochaeris radicata,Hypochaeris radicata,1,6.333333333333333,6.333333333333333,0,0,0,1,0,0,0,reduced_sown,2
BC17,N,September,H,Knautia arvense,Knautia arvensis,3,12.5,37.5,0,0,0,1,0,0,0,reduced_sown,2
BC17,N,September,H,Leucanthemum vulgare,Leucanthemum vulgare (aggr.),1,5.666666666666667,5.666666666666667,0,0,0,0,0,0,1,reduced_sown,2
BC17,N,September,H,Lolium perenne,Lolium perenne,0.1,11.666666666666666,1.1666666666666667,0,0,0,0,0,0,1,reduced_sown,2
BC17,N,September,H,Luzula campestris,Luzula campestris,1,7,7,0,0,0,0,1,0,0,reduced_sown,2
BC17,N,September,H,Medicago sativa,Medicago sativa,2,18.333333333333332,36.666666666666664,0,0,0,0,1,0,0,reduced_sown,2
BC17,N,September,H,Myosotis ramosissima,Myosotis ramosissima,0.01,1,0.01,1,0,0,0,0,0,0,reduced_sown,2
BC17,N,September,H,Plantago lanceolata,Plantago lanceolata,16,11,176,0,0,0,1,1,0,0,reduced_sown,2
BC17,N,September,H,Poa pratensis,Poa pratensis,0.1,12.25,1.225,0,0,0,0,0,0,1,reduced_sown,2
BC17,N,September,H,Potentilla reptans,Potentilla reptans,3,7.666666666666667,23,0,0,0,0,0,0,1,reduced_sown,2
BC17,N,September,H,Salvia pratensis,Salvia pratensis,0.5,7,3.5,0,0,0,0,0,0,1,reduced_sown,2
BC17,N,September,H,Sedum sexangulare,Sedum sexangulare,8,3.6666666666666665,29.333333333333332,0,0,0,0,0,0,1,reduced_sown,2
BC17,N,September,H,Taraxacum,Taraxacum,1,6.333333333333333,6.333333333333333,0,0,0,0,0,0,1,reduced_sown,2
BC17,N,September,H,Trifolium pratensis,Trifolium pratense,35,8.333333333333334,291.6666666666667,0,0,0,1,1,0,0,reduced_sown,2
BC17,N,September,H,Trifolium repens,Trifolium repens,1,5,5,0,0,0,0,0,0,1,reduced_sown,2
BC17,N,September,H,Trisetum flavescens,Trisetum flavescens,1,21,21,0,0,0,0,1,0,0,reduced_sown,2
BC17,N,September,H,Veronica arvensis,Veronica arvensis,0.01,1,0.01,1,0,0,0,0,0,0,reduced_sown,2
BC17,S,September,Seedling,Acer,Acer,0.5,7,3.5,1,0,0,0,0,0,0,reduced_sown,2
BC17,S,September,H,Achillea millefolium,Achillea millefolium (aggr.),20,14.333333333333334,286.6666666666667,0,0,0,1,1,0,0,reduced_sown,2
BC17,S,September,H,Agrostis capillaris,Agrostis capillaris,7,15,105,0,0,0,0,0,0,1,reduced_sown,2
BC17,S,September,H,Arenaria serpyllifolia,Arenaria serpyllifolia,0.1,1.6666666666666667,0.16666666666666669,0,0,0,0,0,0,1,reduced_sown,2
BC17,S,September,H,Bellis perennis,Bellis perennis,0.5,2,1,0,0,0,1,0,0,0,reduced_sown,2
BC17,S,September,H,Bromus sterilis,Anisantha sterilis,5,12,60,1,0,0,0,0,0,0,reduced_sown,2
BC17,S,September,H,Centaurea jacea,Centaurea jacea,14,14.333333333333334,200.66666666666669,0,0,0,1,1,0,0,reduced_sown,2
BC17,S,September,H,Centaurea scabiosa,Centaurea scabiosa,7,8.666666666666666,60.666666666666664,0,0,0,0,0,0,1,reduced_sown,2
BC17,S,September,H,Crepis capillaris,Crepis capillaris,1,6.666666666666667,6.666666666666667,0,0,0,1,1,0,0,reduced_sown,2
BC17,S,September,H,Dactylis glomerata,Dactylis glomerata,2,15.666666666666666,31.333333333333332,0,0,0,0,0,0,1,reduced_sown,2
BC17,S,September,H,Daucus carota,Daucus carota,4,12.333333333333334,49.333333333333336,0,0,0,0,0,0,1,reduced_sown,2
BC17,S,September,H,Echium vulgare,Echium vulgare,1,3.5,3.5,0,0,0,0,0,0,1,reduced_sown,2
BC17,S,September,H,Festuca rubra,Festuca rubra,8,11,88,0,0,0,0,0,0,1,reduced_sown,2
BC17,S,September,H,Geranium molle,Geranium molle,3,5.666666666666667,17,0,0,0,0,0,0,1,reduced_sown,2
BC17,S,September,H,Hypochaeris radicata,Hypochaeris radicata,3,6.333333333333333,19,0,0,0,1,0,0,0,reduced_sown,2
BC17,S,September,H,Leontodon hispidus,Leontodon hispidus,2,11.5,23,0,0,0,0,0,0,1,reduced_sown,2
BC17,S,September,H,Knautia arvense,Knautia arvensis,2,12.5,25,0,0,0,1,0,0,0,reduced_sown,2
BC17,S,September,H,Leucanthemum vulgare,Leucanthemum vulgare (aggr.),3,5.666666666666667,17,0,0,0,0,0,0,1,reduced_sown,2
BC17,S,September,H,Lolium perenne,Lolium perenne,5,11.666666666666666,58.33333333333333,0,0,0,0,0,0,1,reduced_sown,2
BC17,S,September,H,Luzula campestris,Luzula campestris,5,7,35,0,0,0,0,1,0,0,reduced_sown,2
BC17,S,September,H,Medicago sativa,Medicago sativa,2,18.333333333333332,36.666666666666664,0,0,0,0,1,0,0,reduced_sown,2
BC17,S,September,H,Plantago lanceolata,Plantago lanceolata,8,11,88,0,0,0,1,1,0,0,reduced_sown,2
BC17,S,September,H,Plantago media,Plantago media,3,3.6666666666666665,11,0,0,0,0,0,0,1,reduced_sown,2
BC17,S,September,H,Poa pratensis,Poa pratensis,0.1,12.25,1.225,0,0,0,0,0,0,1,reduced_sown,2
BC17,S,September,H,Polygonum aviculare,Polygonum aviculare (aggr.),0.5,15,7.5,0,0,0,1,0,0,0,reduced_sown,2
BC17,S,September,H,Potentilla reptans,Potentilla reptans,0.5,7.666666666666667,3.8333333333333335,0,0,0,0,0,0,1,reduced_sown,2
BC17,S,September,H,Rumex acetosa,Rumex acetosa,1,8.333333333333334,8.333333333333334,0,0,0,0,0,0,1,reduced_sown,2
BC17,S,September,H,Salvia pratensis,Salvia pratensis,15,7,105,0,0,0,0,0,0,1,reduced_sown,2
BC17,S,September,H,Sedum sexangulare,Sedum sexangulare,2,3.6666666666666665,7.333333333333333,0,0,0,0,0,0,1,reduced_sown,2
BC17,S,September,H,Trifolium pratensis,Trifolium pratense,18,8.333333333333334,150,0,0,0,1,1,0,0,reduced_sown,2
BC17,S,September,H,Trifolium repens,Trifolium repens,0.5,5,2.5,0,0,0,0,0,0,1,reduced_sown,2
BC17,S,September,H,Veronica arvensis,Veronica arvensis,0.2,1,0.2,1,0,0,0,0,0,0,reduced_sown,2
BC18,NW,March,H,Achillea millefolium,Achillea millefolium (aggr.),0.5,2.6666666666666665,1.3333333333333333,0,0,0,0,0,0,1,reduced,0
BC18,NW,March,H,Artemisia vulgaris,Artemisia vulgaris,0.01,1,0.01,0,0,0,0,0,0,1,reduced,0
BC18,NW,March,H,Cardamine hirsuta,Cardamine hirsuta,0.1,1,0.1,0,0,0,1,0,0,0,reduced,0
BC18,NW,March,H,Crepis capillaris,Crepis capillaris,0.1,1,0.1,0,0,0,0,0,0,1,reduced,0
BC18,NW,March,H,Festuca ovina,Festuca ovina,7,4.333333333333333,30.333333333333332,0,0,0,0,0,0,1,reduced,0
BC18,NW,March,H,Festuca rubra,Festuca rubra,10,5.333333333333333,53.33333333333333,0,0,0,0,0,0,1,reduced,0
BC18,NW,March,H,Geranium molle,Geranium molle,0.1,1.3333333333333333,0.13333333333333333,0,0,0,0,0,0,1,reduced,0
BC18,NW,March,H,Hypericum perforatum,Hypericum perforatum,0.1,4,0.4,0,0,0,0,0,0,1,reduced,0
BC18,NW,March,H,Hypochaeris radicata,Hypochaeris radicata,2,2,4,0,0,0,0,0,0,1,reduced,0
BC18,NW,March,H,Plantago lanceolata,Plantago lanceolata,2,2,4,0,0,0,0,0,0,1,reduced,0
BC18,NW,March,H,Poa pratensis,Poa pratensis,0.1,7.333333333333333,0.7333333333333334,0,0,0,0,0,0,1,reduced,0
BC18,NW,March,H,Rumex acetosa,Rumex acetosa,0.5,2.3333333333333335,1.1666666666666667,0,0,0,0,0,0,1,reduced,0
BC18,NW,March,H,Trifolium pratensis,Trifolium pratense,1,4,4,0,0,0,0,0,0,1,reduced,0
BC18,NW,March,H,Trifolium repens,Trifolium repens,3,2,6,0,0,0,0,0,0,1,reduced,0
BC18,NW,March,H,Veronica arvensis,Veronica arvensis,0.1,1,0.1,1,0,0,0,0,0,0,reduced,0
BC18,NW,March,H,Veronica sublobata,Veronica sublobata,0.001,1,0.001,1,0,0,0,0,0,0,reduced,0
BC18,NW,March,H,Vicia sativa,Vicia sativa,1,3.6666666666666665,3.6666666666666665,0,0,0,0,0,0,1,reduced,0
BC18,SE,March,Seedling,Acer,Acer,0.01,2,0.02,1,0,0,0,0,0,0,reduced,0
BC18,SE,March,H,Bellis perennis,Bellis perennis,1,1.6666666666666667,1.6666666666666667,0,0,0,1,0,0,0,reduced,0
BC18,SE,March,H,Dactylis glomerata,Dactylis glomerata,0.5,7,3.5,0,0,0,0,0,0,1,reduced,0
BC18,SE,March,H,Festuca rubra,Festuca rubra,2,5.333333333333333,10.666666666666666,0,0,0,0,0,0,1,reduced,0
BC18,SE,March,H,Ficaria verna,Ficaria verna,0.01,2,0.02,0,0,0,0,0,0,1,reduced,0
BC18,SE,March,H,Galium album,Galium album,0.001,5,0.005,0,0,0,0,0,0,1,reduced,0
BC18,SE,March,H,Geranium molle,Geranium molle,0.01,1.3333333333333333,0.013333333333333332,0,0,0,0,0,0,1,reduced,0
BC18,SE,March,H,Hypochaeris radicata,Hypochaeris radicata,1,2,2,0,0,0,0,0,0,1,reduced,0
BC18,SE,March,H,Lolium perenne,Lolium perenne,0.1,4,0.4,0,0,0,0,0,0,1,reduced,0
BC18,SE,March,H,Plantago lanceolata,Plantago lanceolata,3,2,6,0,0,0,0,0,0,1,reduced,0
BC18,SE,March,H,Plantago media,Plantago media,0.5,3,1.5,0,0,0,0,0,0,1,reduced,0
BC18,SE,March,H,Potentilla argentea,Potentilla argentea,0.1,4,0.4,0,0,0,0,0,0,1,reduced,0
BC18,SE,March,H,Taraxacum,Taraxacum,0.1,1,0.1,0,0,0,0,0,0,1,reduced,0
BC18,SE,March,H,Trifolium dubium,Trifolium dubium,0.01,1,0.01,0,0,0,0,0,0,1,reduced,0
BC18,SE,March,H,Trifolium pratensis,Trifolium pratense,15,4,60,0,0,0,0,0,0,1,reduced,0
BC18,SE,March,H,Vicia sativa,Vicia sativa,5,3.6666666666666665,18.333333333333332,0,0,0,0,0,0,1,reduced,0
BC18,NW,May,Seedling,Acer,Acer,0.5,8,4,1,0,0,0,0,0,0,reduced,0
BC18,NW,May,H,Achillea millefolium,Achillea millefolium (aggr.),1,5.666666666666667,5.666666666666667,0,0,0,0,0,0,1,reduced,0
BC18,NW,May,H,Artemisia vulgaris,Artemisia vulgaris,1,11.5,11.5,0,0,0,0,0,0,1,reduced,0
BC18,NW,May,H,Cerastium semidecandrum,Cerastium semidecandrum,0.1,5,0.5,0,0,0,0,0,0,1,reduced,0
BC18,NW,May,H,Festuca ovina,Festuca ovina,7,18.666666666666668,130.66666666666669,0,0,0,0,0,0,1,reduced,0
BC18,NW,May,H,Festuca rubra,Festuca rubra,2,19.666666666666668,39.333333333333336,0,0,0,1,0,0,0,reduced,0
BC18,NW,May,H,Geranium molle,Geranium molle,0.2,8,1.6,0,0,0,1,0,0,0,reduced,0
BC18,NW,May,H,Hypericum perforatum,Hypericum perforatum,0.3,18.333333333333332,5.499999999999999,0,0,0,0,0,0,1,reduced,0
BC18,NW,May,H,Hypochaeris radicata,Hypochaeris radicata,7,5.333333333333334,37.333333333333336,0,0,1,0,0,0,0,reduced,0
BC18,NW,May,H,Medicago sativa,Medicago sativa,15,47.666666666666664,715,0,0,0,0,0,0,1,reduced,0
BC18,NW,May,H,Plantago lanceolata,Plantago lanceolata,10,10.666666666666666,106.66666666666666,0,0,1,0,0,0,0,reduced,0
BC18,NW,May,Seedling,Rosaceae,Rosaceae,0.2,3.5,0.7000000000000001,1,0,0,0,0,0,0,reduced,0
BC18,NW,May,H,Rumex acetosa,Rumex acetosa,1,6.833333333333333,6.833333333333333,0,0,0,0,0,0,1,reduced,0
BC18,NW,May,Seedling,Sorbus aucuparia,Sorbus aucuparia,0.2,7.5,1.5,1,0,0,0,0,0,0,reduced,0
BC18,NW,May,H,Taraxacum,Taraxacum,0.7,3.3333333333333335,2.3333333333333335,0,0,0,0,1,0,0,reduced,0
BC18,NW,May,H,Trifolium dubium,Trifolium dubium,0.2,4.333333333333333,0.8666666666666667,0,0,0,1,0,0,0,reduced,0
BC18,NW,May,H,Trifolium pratensis,Trifolium pratense,7,16.666666666666668,116.66666666666667,0,0,0,1,0,0,0,reduced,0
BC18,NW,May,H,Veronica arvensis,Veronica arvensis,0.3,4.5,1.3499999999999999,0,0,0,0,1,0,0,reduced,0
BC18,NW,May,H,Vicia sativa,Vicia sativa,2,24.333333333333332,48.666666666666664,0,0,0,1,1,0,0,reduced,0
BC18,SE,May,Seedling,Acer,Acer,0.01,8,0.08,1,0,0,0,0,0,0,reduced,0
BC18,SE,May,H,Bellis perennis,Bellis perennis,3,6.666666666666667,20,0,0,0,1,0,0,0,reduced,0
BC18,SE,May,H,Carex hirta,Carex hirta,0.3,15.666666666666666,4.699999999999999,0,0,0,0,0,0,1,reduced,0
BC18,SE,May,H,Dactylis glomerata,Dactylis glomerata,0.2,12,2.4000000000000004,0,0,0,0,0,0,1,reduced,0
BC18,SE,May,H,Festuca ovina,Festuca ovina,0.5,18.666666666666668,9.333333333333334,0,0,0,0,0,0,1,reduced,0
BC18,SE,May,H,Festuca rubra,Festuca rubra,3,19.666666666666668,59,0,0,0,1,0,0,0,reduced,0
BC18,SE,May,H,Galium album,Galium album,0.001,1,0.001,0,0,0,0,0,0,1,reduced,0
BC18,SE,May,H,Geranium molle,Geranium molle,0.1,8,0.8,0,0,0,1,0,0,0,reduced,0
BC18,SE,May,H,Hypochaeris radicata,Hypochaeris radicata,1,5.333333333333334,5.333333333333334,0,0,1,0,0,0,0,reduced,0
BC18,SE,May,H,Lolium perenne,Lolium perenne,0.3,29,8.7,0,0,0,1,0,0,0,reduced,0
BC18,SE,May,H,Plantago lanceolata,Plantago lanceolata,5,10.666666666666666,53.33333333333333,0,0,1,0,0,0,0,reduced,0
BC18,SE,May,H,Plantago media,Plantago media,0.3,4,1.2,0,0,0,0,0,0,1,reduced,0
BC18,SE,May,H,Potentilla argentea,Potentilla argentea,0.5,9,4.5,0,0,1,0,0,0,0,reduced,0
BC18,SE,May,H,Taraxacum,Taraxacum,0.001,3.3333333333333335,0.0033333333333333335,0,0,0,0,1,0,0,reduced,0
BC18,SE,May,H,Trifolium dubium,Trifolium dubium,0.5,4.333333333333333,2.1666666666666665,0,0,0,1,0,0,0,reduced,0
BC18,SE,May,H,Trifolium pratensis,Trifolium pratense,12,16.666666666666668,200,0,0,0,1,0,0,0,reduced,0
BC18,SE,May,H,Vicia hirsuta,Vicia hirsuta,0.5,20,10,0,0,0,1,1,0,0,reduced,0
BC18,SE,May,H,Vicia sativa,Vicia sativa,0.5,24.333333333333332,12.166666666666666,0,0,0,1,1,0,0,reduced,0
BC18,NW,July,Seedling,Acer,Acer,2,11,22,1,0,0,0,0,0,0,reduced,1
BC18,NW,July,H,Achillea millefolium,Achillea millefolium (aggr.),6,19,114,0,0,0,1,1,0,0,reduced,1
BC18,NW,July,H,Arenaria serpyllifolia,Arenaria serpyllifolia,0.1,7,0.7000000000000001,0,0,0,1,1,0,0,reduced,1
BC18,NW,July,H,Artemisia vulgaris,Artemisia vulgaris,4,15,60,0,0,0,0,0,0,1,reduced,1
BC18,NW,July,H,Conyza canadensis,Erigeron canadensis,0.1,12,1.2000000000000002,0,0,0,1,0,0,0,reduced,1
BC18,NW,July,H,Crepis capillaris,Crepis capillaris,1,16,16,0,0,0,1,1,0,0,reduced,1
BC18,NW,July,H,Festuca ovina,Festuca ovina,30,13.333333333333334,400,0,0,0,1,1,0,0,reduced,1
BC18,NW,July,H,Festuca rubra,Festuca rubra,8,15.666666666666666,125.33333333333333,0,0,0,1,1,0,0,reduced,1
BC18,NW,July,H,Geranium molle,Geranium molle,0.3,9.333333333333334,2.8000000000000003,0,0,0,1,0,0,0,reduced,1
BC18,NW,July,H,Hypericum perforatum,Hypericum perforatum,0.01,33,0.33,0,0,0,1,1,0,0,reduced,1
BC18,NW,July,H,Hypochaeris radicata,Hypochaeris radicata,11,11.666666666666666,128.33333333333331,0,0,0,1,0,0,0,reduced,1
BC18,NW,July,H,Medicago lupulina,Medicago lupulina,2,16,32,0,0,0,1,1,0,0,reduced,1
BC18,NW,July,H,Melilotus albus,Melilotus albus,0.5,20,10,0,0,0,1,0,0,0,reduced,1
BC18,NW,July,H,Melilotus officinalis,Melilotus officinalis,0.1,13,1.3,0,0,0,1,0,0,0,reduced,1
BC18,NW,July,H,Plantago lanceolata,Plantago lanceolata,13,22.666666666666668,294.6666666666667,0,0,0,1,1,0,0,reduced,1
BC18,NW,July,H,Rumex acetosa,Rumex acetosa,4,15.333333333333334,61.333333333333336,0,0,0,1,1,0,0,reduced,1
BC18,NW,July,Seedling,Sorbus aucuparia,Sorbus aucuparia,2,12.333333333333334,24.666666666666668,1,0,0,0,0,0,0,reduced,1
BC18,NW,July,H,Taraxacum,Taraxacum,2,10.333333333333334,20.666666666666668,0,0,0,1,0,0,0,reduced,1
BC18,NW,July,H,Trifolium pratensis,Trifolium pratense,15,21.333333333333332,320,0,0,0,1,1,0,0,reduced,1
BC18,NW,July,H,Trifolium repens,Trifolium repens,7,7,49,0,0,0,1,1,0,0,reduced,1
BC18,NW,July,H,Veronica arvensis,Veronica arvensis,0.001,1,0.001,1,0,0,0,0,0,0,reduced,1
BC18,NW,July,H,Vicia sativa,Vicia sativa,0.1,13.333333333333334,1.3333333333333335,1,0,0,0,0,0,0,reduced,1
BC18,SE,July,H,Bellis perennis,Bellis perennis,1,4.333333333333333,4.333333333333333,0,0,1,0,0,0,0,reduced,1
BC18,SE,July,H,Carex hirta,Carex hirta,3,12,36,0,0,0,0,0,0,1,reduced,1
BC18,SE,July,H,Dactylis glomerata,Dactylis glomerata,2,14.333333333333334,28.666666666666668,0,0,0,0,0,0,1,reduced,1
BC18,SE,July,H,Festuca ovina,Festuca ovina,8,13.333333333333334,106.66666666666667,0,0,0,1,1,0,0,reduced,1
BC18,SE,July,H,Festuca rubra,Festuca rubra,3,15.666666666666666,47,0,0,0,1,1,0,0,reduced,1
BC18,SE,July,H,Geranium molle,Geranium molle,0.05,9.333333333333334,0.46666666666666673,0,0,0,1,0,0,0,reduced,1
BC18,SE,July,H,Hypochaeris radicata,Hypochaeris radicata,2,11.666666666666666,23.333333333333332,0,0,0,1,0,0,0,reduced,1
BC18,SE,July,H,Lolium perenne,Lolium perenne,0.01,12.666666666666666,0.12666666666666665,0,0,0,0,0,0,1,reduced,1
BC18,SE,July,H,Plantago lanceolata,Plantago lanceolata,12,22.666666666666668,272,0,0,0,1,1,0,0,reduced,1
BC18,SE,July,H,Plantago media,Plantago media,0.5,6.5,3.25,0,0,0,0,0,0,1,reduced,1
BC18,SE,July,H,Potentilla argentea,Potentilla argentea,2,11.333333333333334,22.666666666666668,0,0,0,1,1,0,0,reduced,1
BC18,SE,July,Seedling,Sorbus aucuparia,Sorbus aucuparia,0.5,12.333333333333334,6.166666666666667,1,0,0,0,0,0,0,reduced,1
BC18,SE,July,H,Taraxacum,Taraxacum,1,10.333333333333334,10.333333333333334,0,0,0,1,0,0,0,reduced,1
BC18,SE,July,H,Trifolium dubium,Trifolium dubium,1,3.6666666666666665,3.6666666666666665,0,0,0,0,0,0,1,reduced,1
BC18,SE,July,H,Trifolium pratensis,Trifolium pratense,20,21.333333333333332,426.66666666666663,0,0,0,1,1,0,0,reduced,1
BC18,SE,July,H,Vicia hirsuta,Vicia hirsuta,0.001,8,0.008,1,0,0,0,0,0,0,reduced,1
BC18,NW,September,Seedling,Acer,Acer,0.5,7,3.5,1,0,0,0,0,0,0,reduced,2
BC18,NW,September,H,Achillea millefolium,Achillea millefolium (aggr.),10,13,130,0,0,0,0,0,0,1,reduced,2
BC18,NW,September,H,Arenaria serpyllifolia,Arenaria serpyllifolia,0.1,1.6666666666666667,0.16666666666666669,0,0,0,0,0,0,1,reduced,2
BC18,NW,September,H,Artemisia vulgaris,Artemisia vulgaris,4,15,60,0,0,0,0,0,0,1,reduced,2
BC18,NW,September,H,Conyza canadensis,Erigeron canadensis,0.1,12.5,1.25,0,0,0,1,1,0,0,reduced,2
BC18,NW,September,H,Crepis capillaris,Crepis capillaris,0.3,10,3,0,0,0,1,1,0,0,reduced,2
BC18,NW,September,H,Festuca ovina,Festuca ovina,18,15.333333333333334,276,0,0,0,0,0,0,1,reduced,2
BC18,NW,September,H,Festuca rubra,Festuca rubra,6,15.333333333333334,92,0,0,0,0,0,0,1,reduced,2
BC18,NW,September,H,Geranium molle,Geranium molle,2,5.666666666666667,11.333333333333334,1,0,0,0,0,0,0,reduced,2
BC18,NW,September,H,Hypericum perforatum,Hypericum perforatum,0.01,12,0.12,0,0,0,0,0,0,1,reduced,2
BC18,NW,September,H,Hypochaeris radicata,Hypochaeris radicata,13,8.333333333333334,108.33333333333334,0,0,0,1,1,0,0,reduced,2
BC18,NW,September,H,Medicago lupulina,Medicago lupulina,0.2,12.666666666666666,2.533333333333333,0,0,0,1,1,0,0,reduced,2
BC18,NW,September,H,Melilotus albus,Melilotus albus,1,24.333333333333332,24.333333333333332,0,0,0,1,1,0,0,reduced,2
BC18,NW,September,H,Melilotus officinalis,Melilotus officinalis,0.1,10,1,0,0,0,0,0,0,1,reduced,2
BC18,NW,September,H,Plantago lanceolata,Plantago lanceolata,7,10.333333333333334,72.33333333333334,0,0,0,0,1,0,0,reduced,2
BC18,NW,September,H,Rumex acetosa,Rumex acetosa,3,7.333333333333333,22,0,0,0,0,0,0,1,reduced,2
BC18,NW,September,Juvenile,Sorbus aucuparia,Sorbus aucuparia,0.5,8.5,4.25,0,1,0,0,0,0,0,reduced,2
BC18,NW,September,H,Taraxacum,Taraxacum,1,17,17,0,0,0,0,0,0,1,reduced,2
BC18,NW,September,H,Trifolium pratensis,Trifolium pratense,30,15,450,0,0,0,1,1,0,0,reduced,2
BC18,NW,September,H,Trifolium repens,Trifolium repens,3,9,27,0,0,0,0,0,0,1,reduced,2
BC18,NW,September,H,Veronica arvensis,Veronica arvensis,0.1,1,0.1,1,0,0,0,0,0,0,reduced,2
BC18,NW,September,H,Vicia lathyroides,Vicia lathyroides,2,13.5,27,0,0,0,0,0,0,1,reduced,2
BC18,NW,September,H,Vicia sativa,Vicia sativa,3,13.666666666666666,41,0,0,0,0,0,0,1,reduced,2
BC18,SE,September,Seedling,Acer,Acer,0.01,7,0.07,1,0,0,0,0,0,0,reduced,2
BC18,SE,September,H,Bellis perennis,Bellis perennis,2,3,6,0,0,0,0,0,0,1,reduced,2
BC18,SE,September,H,Carex hirta,Carex hirta,1.5,17.666666666666668,26.5,0,0,0,0,0,0,1,reduced,2
BC18,SE,September,H,Dactylis glomerata,Dactylis glomerata,2,11.333333333333334,22.666666666666668,0,0,0,0,0,0,1,reduced,2
BC18,SE,September,H,Festuca ovina,Festuca ovina,5,15.333333333333334,76.66666666666667,0,0,0,0,0,0,1,reduced,2
BC18,SE,September,H,Festuca rubra,Festuca rubra,3,15.333333333333334,46,0,0,0,0,0,0,1,reduced,2
BC18,SE,September,H,Geranium molle,Geranium molle,0.1,5.666666666666667,0.5666666666666668,1,0,0,0,0,0,0,reduced,2
BC18,SE,September,H,Hypochaeris radicata,Hypochaeris radicata,2,8.333333333333334,16.666666666666668,0,0,0,1,1,0,0,reduced,2
BC18,SE,September,H,Lolium perenne,Lolium perenne,0.3,12,3.5999999999999996,0,0,0,0,0,0,1,reduced,2
BC18,SE,September,H,Medicago sativa,Medicago sativa,0.5,25.583333333333332,12.791666666666666,0,0,0,0,1,0,0,reduced,2
BC18,SE,September,H,Plantago lanceolata,Plantago lanceolata,5,10.333333333333334,51.66666666666667,0,0,0,0,1,0,0,reduced,2
BC18,SE,September,H,Plantago media,Plantago media,0.5,2,1,0,0,0,0,0,0,1,reduced,2
BC18,SE,September,H,Poa pratensis,Poa pratensis,0.1,16.333333333333332,1.6333333333333333,0,0,0,0,0,0,1,reduced,2
BC18,SE,September,H,Potentilla argentea,Potentilla argentea,1,8,8,0,0,0,0,1,0,0,reduced,2
BC18,SE,September,Seedling,Sorbus aucuparia,Sorbus aucuparia,0.1,8.5,0.8500000000000001,0,1,0,0,0,0,0,reduced,2
BC18,SE,September,H,Taraxacum,Taraxacum,0.5,17,8.5,0,0,0,0,0,0,1,reduced,2
BC18,SE,September,H,Trifolium dubium,Trifolium dubium,0.1,2.6666666666666665,0.26666666666666666,0,0,0,0,0,0,1,reduced,2
BC18,SE,September,H,Trifolium pratensis,Trifolium pratense,30,15,450,0,0,0,1,1,0,0,reduced,2
BC18,SE,September,H,Vicia hirsuta,Vicia hirsuta,0.01,6.666666666666667,0.06666666666666667,0,0,0,0,0,0,1,reduced,2
BC18,SE,September,H,Vicia sativa,Vicia sativa,0.5,13.666666666666666,6.833333333333333,0,0,0,0,0,0,1,reduced,2
BC19,NW,March,H,Agrostis capillaris,Agrostis capillaris,1,4,4,0,0,0,0,0,0,1,regular,0
BC19,NW,March,H,Bellis perennis,Bellis perennis,1,3.6666666666666665,3.6666666666666665,0,0,0,1,0,0,0,regular,0
BC19,NW,March,H,Cerastium holosteoides,Cerastium fontanum subsp. vulgare,0.1,2,0.2,0,0,0,0,0,0,1,regular,0
BC19,NW,March,H,Crepis capillaris,Crepis capillaris,0.5,2,1,0,0,0,0,0,0,1,regular,0
BC19,NW,March,H,Festuca arundinacea,Schedonorus arundinaceus,1,8,8,0,0,0,0,0,0,1,regular,0
BC19,NW,March,H,Festuca rubra,Festuca rubra,3,6.333333333333333,19,0,0,0,0,0,0,1,regular,0
BC19,NW,March,H,Holcus lanatus,Holcus lanatus,1,7.666666666666667,7.666666666666667,0,0,0,0,0,0,1,regular,0
BC19,NW,March,H,Hypochaeris radicata,Hypochaeris radicata,1,2,2,0,0,0,0,0,0,1,regular,0
BC19,NW,March,H,Luzula campestris,Luzula campestris,3,5.666666666666667,17,0,0,0,1,0,0,0,regular,0
BC19,NW,March,H,Plantago lanceolata,Plantago lanceolata,2,2.6666666666666665,5.333333333333333,0,0,0,0,0,0,1,regular,0
BC19,NW,March,H,Poa trivialis,Poa trivialis,0.5,4.5,2.25,0,0,0,0,0,0,1,regular,0
BC19,NW,March,H,Potentilla reptans,Potentilla reptans,0.1,2,0.2,0,0,0,0,0,0,1,regular,0
BC19,NW,March,H,Prunella vulgaris,Prunella vulgaris,0.1,3.6666666666666665,0.3666666666666667,0,0,0,0,0,0,1,regular,0
BC19,NW,March,H,Ranunculus repens,Ranunculus repens,10,3,30,0,0,0,0,0,0,1,regular,0
BC19,NW,March,H,Trifolium pratensis,Trifolium pratense,0.5,3.3333333333333335,1.6666666666666667,0,0,0,0,0,0,1,regular,0
BC19,NW,March,H,Trifolium repens,Trifolium repens,0.5,3,1.5,0,0,0,0,0,0,1,regular,0
BC19,SE,March,Seedling,Acer,Acer,0.1,4.5,0.45,1,0,0,0,0,0,0,regular,0
BC19,SE,March,H,Agrostis capillaris,Agrostis capillaris,1,4,4,0,0,0,0,0,0,1,regular,0
BC19,SE,March,H,Bellis perennis,Bellis perennis,1,3.6666666666666665,3.6666666666666665,0,0,0,1,0,0,0,regular,0
BC19,SE,March,H,Cerastium holosteoides,Cerastium fontanum subsp. vulgare,0.1,2,0.2,0,0,0,0,0,0,1,regular,0
BC19,SE,March,H,Festuca arundinacea,Schedonorus arundinaceus,2,8,16,0,0,0,0,0,0,1,regular,0
BC19,SE,March,H,Festuca rubra,Festuca rubra,2,6.333333333333333,12.666666666666666,0,0,0,0,0,0,1,regular,0
BC19,SE,March,H,Hypochaeris radicata,Hypochaeris radicata,1,2,2,0,0,0,0,0,0,1,regular,0
BC19,SE,March,H,Luzula campestris,Luzula campestris,2,5.666666666666667,11.333333333333334,0,0,0,1,0,0,0,regular,0
BC19,SE,March,H,Plantago lanceolata,Plantago lanceolata,1,2.6666666666666665,2.6666666666666665,0,0,0,0,0,0,1,regular,0
BC19,SE,March,H,Poa trivialis,Poa trivialis,0.5,4.5,2.25,0,0,0,0,0,0,1,regular,0
BC19,SE,March,H,Prunella vulgaris,Prunella vulgaris,3,3.6666666666666665,11,0,0,0,0,0,0,1,regular,0
BC19,SE,March,H,Ranunculus repens,Ranunculus repens,8,3,24,0,0,0,0,0,0,1,regular,0
BC19,SE,March,H,Trifolium pratensis,Trifolium pratense,3,3.3333333333333335,10,0,0,0,0,0,0,1,regular,0
BC19,SE,March,H,Trifolium repens,Trifolium repens,0.5,3,1.5,0,0,0,0,0,0,1,regular,0
BC19,NW,May,Seedling,Acer,Acer,0.5,8.333333333333334,4.166666666666667,1,0,0,0,0,0,0,regular,0
BC19,NW,May,H,Agrostis capillaris,Agrostis capillaris,3,11.333333333333334,34,0,0,0,0,0,0,1,regular,0
BC19,NW,May,H,Bellis perennis,Bellis perennis,5,13,65,0,0,0,1,0,0,0,regular,0
BC19,NW,May,H,Cerastium holosteoides,Cerastium fontanum subsp. vulgare,1,12,12,0,0,0,1,0,0,0,regular,0
BC19,NW,May,H,Crepis capillaris,Crepis capillaris,2,7.333333333333333,14.666666666666666,0,0,0,0,0,0,1,regular,0
BC19,NW,May,H,Equisetum arvense,Equisetum arvense,1,7.666666666666667,7.666666666666667,0,0,0,1,0,0,0,regular,0
BC19,NW,May,H,Festuca arundinacea,Schedonorus arundinaceus,0.1,25.666666666666668,2.566666666666667,0,0,0,0,0,0,1,regular,0
BC19,NW,May,H,Festuca rubra,Festuca rubra,10,37,370,0,0,0,1,0,0,0,regular,0
BC19,NW,May,H,Holcus lanatus,Holcus lanatus,7,18.333333333333332,128.33333333333331,0,0,0,0,0,0,1,regular,0
BC19,NW,May,H,Hypochaeris radicata,Hypochaeris radicata,3,8,24,0,0,0,0,0,0,1,regular,0
BC19,NW,May,H,Luzula campestris,Luzula campestris,4,16.666666666666668,66.66666666666667,0,0,0,1,1,0,0,regular,0
BC19,NW,May,H,Pilosella officinarum,Pilosella officinarum,0.5,2.6666666666666665,1.3333333333333333,0,0,0,0,0,0,1,regular,0
BC19,NW,May,H,Plantago lanceolata,Plantago lanceolata,20,14.666666666666666,293.3333333333333,0,0,0,1,0,0,0,regular,0
BC19,NW,May,H,Poa pratensis,Poa pratensis,0.5,29.666666666666668,14.833333333333334,0,0,0,1,0,0,0,regular,0
BC19,NW,May,H,Poa trivialis,Poa trivialis,8,29,232,0,0,0,1,0,0,0,regular,0
BC19,NW,May,H,Potentilla reptans,Potentilla reptans,5,8,40,0,0,0,0,0,0,1,regular,0
BC19,NW,May,H,Prunella vulgaris,Prunella vulgaris,2,4,8,0,0,0,0,0,0,1,regular,0
BC19,NW,May,H,Ranunculus repens,Ranunculus repens,30,6,180,0,0,0,1,0,0,0,regular,0
BC19,NW,May,H,Trifolium pratensis,Trifolium pratense,15,8,120,0,0,0,0,0,0,1,regular,0
BC19,NW,May,H,Trifolium repens,Trifolium repens,5,8,40,0,0,0,0,0,0,1,regular,0
BC19,SE,May,Seedling,Acer,Acer,0.5,8.333333333333334,4.166666666666667,1,0,0,0,0,0,0,regular,0
BC19,SE,May,H,Agrostis capillaris,Agrostis capillaris,5,11.333333333333334,56.66666666666667,0,0,0,0,0,0,1,regular,0
BC19,SE,May,H,Bellis perennis,Bellis perennis,4,13,52,0,0,0,1,0,0,0,regular,0
BC19,SE,May,H,Cerastium holosteoides,Cerastium fontanum subsp. vulgare,1,12,12,0,0,0,1,0,0,0,regular,0
BC19,SE,May,H,Dactylis glomerata,Dactylis glomerata,5,52.666666666666664,263.3333333333333,0,0,0,1,0,0,0,regular,0
BC19,SE,May,H,Festuca arundinacea,Schedonorus arundinaceus,10,25.666666666666668,256.6666666666667,0,0,0,0,0,0,1,regular,0
BC19,SE,May,H,Festuca rubra,Festuca rubra,15,37,555,0,0,0,1,0,0,0,regular,0
BC19,SE,May,H,Hypochaeris radicata,Hypochaeris radicata,8,8,64,0,0,0,0,0,0,1,regular,0
BC19,SE,May,H,Luzula campestris,Luzula campestris,2,16.666666666666668,33.333333333333336,0,0,0,1,1,0,0,regular,0
BC19,SE,May,H,Plantago lanceolata,Plantago lanceolata,15,14.666666666666666,220,0,0,0,1,0,0,0,regular,0
BC19,SE,May,H,Poa pratensis,Poa pratensis,1,29.666666666666668,29.666666666666668,0,0,0,1,0,0,0,regular,0
BC19,SE,May,H,Poa trivialis,Poa trivialis,3,29,87,0,0,0,1,0,0,0,regular,0
BC19,SE,May,H,Prunella vulgaris,Prunella vulgaris,8,4,32,0,0,0,0,0,0,1,regular,0
BC19,SE,May,H,Ranunculus repens,Ranunculus repens,40,6,240,0,0,0,1,0,0,0,regular,0
BC19,SE,May,H,Trifolium pratensis,Trifolium pratense,25,8,200,0,0,0,0,0,0,1,regular,0
BC19,SE,May,H,Trifolium repens,Trifolium repens,3,8,24,0,0,0,0,0,0,1,regular,0
BC19,NW,July,H,Agrostis capillaris,Agrostis capillaris,3,5.666666666666667,17,0,0,0,0,0,0,1,regular,1
BC19,NW,July,H,Bellis perennis,Bellis perennis,2,2.3333333333333335,4.666666666666667,0,0,0,1,0,0,0,regular,1
BC19,NW,July,H,Cerastium holosteoides,Cerastium fontanum subsp. vulgare,0.5,5.333333333333333,2.6666666666666665,0,0,0,1,0,0,0,regular,1
BC19,NW,July,H,Crepis capillaris,Crepis capillaris,0.1,6.5,0.65,0,0,1,0,0,0,0,regular,1
BC19,NW,July,H,Equisetum arvense,Equisetum arvense,0.5,6.333333333333333,3.1666666666666665,0,0,0,0,0,0,1,regular,1
BC19,NW,July,H,Festuca arundinacea,Schedonorus arundinaceus,0.5,14.166666666666666,7.083333333333333,0,0,0,0,0,0,1,regular,1
BC19,NW,July,H,Festuca rubra,Festuca rubra,2,9.666666666666666,19.333333333333332,0,0,0,0,0,0,1,regular,1
BC19,NW,July,H,Holcus lanatus,Holcus lanatus,2,10.666666666666666,21.333333333333332,0,0,0,0,0,0,1,regular,1
BC19,NW,July,H,Hypochaeris radicata,Hypochaeris radicata,2,4.333333333333333,8.666666666666666,0,0,0,1,0,0,0,regular,1
BC19,NW,July,H,Luzula campestris,Luzula campestris,3,4.333333333333333,13,0,0,0,0,1,0,0,regular,1
BC19,NW,July,H,Pilosella officinarum,Pilosella officinarum,0.5,5,2.5,0,0,0,0,0,0,1,regular,1
BC19,NW,July,H,Plantago lanceolata,Plantago lanceolata,25,8.333333333333334,208.33333333333334,0,0,0,1,1,0,0,regular,1
BC19,NW,July,H,Poa pratensis,Poa pratensis,0.5,8,4,0,0,0,0,0,0,1,regular,1
BC19,NW,July,H,Poa trivialis,Poa trivialis,0.1,12,1.2000000000000002,0,0,0,0,0,0,1,regular,1
BC19,NW,July,H,Potentilla reptans,Potentilla reptans,3,4.666666666666667,14,0,0,0,0,0,0,1,regular,1
BC19,NW,July,H,Prunella vulgaris,Prunella vulgaris,2,5.333333333333333,10.666666666666666,0,0,0,1,0,0,0,regular,1
BC19,NW,July,H,Ranunculus repens,Ranunculus repens,20,5.333333333333333,106.66666666666666,0,0,0,0,1,0,0,regular,1
BC19,NW,July,H,Trifolium pratensis,Trifolium pratense,15,9.333333333333334,140,0,0,0,1,0,0,0,regular,1
BC19,NW,July,H,Trifolium repens,Trifolium repens,5,4.666666666666667,23.333333333333336,0,0,0,1,1,0,0,regular,1
BC19,SE,July,H,Agrostis capillaris,Agrostis capillaris,0.5,5.666666666666667,2.8333333333333335,0,0,0,0,0,0,1,regular,1
BC19,SE,July,H,Bellis perennis,Bellis perennis,0.5,2.3333333333333335,1.1666666666666667,0,0,0,1,0,0,0,regular,1
BC19,SE,July,H,Cerastium holosteoides,Cerastium fontanum subsp. vulgare,0.1,5.333333333333333,0.5333333333333333,0,0,0,1,0,0,0,regular,1
BC19,SE,July,H,Crepis capillaris,Crepis capillaris,0.5,6.5,3.25,0,0,1,0,0,0,0,regular,1
BC19,SE,July,H,Dactylis glomerata,Dactylis glomerata,2,11,22,0,0,0,0,0,0,1,regular,1
BC19,SE,July,H,Festuca arundinacea,Schedonorus arundinaceus,5,14.166666666666666,70.83333333333333,0,0,0,0,0,0,1,regular,1
BC19,SE,July,H,Festuca rubra,Festuca rubra,3,9.666666666666666,29,0,0,0,0,0,0,1,regular,1
BC19,SE,July,H,Hypochaeris radicata,Hypochaeris radicata,3,4.333333333333333,13,0,0,0,1,0,0,0,regular,1
BC19,SE,July,H,Luzula campestris,Luzula campestris,0.2,4.333333333333333,0.8666666666666667,0,0,0,0,1,0,0,regular,1
BC19,SE,July,H,Plantago lanceolata,Plantago lanceolata,8,8.333333333333334,66.66666666666667,0,0,0,1,1,0,0,regular,1
BC19,SE,July,H,Prunella vulgaris,Prunella vulgaris,10,5.333333333333333,53.33333333333333,0,0,0,1,0,0,0,regular,1
BC19,SE,July,H,Ranunculus repens,Ranunculus repens,20,5.333333333333333,106.66666666666666,0,0,0,0,1,0,0,regular,1
BC19,SE,July,H,Trifolium pratensis,Trifolium pratense,5,9.333333333333334,46.66666666666667,0,0,0,1,0,0,0,regular,1
BC19,SE,July,H,Trifolium repens,Trifolium repens,4,4.666666666666667,18.666666666666668,0,0,0,1,1,0,0,regular,1
BC19,NW,September,H,Agrostis capillaris,Agrostis capillaris,15,8.333333333333334,125.00000000000001,0,0,0,0,0,0,1,regular,3
BC19,NW,September,H,Bellis perennis,Bellis perennis,3,3,9,0,0,0,0,0,0,1,regular,3
BC19,NW,September,H,Cerastium,Cerastium,0.01,1,0.01,1,0,0,0,0,0,0,regular,3
BC19,NW,September,H,Cerastium holosteoides,Cerastium fontanum subsp. vulgare,0.5,4.666666666666667,2.3333333333333335,0,0,0,1,0,0,0,regular,3
BC19,NW,September,H,Crepis capillaris,Crepis capillaris,0.1,3.5,0.35000000000000003,1,0,0,0,0,0,0,regular,3
BC19,NW,September,H,Festuca arundinacea,Schedonorus arundinaceus,0.5,10.333333333333334,5.166666666666667,0,0,0,0,0,0,1,regular,3
BC19,NW,September,H,Festuca rubra,Festuca rubra,5,9.666666666666666,48.33333333333333,0,0,0,0,0,0,1,regular,3
BC19,NW,September,H,Holcus lanatus,Holcus lanatus,3,11.666666666666666,35,0,0,0,0,0,0,1,regular,3
BC19,NW,September,H,Hypochaeris radicata,Hypochaeris radicata,3,5.333333333333333,16,0,0,0,1,0,0,0,regular,3
BC19,NW,September,H,Luzula campestris,Luzula campestris,5,7.666666666666667,38.333333333333336,0,0,0,0,0,0,1,regular,3
BC19,NW,September,H,Pilosella officinarum,Pilosella officinarum,1,2.6666666666666665,2.6666666666666665,0,0,0,0,0,0,1,regular,3
BC19,NW,September,H,Plantago lanceolata,Plantago lanceolata,20,5.666666666666667,113.33333333333334,0,0,0,0,0,0,1,regular,3
BC19,NW,September,H,Poa pratensis,Poa pratensis,0.5,6.333333333333333,3.1666666666666665,0,0,0,0,0,0,1,regular,3
BC19,NW,September,H,Potentilla reptans,Potentilla reptans,2,5.666666666666667,11.333333333333334,0,0,0,0,0,0,1,regular,3
BC19,NW,September,H,Prunella vulgaris,Prunella vulgaris,3,5.333333333333333,16,0,0,0,1,1,0,0,regular,3
BC19,NW,September,H,Ranunculus repens,Ranunculus repens,15,6.333333333333333,95,0,0,0,0,0,0,1,regular,3
BC19,NW,September,H,Trifolium pratensis,Trifolium pratense,3,6,18,0,0,0,1,0,0,0,regular,3
BC19,NW,September,H,Trifolium repens,Trifolium repens,10,5,50,0,0,0,0,0,0,1,regular,3
BC19,SE,September,H,Agrostis capillaris,Agrostis capillaris,2,8.333333333333334,16.666666666666668,0,0,0,0,0,0,1,regular,3
BC19,SE,September,H,Bellis perennis,Bellis perennis,1,3,3,0,0,0,0,0,0,1,regular,3
BC19,SE,September,H,Cerastium holosteoides,Cerastium fontanum subsp. vulgare,0.1,4.666666666666667,0.46666666666666673,0,0,0,1,0,0,0,regular,3
BC19,SE,September,H,Crepis capillaris,Crepis capillaris,0.1,3.5,0.35000000000000003,1,0,0,0,0,0,0,regular,3
BC19,SE,September,H,Dactylis glomerata,Dactylis glomerata,4,11.333333333333334,45.333333333333336,0,0,0,0,0,0,1,regular,3
BC19,SE,September,H,Festuca arundinacea,Schedonorus arundinaceus,2,10.333333333333334,20.666666666666668,0,0,0,0,0,0,1,regular,3
BC19,SE,September,H,Festuca rubra,Festuca rubra,8,9.666666666666666,77.33333333333333,0,0,0,0,0,0,1,regular,3
BC19,SE,September,H,Hypochaeris radicata,Hypochaeris radicata,5,5.333333333333333,26.666666666666664,0,0,0,1,0,0,0,regular,3
BC19,SE,September,H,Luzula campestris,Luzula campestris,2,7.666666666666667,15.333333333333334,0,0,0,0,0,0,1,regular,3
BC19,SE,September,H,Plantago lanceolata,Plantago lanceolata,10,5.666666666666667,56.66666666666667,0,0,0,0,0,0,1,regular,3
BC19,SE,September,H,Prunella vulgaris,Prunella vulgaris,12,5.333333333333333,64,0,0,0,1,1,0,0,regular,3
BC19,SE,September,H,Ranunculus repens,Ranunculus repens,15,6.333333333333333,95,0,0,0,0,0,0,1,regular,3
BC19,SE,September,H,Trifolium pratensis,Trifolium pratense,10,6,60,0,0,0,1,0,0,0,regular,3
BC19,SE,September,H,Trifolium repens,Trifolium repens,3,5,15,0,0,0,0,0,0,1,regular,3
BC20,NW,March,Seedling,Acer,Acer,0.1,6,0.6000000000000001,1,0,0,0,0,0,0,regular,0
BC20,NW,March,H,Achillea millefolium,Achillea millefolium (aggr.),4,2.6666666666666665,10.666666666666666,0,0,0,0,0,0,1,regular,0
BC20,NW,March,H,Agrostis capillaris,Agrostis capillaris,3,4.666666666666667,14,0,0,0,0,0,0,1,regular,0
BC20,NW,March,H,Arenaria serpyllifolia,Arenaria serpyllifolia,0.1,1,0.1,0,0,0,0,0,0,1,regular,0
BC20,NW,March,H,Bellis perennis,Bellis perennis,1,1.6666666666666667,1.6666666666666667,0,0,0,1,0,0,0,regular,0
BC20,NW,March,H,Bromus sterilis,Anisantha sterilis,2,5.333333333333333,10.666666666666666,0,0,0,0,0,0,1,regular,0
BC20,NW,March,H,Cardamine hirsuta,Cardamine hirsuta,0.1,1,0.1,0,0,0,1,0,0,0,regular,0
BC20,NW,March,H,Cerastium holosteoides,Cerastium fontanum subsp. vulgare,0.5,2.6666666666666665,1.3333333333333333,1,0,0,0,0,0,0,regular,0
BC20,NW,March,H,Cerastium semidecandrum,Cerastium semidecandrum,0.5,1,0.5,0,0,0,1,0,0,0,regular,0
BC20,NW,March,H,Corydalis solida,Corydalis solida,0.5,4,2,0,0,0,1,0,0,0,regular,0
BC20,NW,March,H,Crepis capillaris,Crepis capillaris,1,1,1,0,0,0,0,0,0,1,regular,0
BC20,NW,March,H,Dactylis glomerata,Dactylis glomerata,1,7.333333333333333,7.333333333333333,0,0,0,0,0,0,1,regular,0
BC20,NW,March,H,Festuca rubra,Festuca rubra,15,7,105,0,0,0,0,0,0,1,regular,0
BC20,NW,March,H,Hypochaeris radicata,Hypochaeris radicata,2,1.6666666666666667,3.3333333333333335,0,0,0,0,0,0,1,regular,0
BC20,NW,March,H,Lolium perenne,Lolium perenne,3,7.666666666666667,23,0,0,0,0,0,0,1,regular,0
BC20,NW,March,H,Luzula campestris,Luzula campestris,8,7.666666666666667,61.333333333333336,0,0,0,1,0,0,0,regular,0
BC20,NW,March,H,Myosotis,Myosotis,0.1,2,0.2,0,0,0,0,0,0,1,regular,0
BC20,NW,March,H,Plantago lanceolata,Plantago lanceolata,2,1.6666666666666667,3.3333333333333335,0,0,0,0,0,0,1,regular,0
BC20,NW,March,H,Poa pratensis,Poa pratensis,2,4.433333333333334,8.866666666666667,0,0,0,0,0,0,1,regular,0
BC20,NW,March,H,Rumex acetosa,Rumex acetosa,0.5,2.3333333333333335,1.1666666666666667,0,0,0,0,0,0,1,regular,0
BC20,NW,March,H,Rumex acetosella,Rumex acetosella,2,1,2,0,0,0,0,0,0,1,regular,0
BC20,NW,March,H,Scilla siberica,Othocallis siberica,2,8,16,0,0,0,1,0,0,0,regular,0
BC20,NW,March,H,Trifolium dubium,Trifolium dubium,1,1,1,0,0,0,0,0,0,1,regular,0
BC20,NW,March,H,Veronica arvensis,Veronica arvensis,0.5,1,0.5,1,0,0,0,0,0,0,regular,0
BC20,NW,March,H,Vicia hirsuta,Vicia hirsuta,5,5,25,0,0,0,0,0,0,1,regular,0
BC20,NW,March,H,Vicia lathyroides,Vicia lathyroides,5,2.3333333333333335,11.666666666666668,0,0,0,0,0,0,1,regular,0
BC20,SE,March,Seedling,Abies concolor,Abies concolor,0.1,4,0.4,1,0,0,0,0,0,0,regular,0
BC20,SE,March,Seedling,Acer,Acer,0.5,6,3,1,0,0,0,0,0,0,regular,0
BC20,SE,March,H,Agrostis capillaris,Agrostis capillaris,7,4.666666666666667,32.66666666666667,0,0,0,0,0,0,1,regular,0
BC20,SE,March,H,Arenaria serpyllifolia,Arenaria serpyllifolia,0.1,1,0.1,0,0,0,0,0,0,1,regular,0
BC20,SE,March,H,Cardamine hirsuta,Cardamine hirsuta,0.1,1,0.1,0,0,0,1,0,0,0,regular,0
BC20,SE,March,H,Cerastium holosteoides,Cerastium fontanum subsp. vulgare,1,2.6666666666666665,2.6666666666666665,1,0,0,0,0,0,0,regular,0
BC20,SE,March,H,Cerastium semidecandrum,Cerastium semidecandrum,0.5,1,0.5,0,0,0,1,0,0,0,regular,0
BC20,SE,March,H,Corydalis solida,Corydalis solida,0.01,4,0.04,0,0,0,1,0,0,0,regular,0
BC20,SE,March,H,Crepis capillaris,Crepis capillaris,0.5,1,0.5,0,0,0,0,0,0,1,regular,0
BC20,SE,March,H,Festuca rubra,Festuca rubra,20,7,140,0,0,0,0,0,0,1,regular,0
BC20,SE,March,H,Hypochaeris radicata,Hypochaeris radicata,3,1.6666666666666667,5,0,0,0,0,0,0,1,regular,0
BC20,SE,March,H,Lolium perenne,Lolium perenne,3,7.666666666666667,23,0,0,0,0,0,0,1,regular,0
BC20,SE,March,H,Luzula campestris,Luzula campestris,25,7.666666666666667,191.66666666666669,0,0,0,1,0,0,0,regular,0
BC20,SE,March,H,Pilosella officinarum,Pilosella officinarum,5,1.3333333333333333,6.666666666666666,0,0,0,0,0,0,1,regular,0
BC20,SE,March,H,Plantago lanceolata,Plantago lanceolata,7,1.6666666666666667,11.666666666666668,0,0,0,0,0,0,1,regular,0
BC20,SE,March,H,Rumex acetosa,Rumex acetosa,0.1,2.3333333333333335,0.23333333333333336,0,0,0,0,0,0,1,regular,0
BC20,SE,March,H,Rumex acetosella,Rumex acetosella,0.5,1,0.5,0,0,0,0,0,0,1,regular,0
BC20,SE,March,H,Scilla siberica,Othocallis siberica,0.5,8,4,0,0,0,1,0,0,0,regular,0
BC20,SE,March,H,Taraxacum,Taraxacum,0.5,2,1,0,0,0,0,0,0,1,regular,0
BC20,SE,March,H,Trifolium dubium,Trifolium dubium,1,1,1,0,0,0,0,0,0,1,regular,0
BC20,SE,March,H,Trifolium pratensis,Trifolium pratense,15,3.3333333333333335,50,0,0,0,0,0,0,1,regular,0
BC20,SE,March,H,Veronica chamaedrys,Veronica chamaedrys,3,2.3333333333333335,7,0,0,0,0,0,0,1,regular,0
BC20,SE,March,H,Vicia hirsuta,Vicia hirsuta,1,5,5,0,0,0,0,0,0,1,regular,0
BC20,SE,March,H,Vicia lathyroides,Vicia lathyroides,2,2.3333333333333335,4.666666666666667,0,0,0,0,0,0,1,regular,0
BC20,NW,May,Seedling,Acer,Acer,0.1,8.5,0.8500000000000001,1,0,0,0,0,0,0,regular,0
BC20,NW,May,H,Achillea millefolium,Achillea millefolium (aggr.),15,7,105,0,0,0,0,0,0,1,regular,0
BC20,NW,May,H,Agrostis capillaris,Agrostis capillaris,3,13.333333333333334,40,0,0,0,0,0,0,1,regular,0
BC20,NW,May,H,Arenaria serpyllifolia,Arenaria serpyllifolia,0.01,2.6666666666666665,0.026666666666666665,0,0,0,0,1,0,0,regular,0
BC20,NW,May,H,Bellis perennis,Bellis perennis,0.5,4.333333333333333,2.1666666666666665,0,0,0,1,1,0,0,regular,0
BC20,NW,May,H,Bromus mollis,Bromus hordeaceus,0.1,26,2.6,0,0,0,0,1,0,0,regular,0
BC20,NW,May,H,Bromus sterilis,Anisantha sterilis,0.5,19.666666666666668,9.833333333333334,0,0,0,1,0,0,0,regular,0
BC20,NW,May,H,Cerastium holosteoides,Cerastium fontanum subsp. vulgare,0.1,2.3333333333333335,0.23333333333333336,0,0,0,0,0,0,1,regular,0
BC20,NW,May,H,Cerastium semidecandrum,Cerastium semidecandrum,0.01,5.666666666666667,0.05666666666666667,0,0,0,0,1,0,0,regular,0
BC20,NW,May,H,Crepis capillaris,Crepis capillaris,0.2,2,0.4,0,0,0,0,0,0,1,regular,0
BC20,NW,May,H,Dactylis glomerata,Dactylis glomerata,0.5,35.333333333333336,17.666666666666668,0,0,0,0,1,0,0,regular,0
BC20,NW,May,H,Festuca rubra,Festuca rubra,18,27.666666666666668,498,0,0,0,1,1,0,0,regular,0
BC20,NW,May,H,Hypochaeris radicata,Hypochaeris radicata,5,7.333333333333333,36.666666666666664,0,0,1,0,0,0,0,regular,0
BC20,NW,May,H,Lolium perenne,Lolium perenne,1,20.333333333333332,20.333333333333332,0,0,0,1,0,0,0,regular,0
BC20,NW,May,H,Luzula campestris,Luzula campestris,2,12,24,0,0,0,0,1,0,0,regular,0
BC20,NW,May,H,Medicago lupulina,Medicago lupulina,0.5,7,3.5,0,0,0,0,0,0,1,regular,0
BC20,NW,May,H,Myosotis,Myosotis,0.1,3,0.30000000000000004,0,0,0,0,1,0,0,regular,0
BC20,NW,May,H,Plantago lanceolata,Plantago lanceolata,3,14.666666666666666,44,0,0,0,1,0,0,0,regular,0
BC20,NW,May,H,Poa pratensis,Poa pratensis,0.1,19,1.9000000000000001,0,0,0,1,0,0,0,regular,0
BC20,NW,May,H,Rumex acetosa,Rumex acetosa,0.5,8.666666666666666,4.333333333333333,0,0,0,0,0,0,1,regular,0
BC20,NW,May,H,Rumex acetosella,Rumex acetosella,3,26.666666666666668,80,0,0,0,1,0,0,0,regular,0
BC20,NW,May,H,Taraxacum,Taraxacum,0.1,3,0.30000000000000004,0,0,0,0,0,0,1,regular,0
BC20,NW,May,H,Trifolium dubium,Trifolium dubium,3,9.666666666666666,29,0,0,0,1,0,0,0,regular,0
BC20,NW,May,H,Trifolium pratensis,Trifolium pratense,0.2,7.666666666666667,1.5333333333333334,0,0,0,1,0,0,0,regular,0
BC20,NW,May,H,Veronica arvensis,Veronica arvensis,0.5,4,2,0,0,0,0,1,0,0,regular,0
BC20,NW,May,H,Vicia hirsuta,Vicia hirsuta,20,28.666666666666668,573.3333333333334,0,0,0,1,1,0,0,regular,0
BC20,NW,May,H,Vicia lathyroides,Vicia lathyroides,1,9,9,0,0,0,0,1,0,0,regular,0
BC20,SE,May,Seedling,Abies concolor,Abies concolor,0.01,1,0.01,1,0,0,0,0,0,0,regular,0
BC20,SE,May,Seedling,Acer,Acer,0.5,8.5,4.25,1,0,0,0,0,0,0,regular,0
BC20,SE,May,H,Agrostis capillaris,Agrostis capillaris,10,13.333333333333334,133.33333333333334,0,0,0,0,0,0,1,regular,0
BC20,SE,May,H,Arenaria serpyllifolia,Arenaria serpyllifolia,0.5,2.6666666666666665,1.3333333333333333,0,0,0,0,1,0,0,regular,0
BC20,SE,May,H,Campanula rapunculoides,Campanula rapunculoides,0.5,14.333333333333334,7.166666666666667,0,0,0,0,0,0,1,regular,0
BC20,SE,May,H,Carex caryophyllea,Carex caryophyllea,0.5,4.5,2.25,0,0,0,1,0,0,0,regular,0
BC20,SE,May,H,Cerastium holosteoides,Cerastium fontanum subsp. vulgare,3,2.3333333333333335,7,0,0,0,0,0,0,1,regular,0
BC20,SE,May,H,Cerastium semidecandrum,Cerastium semidecandrum,0.1,5.666666666666667,0.5666666666666668,0,0,0,0,1,0,0,regular,0
BC20,SE,May,H,Crepis capillaris,Crepis capillaris,0.01,2,0.02,0,0,0,0,0,0,1,regular,0
BC20,SE,May,H,Festuca rubra,Festuca rubra,15,27.666666666666668,415,0,0,0,1,1,0,0,regular,0
BC20,SE,May,H,Hypochaeris radicata,Hypochaeris radicata,4,7.333333333333333,29.333333333333332,0,0,1,0,0,0,0,regular,0
BC20,SE,May,H,Lolium perenne,Lolium perenne,0.5,20.333333333333332,10.166666666666666,0,0,0,1,0,0,0,regular,0
BC20,SE,May,H,Luzula campestris,Luzula campestris,8,12,96,0,0,0,0,1,0,0,regular,0
BC20,SE,May,H,Pilosella officinarum,Pilosella officinarum,5,3,15,0,0,0,1,0,0,0,regular,0
BC20,SE,May,H,Plantago lanceolata,Plantago lanceolata,10,14.666666666666666,146.66666666666666,0,0,0,1,0,0,0,regular,0
BC20,SE,May,H,Poa pratensis,Poa pratensis,0.5,19,9.5,0,0,0,1,0,0,0,regular,0
BC20,SE,May,H,Rumex acetosa,Rumex acetosa,2,8.666666666666666,17.333333333333332,0,0,0,0,0,0,1,regular,0
BC20,SE,May,H,Rumex acetosella,Rumex acetosella,1,26.666666666666668,26.666666666666668,0,0,0,1,0,0,0,regular,0
BC20,SE,May,H,Trifolium dubium,Trifolium dubium,1,9.666666666666666,9.666666666666666,0,0,0,1,0,0,0,regular,0
BC20,SE,May,H,Trifolium pratensis,Trifolium pratense,20,7.666666666666667,153.33333333333334,0,0,0,1,0,0,0,regular,0
BC20,SE,May,H,Veronica arvensis,Veronica arvensis,0.01,4,0.04,0,0,0,0,1,0,0,regular,0
BC20,SE,May,H,Veronica chamaedrys,Veronica chamaedrys,4,7.666666666666667,30.666666666666668,0,0,0,1,0,0,0,regular,0
BC20,SE,May,H,Vicia hirsuta,Vicia hirsuta,3,28.666666666666668,86,0,0,0,1,1,0,0,regular,0
BC20,SE,May,H,Vicia lathyroides,Vicia lathyroides,1,9,9,0,0,0,0,1,0,0,regular,0
BC20,NW,July,Seedling,Acer,Acer,0.01,3,0.03,1,0,0,0,0,0,0,regular,1
BC20,NW,July,H,Achillea millefolium,Achillea millefolium (aggr.),8,5.666666666666667,45.333333333333336,0,0,0,0,0,0,1,regular,1
BC20,NW,July,H,Agrostis capillaris,Agrostis capillaris,5,8,40,0,0,0,1,1,0,0,regular,1
BC20,NW,July,H,Arenaria serpyllifolia,Arenaria serpyllifolia,0.01,3.3333333333333335,0.03333333333333333,0,0,0,1,0,0,0,regular,1
BC20,NW,July,H,Bellis perennis,Bellis perennis,0.1,2.3333333333333335,0.23333333333333336,0,0,0,0,0,0,1,regular,1
BC20,NW,July,H,Crepis capillaris,Crepis capillaris,0.01,7.333333333333333,0.07333333333333333,0,0,0,1,0,0,0,regular,1
BC20,NW,July,H,Dactylis glomerata,Dactylis glomerata,1.5,17,25.5,0,0,0,0,0,0,1,regular,1
BC20,NW,July,H,Festuca ovina,Festuca ovina,1,12.666666666666666,12.666666666666666,0,0,0,0,0,0,1,regular,1
BC20,NW,July,H,Festuca rubra,Festuca rubra,7,7.666666666666667,53.66666666666667,0,0,0,0,0,0,1,regular,1
BC20,NW,July,H,Hypochaeris radicata,Hypochaeris radicata,2,5.333333333333333,10.666666666666666,0,0,0,0,0,0,1,regular,1
BC20,NW,July,H,Lolium perenne,Lolium perenne,0.5,6.666666666666667,3.3333333333333335,0,0,0,0,0,0,1,regular,1
BC20,NW,July,H,Luzula campestris,Luzula campestris,3,4,12,0,0,0,0,0,0,1,regular,1
BC20,NW,July,H,Plantago lanceolata,Plantago lanceolata,5,12.333333333333334,61.66666666666667,0,0,0,1,1,0,0,regular,1
BC20,NW,July,H,Poa pratensis,Poa pratensis,2,12.333333333333334,24.666666666666668,0,0,0,0,0,0,1,regular,1
BC20,NW,July,H,Rumex acetosa,Rumex acetosa,0.5,7,3.5,0,0,0,0,0,0,1,regular,1
BC20,NW,July,H,Rumex acetosella,Rumex acetosella,0.3,4.333333333333333,1.2999999999999998,0,0,0,1,0,0,0,regular,1
BC20,NW,July,H,Taraxacum,Taraxacum,0.1,3.5,0.35000000000000003,0,0,0,0,0,0,1,regular,1
BC20,NW,July,H,Trifolium dubium,Trifolium dubium,0.01,1,0.01,1,0,0,0,0,0,0,regular,1
BC20,NW,July,H,Trifolium pratensis,Trifolium pratense,0.1,8,0.8,0,0,0,1,0,0,0,regular,1
BC20,NW,July,H,Vicia hirsuta,Vicia hirsuta,0.5,5,2.5,0,0,0,0,0,0,1,regular,1
BC20,SE,July,H,Agrostis capillaris,Agrostis capillaris,5,8,40,0,0,0,1,1,0,0,regular,1
BC20,SE,July,H,Arenaria serpyllifolia,Arenaria serpyllifolia,0.2,3.3333333333333335,0.6666666666666667,0,0,0,1,0,0,0,regular,1
BC20,SE,July,H,Carex caryophyllea,Carex caryophyllea,0.2,5.333333333333333,1.0666666666666667,0,0,0,0,0,0,1,regular,1
BC20,SE,July,H,Cerastium holosteoides,Cerastium fontanum subsp. vulgare,0.1,3.3333333333333335,0.33333333333333337,0,0,0,0,1,0,0,regular,1
BC20,SE,July,H,Festuca rubra,Festuca rubra,5,7.666666666666667,38.333333333333336,0,0,0,0,0,0,1,regular,1
BC20,SE,July,H,Hypochaeris radicata,Hypochaeris radicata,5,5.333333333333333,26.666666666666664,0,0,0,0,0,0,1,regular,1
BC20,SE,July,H,Lolium perenne,Lolium perenne,0.2,6.666666666666667,1.3333333333333335,0,0,0,0,0,0,1,regular,1
BC20,SE,July,H,Luzula campestris,Luzula campestris,6,4,24,0,0,0,0,0,0,1,regular,1
BC20,SE,July,H,Pilosella officinarum,Pilosella officinarum,10,3.3333333333333335,33.333333333333336,0,0,1,0,0,0,0,regular,1
BC20,SE,July,H,Plantago lanceolata,Plantago lanceolata,8,12.333333333333334,98.66666666666667,0,0,0,1,1,0,0,regular,1
BC20,SE,July,H,Poa pratensis,Poa pratensis,2,12.333333333333334,24.666666666666668,0,0,0,0,0,0,1,regular,1
BC20,SE,July,H,Rumex acetosa,Rumex acetosa,2,7,14,0,0,0,0,0,0,1,regular,1
BC20,SE,July,H,Rumex acetosella,Rumex acetosella,0.5,4.333333333333333,2.1666666666666665,0,0,0,1,0,0,0,regular,1
BC20,SE,July,H,Taraxacum,Taraxacum,0.5,3.5,1.75,0,0,0,0,0,0,1,regular,1
BC20,SE,July,H,Trifolium dubium,Trifolium dubium,0.01,1,0.01,1,0,0,0,0,0,0,regular,1
BC20,SE,July,H,Trifolium pratensis,Trifolium pratense,20,8,160,0,0,0,1,0,0,0,regular,1
BC20,SE,July,H,Veronica chamaedrys,Veronica chamaedrys,5,6.333333333333333,31.666666666666664,0,0,0,0,0,0,1,regular,1
BC20,SE,July,H,Vicia hirsuta,Vicia hirsuta,0.01,5,0.05,0,0,0,0,0,0,1,regular,1
BC20,NW,September,H,Achillea millefolium,Achillea millefolium (aggr.),20,5.333333333333333,106.66666666666666,0,0,0,0,0,0,1,regular,3
BC20,NW,September,H,Agrostis capillaris,Agrostis capillaris,15,10.666666666666666,160,0,0,0,0,0,0,1,regular,3
BC20,NW,September,H,Arenaria serpyllifolia,Arenaria serpyllifolia,0.5,3,1.5,0,0,0,0,0,0,1,regular,3
BC20,NW,September,H,Bellis perennis,Bellis perennis,1,2.3333333333333335,2.3333333333333335,0,0,0,0,0,0,1,regular,3
BC20,NW,September,H,Bromus mollis,Bromus hordeaceus,0.2,7,1.4000000000000001,1,0,0,0,0,0,0,regular,3
BC20,NW,September,H,Crepis capillaris,Crepis capillaris,0.1,3,0.30000000000000004,0,0,0,0,1,0,0,regular,3
BC20,NW,September,H,Dactylis glomerata,Dactylis glomerata,0.5,6.666666666666667,3.3333333333333335,0,0,0,0,0,0,1,regular,3
BC20,NW,September,H,Festuca ovina,Festuca ovina,0.5,7,3.5,0,0,0,0,0,0,1,regular,3
BC20,NW,September,H,Festuca rubra,Festuca rubra,13,8,104,0,0,0,0,0,0,1,regular,3
BC20,NW,September,H,Hypochaeris radicata,Hypochaeris radicata,3,5,15,0,0,0,1,0,0,0,regular,3
BC20,NW,September,H,Lolium perenne,Lolium perenne,0.5,7.333333333333333,3.6666666666666665,0,0,0,0,0,0,1,regular,3
BC20,NW,September,H,Luzula campestris,Luzula campestris,6,6,36,0,0,0,0,0,0,1,regular,3
BC20,NW,September,H,Plantago lanceolata,Plantago lanceolata,10,5.666666666666667,56.66666666666667,0,0,0,0,1,0,0,regular,3
BC20,NW,September,H,Poa pratensis,Poa pratensis,0.1,8,0.8,0,0,0,0,0,0,1,regular,3
BC20,NW,September,H,Rumex acetosa,Rumex acetosa,1,4,4,0,0,0,0,0,0,1,regular,3
BC20,NW,September,H,Rumex acetosella,Rumex acetosella,2,4.333333333333333,8.666666666666666,0,0,0,0,0,0,1,regular,3
BC20,NW,September,H,Taraxacum,Taraxacum,1,3.3333333333333335,3.3333333333333335,0,0,0,0,0,0,1,regular,3
BC20,NW,September,H,Trifolium dubium,Trifolium dubium,2,2,4,0,0,0,0,0,0,1,regular,3
BC20,NW,September,H,Trifolium pratensis,Trifolium pratense,0.3,5.666666666666667,1.7,0,0,0,1,0,0,0,regular,3
BC20,NW,September,H,Veronica sublobata,Veronica sublobata,0.01,1,0.01,1,0,0,0,0,0,0,regular,3
BC20,NW,September,H,Vicia hirsuta,Vicia hirsuta,0.5,13.4,6.7,0,0,0,0,0,0,1,regular,3
BC20,NW,September,H,Vicia lathyroides,Vicia lathyroides,2,5.333333333333333,10.666666666666666,0,0,0,0,0,0,1,regular,3
BC20,SE,September,H,Agrostis capillaris,Agrostis capillaris,5,10.666666666666666,53.33333333333333,0,0,0,0,0,0,1,regular,3
BC20,SE,September,H,Arenaria serpyllifolia,Arenaria serpyllifolia,2,3,6,0,0,0,0,0,0,1,regular,3
BC20,SE,September,H,Bellis perennis,Bellis perennis,0.1,2.3333333333333335,0.23333333333333336,0,0,0,0,0,0,1,regular,3
BC20,SE,September,H,Campanula rapunculoides,Campanula rapunculoides,0.5,4.333333333333333,2.1666666666666665,0,0,0,0,0,0,1,regular,3
BC20,SE,September,H,Carex caryophyllea,Carex caryophyllea,1,5.333333333333333,5.333333333333333,0,0,0,0,0,0,1,regular,3
BC20,SE,September,H,Cerastium,Cerastium,0.1,3.3333333333333335,0.33333333333333337,0,0,0,0,0,0,1,regular,3
BC20,SE,September,H,Crepis capillaris,Crepis capillaris,0.1,3,0.30000000000000004,0,0,0,0,1,0,0,regular,3
BC20,SE,September,H,Festuca rubra,Festuca rubra,15,8,120,0,0,0,0,0,0,1,regular,3
BC20,SE,September,H,Hypochaeris radicata,Hypochaeris radicata,4,5,20,0,0,0,1,0,0,0,regular,3
BC20,SE,September,H,Lolium perenne,Lolium perenne,1,7.333333333333333,7.333333333333333,0,0,0,0,0,0,1,regular,3
BC20,SE,September,H,Luzula campestris,Luzula campestris,30,6,180,0,0,0,0,0,0,1,regular,3
BC20,SE,September,H,Pilosella officinarum,Pilosella officinarum,13,3.6666666666666665,47.666666666666664,0,0,0,0,0,0,1,regular,3
BC20,SE,September,H,Plantago lanceolata,Plantago lanceolata,7,5.666666666666667,39.66666666666667,0,0,0,0,1,0,0,regular,3
BC20,SE,September,H,Poa pratensis,Poa pratensis,0.5,8,4,0,0,0,0,0,0,1,regular,3
BC20,SE,September,H,Rumex acetosa,Rumex acetosa,2,4,8,0,0,0,0,0,0,1,regular,3
BC20,SE,September,H,Rumex acetosella,Rumex acetosella,1,4.333333333333333,4.333333333333333,0,0,0,0,0,0,1,regular,3
BC20,SE,September,H,Taraxacum,Taraxacum,0.1,3.3333333333333335,0.33333333333333337,0,0,0,0,0,0,1,regular,3
BC20,SE,September,H,Trifolium dubium,Trifolium dubium,3,2,6,0,0,0,0,0,0,1,regular,3
BC20,SE,September,H,Trifolium pratensis,Trifolium pratense,18,5.666666666666667,102,0,0,0,1,0,0,0,regular,3
BC20,SE,September,H,Veronica chamaedrys,Veronica chamaedrys,5,6,30,0,0,0,0,0,0,1,regular,3
BC20,SE,September,H,Veronica sublobata,Veronica sublobata,0.1,1,0.1,1,0,0,0,0,0,0,regular,3
BC20,SE,September,H,Vicia lathyroides,Vicia lathyroides,0.5,5.333333333333333,2.6666666666666665,0,0,0,0,0,0,1,regular,3
