Predictors,Df,ChiSquare,F,Pr(>F),Model_R2,CCA1.Prop.Explained,CCA2.Prop.Explained
Model,6,0.28290170318209645,15.68453668513221,0.001,0.3518630578043953,0.2975668572259079,0.07581996643885096
MowFreq,2,0.0410577194184551,6.8289228998962574,0.001,NA,NA,NA
Month,3,0.2136632338486384,23.69168366162762,0.001,NA,NA,NA
n_mow_events_befre_sampling,1,0.02818074991500291,9.374323326117858,0.002,NA,NA,NA
Residual,153,0.4599430366331316,NA,NA,NA,NA,NA
