Predictors,Df,ChiSquare,F,Pr(>F),Model_R2,CCA1.Prop.Explained,CCA2.Prop.Explained
Model,6,0.282901703,15.68453669,0.001,0.351863058,0.297566857,0.075819966
MowFreq,2,0.041057719,6.8289229,0.001,NA,NA,NA
Month,3,0.213663234,23.69168366,0.001,NA,NA,NA
n_mow_events_befre_sampling,1,0.02818075,9.374323326,0.002,NA,NA,NA
Residual,153,0.459943037,NA,NA,NA,NA,NA
