Predictors,Df,ChiSquare,F,Pr(>F),Model_R2,CCA1.Prop.Explained,CCA2.Prop.Explained
Model,6,0.28290170318209645,15.68453668513221,0.001,0.06400767274307884,0.037965998112259355,0.03358360783821411
MowFreq,2,0.583872771282453,5.689639822132181,0.003,NA,NA,NA
Month,3,0.1846405646159568,1.199505966471032,0.001,NA,NA,NA
n_mow_events_befre_sampling,1,0.14316946001455877,2.7902745292362123,0.151,NA,NA,NA
Residual,153,7.850455986574043,NA,NA,NA,NA,NA
